shoot_elbow_angle,shoot_wrist_angle,shoot_shoulder_angle,guide_elbow_angle,guide_wrist_angle,guide_shoulder_angle,hip_height,torso_lean,nose_x_offset,nose_y_offset,shoot_knee_angle,shoot_thigh_angle,guide_knee_angle,guide_thigh_angle,finger_spread,index_extension,video,pct_of_shot
103.64529234371834,155.23858581612032,17.80863435789297,108.5061020362491,165.56909962233976,11.288315383543598,-0.08065691203933827,27.109420865005024,0.3006496297950278,0.32636015528848855,78.48611204945578,59.82450589468402,77.7449260091653,69.41262841147253,,,zaidvideos-1,0
103.4315721853305,155.51770676254407,17.963599376547407,108.50709419008643,165.5013548744399,11.252577423347145,-0.08948373103598958,27.149549608918136,0.3008806838144117,0.32901512057216203,78.62881888736347,59.763610300409034,77.67034539398243,69.57410626611018,,,zaidvideos-1,1
103.21785202694265,155.79682770896778,18.11856439520184,108.50808634392375,165.43361012654003,11.216839463150691,-0.09831055003264091,27.189678352831248,0.3011117378337955,0.3316700858558355,78.77152572527115,59.70271470613405,77.59576477879955,69.73558412074783,,,zaidvideos-1,2
103.00413186855481,156.07594865539153,18.273529413856277,108.50907849776108,165.36586537864017,11.181101502954238,-0.10713736902929225,27.22980709674436,0.3013427918531794,0.33432505113950906,78.91423256317883,59.641819111859064,77.52118416361668,69.89706197538548,,,zaidvideos-1,3
102.73333962666064,156.41773116935263,18.391385200594357,108.26994335115461,165.76670623212937,11.161243478243392,-0.11536573298844886,27.246845642226333,0.3015131031281956,0.33637584922431235,78.9902887743258,59.570731527702364,77.45385949501777,70.04146213146555,,,zaidvideos-1,4
102.42226120817378,156.80374537804602,18.483046235391477,107.86130658070549,166.4983133924814,11.152594819757681,-0.12317165809760922,27.24758522410986,0.30164053717189343,0.33800017634520724,79.01929748422992,59.49244959774681,77.39165667106634,70.17380744150499,,,zaidvideos-1,5
102.11118278968692,157.1897595867394,18.574707270188597,107.45266981025635,167.22992055283348,11.14394616127197,-0.13097758320676958,27.248324805993384,0.3017679712155913,0.3396245034661022,79.04830619413404,59.41416766779126,77.32945384711492,70.30615275154442,,,zaidvideos-1,6
101.81228271377526,157.53387321620372,18.69905413473133,107.08582888173159,167.79658705998608,11.18751660530088,-0.13995652701572595,27.248890791826845,0.3018018796084553,0.34140129553048354,79.10298916312966,59.301435933797386,77.30500723207824,70.40909832310903,,,zaidvideos-1,7
101.57183868222451,157.67686406536853,18.98029298205298,106.91960799444375,167.57153843178136,11.481738741399981,-0.15456596058370303,27.24862351661999,0.30138686487731714,0.34390991932359977,79.28090857576456,59.023345140419565,77.4617904198324,70.37092514999448,,,zaidvideos-1,8
101.33139465067377,157.81985491453338,19.261531829374633,106.75338710715592,167.34648980357667,11.775960877499083,-0.16917539415168012,27.24835624141313,0.300971850146179,0.346418543116716,79.45882798839943,58.745254347041744,77.61857360758655,70.33275197687993,,,zaidvideos-1,9
101.09095061912303,157.9628457636982,19.542770676696282,106.58716621986808,167.12144117537196,12.070183013598184,-0.1837848277196572,27.248088966206275,0.30055683541504086,0.3489271669098322,79.63674740103431,58.467163553663916,77.7753567953407,70.29457880376538,,,zaidvideos-1,10
100.67585625176253,157.73591827099568,19.880633147573555,106.19376834586411,166.8471779966038,12.520408895782037,-0.19493455014923977,27.20188879474415,0.2990579978264089,0.35098096314794947,79.55947771200881,58.31489363098451,77.59517945232288,70.22337356569676,,,zaidvideos-1,11
100.205191323008,157.39128948769903,20.236512225945795,105.72808688517775,166.55725564265634,13.020272333538308,-0.20498345539842408,27.14107361083716,0.2972143075103926,0.35289004152765796,79.40101149063682,58.202657621709136,77.30778739496853,70.14165812514274,,,zaidvideos-1,12
99.73452639425345,157.04666070440237,20.592391304318035,105.26240542449138,166.2673332887089,13.52013577129458,-0.2150323606476084,27.080258426930175,0.29537061719437624,0.35479911990736646,79.24254526926482,58.09042161243377,77.02039533761416,70.05994268458873,,,zaidvideos-1,13
99.15466086168124,156.83329552481015,20.984805805704777,104.94317054494365,165.96546459903902,14.212826550889991,-0.22379676600759882,26.98880755171817,0.2930179631225125,0.3565959154989776,79.02672390988886,57.98840520031797,76.70483677834883,69.99227692987995,,,zaidvideos-1,14
98.36731418185543,156.86933119225645,21.44663761081907,104.90218416955933,165.64089787149655,15.271889279979762,-0.2301206215781209,26.839148863026637,0.28969827791453867,0.35817937379320375,78.70192778830535,57.905806022805336,76.33576186545265,69.95130557827711,,,zaidvideos-1,15
97.57996750202962,156.90536685970275,21.908469415933364,104.86119779417503,165.31633114395405,16.330952009069538,-0.23644447714864303,26.6894901743351,0.28637859270656485,0.35976283208742993,78.37713166672185,57.8232068452927,75.96668695255649,69.91033422667427,,,zaidvideos-1,16
96.7926208222038,156.94140252714902,22.37030122104766,104.8202114187907,164.99176441641157,17.390014738159312,-0.24276833271916512,26.539831485643564,0.28305890749859103,0.36134629038165605,78.05233554513833,57.74060766778007,75.5976120396603,69.86936287507143,,,zaidvideos-1,17
95.89875924916227,157.0429523601965,23.12864193479271,104.5898347954467,164.51751577922306,18.88578868160492,-0.25068628693189654,26.327104523645914,0.27946523947249446,0.3631897003235076,77.66859646082982,57.6357978639921,75.2480411597842,69.7034295704922,,,zaidvideos-1,18
94.99700768403066,157.1493550943996,23.9089462713993,104.34542926484644,164.03217959317186,20.413911603891705,-0.25872232252553234,26.10970583769966,0.2758512764228333,0.3650523659429611,77.28049123113426,57.52934282862819,74.89991502309474,69.52823982495177,,,zaidvideos-1,19
94.09525611889907,157.2557578286027,24.68925060800589,104.10102373424617,163.5468434071207,21.94203452617849,-0.26675835811916815,25.892307151753407,0.27223731337317214,0.36691503156241456,76.89238600143871,57.422887793264266,74.55178888640529,69.35305007941133,,,zaidvideos-1,20
93.20844936191568,157.3780300484179,25.63236974242435,103.73663084092297,162.67644149436873,23.46381752316799,-0.2722928191294903,25.639500264997363,0.2682898181908419,0.36920162936108947,76.5765429779415,57.33686330948505,74.28096906789348,69.10017634209436,,,zaidvideos-1,21
92.33559109253729,157.51511378813774,26.72744935480055,103.26024974239171,161.44664490336268,24.979683256546696,-0.2754924771953865,25.353645724152173,0.2640310263513539,0.3718838971937044,76.32814468022941,57.2699073405182,74.08230181301413,68.77479754578596,,,zaidvideos-1,22
91.46273282315887,157.65219752785757,27.82252896717675,102.78386864386044,160.21684831235663,26.495548989925396,-0.27869213526128267,25.067791183306987,0.25977223451186593,0.3745661650263193,76.07974638251733,57.20295137155136,73.88363455813477,68.44941874947756,,,zaidvideos-1,23
90.54400290704376,157.8630890061958,28.937586912327852,102.21751528981274,159.04743377468992,27.98977858182887,-0.2815731611717404,24.776527920274386,0.25551998546349003,0.37731481370202113,75.84721443985735,57.14096606737796,73.69023041796109,68.13085237695122,,,zaidvideos-1,24
89.22771871921039,158.71364755255993,30.22579040819475,100.87140238795587,158.40133036596416,29.296494947613642,-0.2816927084017321,24.43838906495088,0.2513244406047525,0.3806387630178096,75.75219090764897,57.122059858081116,73.54243993856984,67.87132701053615,,,zaidvideos-1,25
87.91143453137704,159.5642060989241,31.513993904061643,99.52528948609901,157.75522695723836,30.603211313398415,-0.28181225563172374,24.100250209627376,0.24712889574601504,0.383962712333598,75.6571673754406,57.10315364878427,73.3946494591786,67.61180164412109,,,zaidvideos-1,26
86.59515034354366,160.41476464528824,32.802197399928545,98.17917658424214,157.1091235485126,31.90992767918319,-0.2819318028617154,23.76211135430387,0.24293335088727755,0.38728666164938647,75.56214384323222,57.084247439487434,73.24685897978735,67.35227627770603,,,zaidvideos-1,27
85.1674985199559,161.5975774595424,34.226128673171544,96.60107363338223,157.14914613253288,33.44704215792752,-0.2787236769911238,23.35338771908278,0.2387021502810952,0.39124219634489205,75.58786661339141,57.073376659704586,73.20677386347933,67.04535470946082,,,zaidvideos-1,28
83.68973126027865,162.92990469434704,35.7111374462338,94.91857516047094,157.49792541328887,35.08783578750364,-0.2740180982252699,22.912900932907778,0.23445490458856272,0.3954819444612703,75.66792521961601,57.06612182320303,73.21515616055875,66.71710485039206,,,zaidvideos-1,29
82.21196400060138,164.26223192915168,37.19614621929605,93.23607668755965,157.84670469404486,36.72862941707977,-0.269312519459416,22.472414146732778,0.2302076588960302,0.3997216925776485,75.7479838258406,57.058866986701474,73.22353845763818,66.3888549913233,,,zaidvideos-1,30
80.78405580154667,165.48671851806537,38.81646170322619,91.3795675427973,158.4103032941098,38.33081758732471,-0.26389279640848706,22.015047976348423,0.22576982721133224,0.404037985026005,75.86506285076631,57.014901562451335,73.32362162425216,66.00977082496952,,,zaidvideos-1,31
79.48702763662611,166.42812341151523,40.79195730318452,89.066280384426,159.5378026073607,39.83166642682526,-0.25659844460923636,21.513373422414535,0.2208317072972,0.40855520634580456,76.0793204747824,56.87457084536116,73.66441957339433,65.4972466019926,,,zaidvideos-1,32
78.18999947170555,167.36952830496512,42.767452903142846,86.75299322605467,160.6653019206116,41.332515266325814,-0.24930409280998572,21.011698868480646,0.21589358738306777,0.41307242766560404,76.29357809879852,56.734240128271,74.00521752253651,64.98472237901568,,,zaidvideos-1,33
76.89297130678497,168.31093319841497,44.74294850310119,84.43970606768335,161.79280123386252,42.83336410582637,-0.24200974101073502,20.510024314546754,0.2109554674689355,0.4175896489854036,76.50783572281462,56.593909411180825,74.34601547167868,64.47219815603876,,,zaidvideos-1,34
75.91536557966585,168.87796711553673,46.80573858899761,82.39301054227285,162.00297041602548,44.21020557192482,-0.22781787027879163,20.017056387025775,0.2047563075557395,0.4209650593122477,76.92524772696544,56.34834152496497,74.90760767693277,63.886107506297144,,,zaidvideos-1,35
74.98886744259495,169.385101676446,48.88249579264413,80.38896967813608,162.0663667772144,45.567205858278925,-0.21252239651761745,19.525481519730864,0.19835538124269336,0.4241577798802189,77.3751644319378,56.085935691689016,75.50452696316475,63.28824622827319,,,zaidvideos-1,36
74.06236930552404,169.89223623735526,50.95925299629066,78.3849288139993,162.1297631384033,46.92420614463304,-0.19722692275644318,19.033906652435945,0.19195445492964713,0.4273505004481901,77.82508113691017,55.82352985841305,76.10144624939674,62.69038495024923,,,zaidvideos-1,37
73.16109260931391,170.15058504332643,53.10180034145063,76.75444650668764,161.4443027931777,48.292774257167046,-0.1807364508969956,18.498633465469045,0.18520521276974497,0.4297424956832137,78.34983785803556,55.43835642120689,76.87388622609411,61.98638916053088,,,zaidvideos-1,38
72.29085768647087,170.10273599706608,55.325320168473304,75.5837285770069,159.837172655442,49.675579694230144,-0.16277521214736534,17.90957773121355,0.1780272741829431,0.4311489828161479,78.96670536827236,54.90208439454818,77.86235166797962,61.15176627949634,,,zaidvideos-1,39
71.42062276362782,170.05488695080575,57.548839995495975,74.41301064732615,158.2300425177063,51.05838513129325,-0.14481397339773508,17.32052199695805,0.17084933559614124,0.4325554699490821,79.58357287850914,54.36581236788947,78.85081710986515,60.3171433984618,,,zaidvideos-1,40
70.56651620035912,169.97219992695992,59.77620521909742,73.25395178770124,156.6671963379939,52.45819057450811,-0.12666486365059662,16.729693215737353,0.1636857738843857,0.4339373040715942,80.20491241061407,53.8243935597493,79.8711430505196,59.46604639132605,,,zaidvideos-1,41
70.16400370517233,168.91404953072063,62.111241546903926,72.42134688963978,156.3443009829341,54.33399618997179,-0.10325536597323176,16.089219119491148,0.15692476467392905,0.43462885390228617,80.95146855502693,53.13886487012854,81.78356295670443,58.1536738533563,,,zaidvideos-1,42
69.76149120998555,167.85589913448135,64.44627787471043,71.58874199157832,156.02140562787432,56.20980180543548,-0.07984586829586687,15.448745023244943,0.15016375546347238,0.4353204037329781,81.6980246994398,52.45333618050779,83.69598286288924,56.84130131538656,,,zaidvideos-1,43
69.35897871479877,166.79774873824206,66.78131420251695,70.75613709351684,155.69851027281453,58.08560742089918,-0.056436370618501874,14.808270926998734,0.1434027462530157,0.43601195356367006,82.44458084385266,51.76780749088702,85.60840276907408,55.5289287774168,,,zaidvideos-1,44
68.9711040735208,165.26782416677585,68.99742006505527,70.064450322546,155.11447100923826,59.982703822219364,-0.03073995752192452,14.141617250836742,0.13749178327454015,0.43527398206230083,83.46409402599414,50.868030675410715,88.00800141442181,53.79048976711533,,,zaidvideos-1,45
68.59217478740936,163.44959315489317,71.14084619881856,69.45888018479717,154.37084380156858,61.89281125934074,-0.0036459850024951057,13.458964942503993,0.1321002929933864,0.43366241419133866,84.65041428674758,49.83732444968934,90.70532040036912,51.791676801500024,,,zaidvideos-1,46
68.2132455012979,161.63136214301045,73.28427233258186,68.85331004704834,153.62721659389888,63.80291869646213,0.02344798751693447,12.776312634171239,0.12670880271223264,0.4320508463203765,85.83673454750101,48.806618223967966,93.40263938631644,49.79286383588471,,,zaidvideos-1,47
67.84516024552686,160.00568704098754,75.36070378569016,67.96489871101842,152.96916782629225,65.64581528183177,0.051286508580447795,12.09240620004533,0.12182570065154881,0.43011137351865925,87.17085965874942,47.72897695753617,96.09734472281261,47.782991207013914,,,zaidvideos-1,48
67.51864377272732,159.11814292676044,77.18032229628761,65.99226278157764,152.63916974559396,67.23107026881979,0.0819791323962828,11.403692283712315,0.11889142010266632,0.4269149318157143,89.07157003022864,46.47141803504776,98.78203106974605,45.73072320233042,,,zaidvideos-1,49
67.19212729992776,158.23059881253332,78.99994080688509,64.01962685213685,152.3091716648957,68.81632525580781,0.11267175621211797,10.714978367379295,0.11595713955378381,0.4237184901127693,90.97228040170786,45.213859112559334,101.46671741667951,43.6784551976469,,,zaidvideos-1,50
66.86561082712822,157.34305469830622,80.81955931748254,62.046990922696075,151.9791735841974,70.40158024279583,0.14336438002795296,10.02626445104628,0.11302285900490132,0.4205220484098244,92.87299077318708,43.95630019007093,104.15140376361296,41.6261871929634,,,zaidvideos-1,51
66.50569119572525,156.62948347152334,82.54400633885251,61.826468588961056,151.07779941633586,72.22267308636036,0.17712180367868421,9.309009888751264,0.11118846657357591,0.41550314007865663,95.22813513712157,42.458800750412365,106.69029912613524,39.61673538456549,,,zaidvideos-1,52
66.13705769686052,155.96129647624767,84.24362601520662,62.06301936714929,150.02737061704045,74.10528884903182,0.2116787403298234,8.584309940553112,0.10964100147726538,0.41000880567056125,97.7018274990879,40.898708132361584,109.19116205794158,37.618453018676846,,,zaidvideos-1,53
65.76842419799578,155.293109480972,85.94324569156072,62.29957014533751,148.976941817745,75.98790461170327,0.24623567698096238,7.859609992354965,0.10809353638095485,0.40451447126246587,100.17551986105421,39.33861551431082,111.6920249897479,35.62017065278822,,,zaidvideos-1,54
65.47155122404625,154.83208732987444,87.48740820838346,62.423710946435456,148.56685321199936,77.8742194967181,0.2822509585596388,7.172385168876752,0.10736218659843243,0.3999188875590791,102.92679460810959,37.68060158660587,114.34156432684287,33.64236824050618,,,zaidvideos-1,55
65.29210456359432,154.71006219652287,88.77718628233671,62.363908148658396,149.20459401388058,79.76658749102208,0.32065262274701306,6.546483276758425,0.10796629823847233,0.39679398682703376,106.1322950762198,35.8623527885577,117.23439232713741,31.698078479580385,,,zaidvideos-1,56
65.11265790314238,154.58803706317133,90.06696435628996,62.304105350881336,149.84233481576183,81.65895548532605,0.3590542869343869,5.920581384640107,0.10857040987851223,0.39366908609498846,109.33779554433,34.04410399050956,120.12722032743194,29.75378871865461,,,zaidvideos-1,57
64.93321124269043,154.46601192981979,91.35674243024322,62.244302553104276,150.48007561764305,83.55132347963003,0.3974559511217612,5.29467949252178,0.10917452151855214,0.3905441853629431,112.54329601244024,32.2258551924614,123.02004832772649,27.809498957728813,,,zaidvideos-1,58
64.82216231293233,155.2848140973482,92.64467346034651,63.01914738672125,148.7512280574236,84.99486059892543,0.43712216903543166,4.686200383462955,0.11017365773965256,0.38740591463501856,116.02691281585334,30.29427859340988,125.71257515237146,26.144945903057188,,,zaidvideos-1,59
64.71355615927044,156.13721723990807,93.932538524598,63.82380106431658,146.93785948427197,86.42236804411336,0.4768335495821836,4.078343516656262,0.11118690198150512,0.3842671664072412,119.52046234552722,28.358654572893983,128.39794836360034,24.490383445037516,,,zaidvideos-1,60
64.60495000560854,156.98962038246793,95.22040358884952,64.62845474191191,145.12449091112032,87.8498754893013,0.5165449301289361,3.470486649849562,0.1122001462233577,0.38112841817946386,123.01401187520113,26.42303055237806,131.08332157482923,22.835820987017826,,,zaidvideos-1,61
64.5432145881406,158.22841321680525,96.4032110336971,65.46292049248838,145.1313591597387,88.81548907135392,0.5604062189647284,2.934971988426817,0.11253529540593116,0.377926607676497,126.64286082285139,24.507288240180095,133.7439854832896,21.393574091796552,,,zaidvideos-1,62
64.51956164383024,159.7811476757117,97.50065916277897,66.32160855236202,146.61716982604517,89.4058138896091,0.6076393082853653,2.4582353688785408,0.11231949235284035,0.3746735590749387,130.38164054760736,22.607699815990497,136.3845730832505,20.123833591349005,,,zaidvideos-1,63
64.4959086995199,161.33388213461816,98.59810729186086,67.18029661223567,148.1029804923517,89.9961387078643,0.6548723976060026,1.9814987493302594,0.11210368929974954,0.3714205104733804,134.1204202723634,20.708111391800877,139.02516068321142,18.854093090901443,,,zaidvideos-1,64
64.62647794664736,162.8068615101421,99.66893381753113,68.41170997061441,149.32384498110918,90.67679623933454,0.7019386487156251,1.5164795842766838,0.11162971291149049,0.36821515268182214,137.78058613597358,18.840942722695146,141.6633784867984,17.60051009961074,,,zaidvideos-1,65
65.72093589026106,163.7813716145254,100.57337532187876,71.97265644464999,148.88879586018535,91.92203322839872,0.747962161006404,1.1246945098150252,0.10954215317843004,0.3653078624527642,140.94941536742226,17.176397522863727,144.28678506304811,16.44791154055042,,,zaidvideos-1,66
66.8153938338748,164.75588171890865,101.4778168262264,75.53360291868559,148.45374673926153,93.1672702174629,0.7939856732971835,0.7329094353533614,0.10745459344536958,0.36240057222370625,144.118244598871,15.51185232303229,146.91019163929786,15.29531298149009,,,zaidvideos-1,67
67.90985177748851,165.73039182329194,102.38225833057405,79.09454939272119,148.0186976183377,94.4125072065271,0.840009185587963,0.34112436089169784,0.1053670337123091,0.35949328199464825,147.28707383031974,13.847307123200853,149.53359821554758,14.142714422429759,,,zaidvideos-1,68
69.68462856429716,166.65142409277814,103.5076887328814,81.76162667381894,149.0440433819929,95.77745419239463,0.8832059725400934,0.024460343660063305,0.10288807768452403,0.3571303861558338,150.2148644105486,12.377157489222066,152.19361110802575,13.042066483105195,,,zaidvideos-1,69
71.71857443422769,167.55208385373217,104.71730538203056,84.08818235760705,150.6257300540592,97.1880049865682,0.9253259117441675,-0.26358612796013703,0.10026001830636766,0.3549748786561597,153.05083074269376,10.981063308901405,154.86756926382904,11.961209256060906,,,zaidvideos-1,70
73.75252030415824,168.4527436146862,105.92692203117973,86.41473804139518,152.20741672612547,98.59855578074178,0.9674458509482416,-0.5516325995803373,0.09763195892821128,0.35281937115648554,155.88679707483894,9.584969128580745,157.54152741963233,10.880352029016619,,,zaidvideos-1,71
76.25424828713449,169.37414976269653,107.27560644027642,89.50489076647351,153.7757997886528,100.33205184025854,1.0096196629074434,-0.8284563645202965,0.094777169800408,0.34971505482293336,158.48207572456306,8.31912661593268,160.01845091570647,9.845855419468235,,,zaidvideos-1,72
79.79549207687909,170.34165899305432,108.93333031592326,94.29192580553021,155.3146192744269,102.78320404498248,1.0519131921002638,-1.0803407812819525,0.09141853678450035,0.34450227441409664,160.5424928577961,7.3427322536681086,162.05751961238263,8.914382404355154,,,zaidvideos-1,73
83.33673586662368,171.30916822341214,110.5910541915701,99.07896084458692,156.85343876020096,105.23435624970642,1.0942067212930844,-1.3322251980436088,0.08805990376859271,0.33928949400525993,162.60290999102915,6.366337891403539,164.09658830905877,7.982909389242073,,,zaidvideos-1,74
86.87797965636824,172.2766774537699,112.24877806721692,103.86599588364356,158.39225824597503,107.68550845443032,1.1365002504859043,-1.5841096148052618,0.0847012707526851,0.33407671359642327,164.66332712426217,5.38994352913898,166.1356570057349,7.051436374129002,,,zaidvideos-1,75
92.00484662212621,172.66503045328088,114.0145938579481,109.00837830749764,161.7064674247826,109.995344352057,1.1698680173694913,-1.7163635423431187,0.081399517496387,0.3268460006757491,166.2258186915378,4.723356367398389,167.4396186520639,6.452319142947347,,,zaidvideos-1,76
97.31467010819343,172.986557733848,115.79288179272747,114.19176235267447,165.22552926047865,112.28887452194168,1.202205888602013,-1.834813951893614,0.07810432728927462,0.31938244938832444,167.73085730889525,4.092516190333641,168.6587602541221,5.891550656065474,,,zaidvideos-1,77
102.62449359426057,173.3080850144151,117.57116972750683,119.37514639785127,168.74459109617467,114.58240469182634,1.2345437598345343,-1.9532643614441079,0.07480913708216229,0.3119188981008999,169.2358959262527,3.4616760132689017,169.87790185618024,5.330782169183606,,,zaidvideos-1,78
108.31065060357378,173.2231352035361,119.30442772924252,124.83465072368983,170.60212774094873,116.96309285507101,1.259235208618766,-2.099062300960432,0.07304285120721218,0.3044138536569399,170.37652600010586,2.9981507899179847,170.832295185766,4.844358593118925,,,zaidvideos-1,79
114.40002210207905,172.70267422325054,120.98943937414568,130.5899982073802,170.67945882402066,119.43716458262995,1.2757340619226867,-2.274161165440143,0.07291467711672166,0.2968643522595492,171.12671834877585,2.7138915884033175,171.5030296519884,4.437590278644102,,,zaidvideos-1,80
120.4893936005844,172.18221324296496,122.67445101904885,136.3453456910706,170.75678990709258,121.91123631018891,1.2922329152266077,-2.4492600299198553,0.07278650302623114,0.28931485086215847,171.87691069744585,2.4296323868886462,172.17376411821084,4.030821964169272,,,zaidvideos-1,81
126.52067245604543,171.67837437067473,124.35585991338033,142.0224317847197,170.86733963840965,124.3335453853643,1.3081277374368339,-2.620606712447301,0.07275238151190394,0.28185191660720704,172.60716977384803,2.1564169009834475,172.82435772582315,3.633417457037273,,,zaidvideos-1,82
131.76770063040811,171.39893395632157,125.98863167499394,146.64298911281065,171.42634112103576,126.05705865336168,1.315868139882178,-2.741298938619148,0.07398796977578138,0.2755576387751873,173.06832967463467,2.032291575806115,173.20304974219883,3.362424349033485,,,zaidvideos-1,83
137.01472880477084,171.1194935419684,127.62140343660757,151.26354644090165,171.9853426036619,127.78057192135905,1.3236085423275226,-2.861991164790996,0.07522355803965886,0.2692633609431675,173.52948957542134,1.9081662506287809,173.5817417585745,3.0914312410296936,,,zaidvideos-1,84
142.26175697913357,170.84005312761525,129.2541751982212,155.88410376899265,172.54434408628802,129.50408518935643,1.3313489447728668,-2.982683390962844,0.07645914630353633,0.26296908311114764,173.99064947620798,1.7840409254514467,173.96043377495022,2.820438133025902,,,zaidvideos-1,85
146.82872138040403,170.09193315526977,130.41949598181816,159.72283247626592,172.68722406617542,130.74815256414539,1.3343926112511892,-3.114087170860873,0.07843878776076592,0.2579214502546055,174.20008306977775,1.7438412857847387,174.30519337734867,2.535435653002852,,,zaidvideos-1,86
151.03775748004705,169.09713973134942,131.33878993488008,163.15007243574044,172.6110927288319,131.73987999514046,1.3349643114310792,-3.251128610614789,0.08081003616186509,0.2535299463325252,174.27702913323338,1.7478130595446757,174.632093814496,2.24305981928545,,,zaidvideos-1,87
155.2467935796901,168.10234630742906,132.25808388794198,166.577312395215,172.5349613914884,132.7316074261355,1.3355360116109691,-3.3881700503687044,0.08318128456296427,0.2491384424104449,174.35397519668902,1.7517848333046124,174.9589942516433,1.9506839855680478,,,zaidvideos-1,88
159.05480899763992,166.94732674509362,133.05910117471217,169.42115578111498,172.42597831656022,133.45511434086225,1.3330349392616003,-3.5095502889631067,0.08542842556113775,0.24540300064284915,174.35414293915838,1.784581417599758,175.20159202994657,1.7039816410207642,,,zaidvideos-1,89
161.60247370169705,165.28873931916783,133.48839179599412,170.43146707863787,172.2137469235088,133.33564249017445,1.3208765818202757,-3.5817096096276146,0.0872855147215449,0.24372946850363322,174.11300738709943,1.9079702635769917,175.17923859473996,1.6008245481509853,,,zaidvideos-1,90
164.15013840575418,163.63015189324204,133.91768241727607,171.44177837616078,172.00151553045743,133.21617063948665,1.308718224378951,-3.6538689302921226,0.08914260388195205,0.2420559363644173,173.87187183504045,2.0313591095542254,175.15688515953332,1.4976674552812064,,,zaidvideos-1,91
166.69780310981128,161.97156446731628,134.346973038558,172.45208967368367,171.78928413740604,133.09669878879882,1.2965598669376266,-3.7260282509566296,0.09099969304235918,0.24038240422520138,173.6307362829815,2.1547479555314575,175.1345317243267,1.3945103624114288,,,zaidvideos-1,92
167.66197723985726,161.13198934081,134.33414188568204,172.8947686818391,171.35441584657508,132.9638158102802,1.2894023839262025,-3.814885357500794,0.09309892848339207,0.23991335027085098,173.49645387979564,2.2231775625634356,175.19692943042372,1.2608896541677879,,,zaidvideos-1,93
168.29625750031758,160.46304177668281,134.2292020298565,173.21919096304302,170.8731648687067,132.82813884679686,1.2832867497543412,-3.907221169436554,0.09524861106622201,0.23969522927168088,173.38443254929163,2.280157328148485,175.2769836242923,1.1209223593879258,,,zaidvideos-1,94
168.9305377607779,159.79409421255565,134.12426217403097,173.5436132442469,170.39191389083837,132.6924618833135,1.27717111558248,-3.9995569813723124,0.09739829364905193,0.2394771082725108,173.27241121878762,2.3371370937335336,175.3570378181609,0.9809550646080651,,,zaidvideos-1,95
169.36441034266753,159.31703108165976,134.09654588776303,173.64993538147348,169.76741991811292,132.63777804220106,1.2695517446981022,-4.046343117517113,0.09870306553373566,0.2399992311873651,173.15079369563963,2.388878432168409,175.3219843203874,0.9106291009366506,,,zaidvideos-1,96
169.51437204658208,159.11180423117492,134.17822965836828,173.44728231473223,168.93999836933995,132.69783445778077,1.259802080137659,-4.028600546291385,0.09881088059604559,0.24157003298042062,173.01558156624597,2.433198665473872,175.1238615927876,0.9389616896688712,,,zaidvideos-1,97
169.6643337504966,158.90657738069007,134.25991342897356,173.244629247991,168.112576820567,132.7578908733605,1.2500524155772161,-4.010857975065659,0.09891869565835551,0.24314083477347612,172.88036943685228,2.477518898779334,174.92573886518775,0.9672942784010913,,,zaidvideos-1,98
169.81429545441114,158.70135053020522,134.3415971995788,173.04197618124977,167.28515527179403,132.81794728894022,1.2403027510167732,-3.993115403839932,0.09902651072066544,0.24471163656653164,172.7451573074586,2.5218391320847964,174.72761613758794,0.9956268671333118,,,zaidvideos-1,99
98.79418904945396,156.5908685067274,20.154057062844604,101.77754760736359,166.49588300221993,12.494680786429896,-0.02019425162246602,27.578816518600295,0.29072113351291,0.3564077353688981,93.62366247973108,51.88469823932126,84.63968265300916,62.29473853075361,,,zaidvideos-10,0
98.28120583913487,156.52591078657267,20.278863963652043,101.50281294827506,165.87276073134774,12.479980510988444,-0.019154132389274714,27.414628397385826,0.2899726465884047,0.35584604134099157,93.32705897916469,51.903755886352535,84.45699458766484,62.33410525905454,,,zaidvideos-10,1
97.76822262881578,156.46095306641791,20.40367086445948,101.22807828918654,165.24963846047555,12.465280235546992,-0.01811401315608341,27.250440276171357,0.2892241596638994,0.35528434731308506,93.03045547859831,51.92281353338382,84.27430652232053,62.37347198735547,,,zaidvideos-10,2
97.25523941849669,156.3959953462632,20.528477765266924,100.95334363009802,164.62651618960334,12.45057996010554,-0.017073893922892103,27.08625215495689,0.2884756727393941,0.35472265328517855,92.73385197803192,51.94187118041509,84.0916184569762,62.4128387156564,,,zaidvideos-10,3
96.80179709456208,156.349503282974,20.751224015967367,100.95199204249158,163.98618794246056,12.750718058126658,-0.015947163915703264,26.93245263048726,0.2876197978495453,0.3542931659781655,92.4464719885946,51.98463964765919,83.83555881686698,62.49938818351796,,,zaidvideos-10,4
96.4170557933788,156.3243177468374,21.08697720885204,101.26608246044141,163.32600664577475,13.414131202450744,-0.014720498400055737,26.79063994841551,0.2866400137689154,0.3540162248875681,92.16973451199848,52.054766753610394,83.49483966741361,62.64037927394947,,,zaidvideos-10,5
96.03231449219551,156.29913221070083,21.422730401736715,101.58017287839124,162.66582534908895,14.077544346774829,-0.01349383288440821,26.648827266343762,0.2856602296882855,0.3537392837969707,91.89299703540236,52.124893859561595,83.15412051796025,62.78137036438098,,,zaidvideos-10,6
95.64757319101223,156.27394667456423,21.758483594621392,101.89426329634107,162.00564405240314,14.740957491098914,-0.012267167368760682,26.507014584272014,0.2846804456076557,0.35346234270637333,91.61625955880625,52.195020965512796,82.8134013685069,62.922361454812496,,,zaidvideos-10,7
94.86641218249099,156.48610541517354,22.453504261946108,102.18476063917623,161.24386569006182,15.79278103350168,-0.011759748297512172,26.21238209397636,0.28304766989492075,0.3535016561335305,90.87149498084044,52.306644312509015,82.30721723837082,63.06329392076297,,,zaidvideos-10,8
94.05475735032837,156.71652140784022,23.176160888843132,102.4734431300795,160.47427216882392,16.874482298833573,-0.011307655875832818,25.905994233817324,0.28136466405663924,0.35356529683128424,90.09072831815388,52.42145967804716,81.78830503279762,63.204221877137996,,,zaidvideos-10,9
93.24310251816576,156.94693740050687,23.89881751574016,102.76212562098277,159.704678647586,17.95618356416547,-0.010855563454153462,25.599606373658293,0.2796816582183577,0.353628937529038,89.30996165546732,52.53627504358529,81.26939282722442,63.34514983351301,,,zaidvideos-10,10
92.30113011174933,157.31844589566504,24.726682495633643,102.79183070706294,158.98566728696204,19.13843794446018,-0.009473775593015333,25.31846455491663,0.2771167359407952,0.3542205758494197,88.66186586793864,52.66362879752309,80.89734075818323,63.44622949489573,,,zaidvideos-10,11
91.15775781784973,157.90800644012822,25.71714220288528,102.42129798568924,158.3448283563778,20.476092593333778,-0.006655185689077288,25.07633934563818,0.2731888518934348,0.355628210495681,88.21880688747214,52.81036006080581,80.75225435469152,63.48572542765401,,,zaidvideos-10,12
90.01438552395012,158.4975669845914,26.707601910136923,102.05076526431552,157.7039894257936,21.81374724220738,-0.0038365957851392383,24.834214136359726,0.2692609678460743,0.3570358451419423,87.77574790700562,52.95709132408854,80.6071679511998,63.52522136041228,,,zaidvideos-10,13
88.87101323005052,159.0871275290546,27.698061617388564,101.68023254294181,157.06315049520936,23.151401891080987,-0.001018005881201189,24.59208892708127,0.26533308379871384,0.3584434797882036,87.33268892653912,53.103822587371255,80.46208154770807,63.56471729317055,,,zaidvideos-10,14
87.27303174333711,160.26997515243124,28.966761705734783,100.80880809196623,156.84095488796524,24.64235318421538,-0.0007054385471515994,24.344615547339792,0.2611061584664215,0.36060942767027987,86.83136774877622,53.26746135219129,80.39286187027028,63.51690493060358,,,zaidvideos-10,15
85.59928205782141,161.55170395562678,30.2818351909301,99.853901686057,156.6885331679445,26.15885391805991,-0.0008105416414167566,24.096250805854474,0.25682939291997386,0.36290176109165856,86.32033620479726,53.43391803393421,80.33628664717482,63.4545411854824,,,zaidvideos-10,16
83.92553237230571,162.8334327588223,31.596908676125416,98.89899528014779,156.53611144792376,27.675354651904442,-0.000915644735681914,23.84788606436916,0.2525526273735262,0.3651940945130373,85.8093046608183,53.600374715677134,80.27971142407935,63.39217744036121,,,zaidvideos-10,17
82.38536581758783,164.0201779330394,33.04808143894402,97.87029068872725,156.51232448822805,29.347139563860356,-0.0019119807564960236,23.569467716454124,0.24832629763667213,0.367976165143273,85.32314269296637,53.75725382492232,80.17182844679719,63.332960840325185,,,zaidvideos-10,18
81.12720809455419,165.0064021127464,34.78657489896733,96.68578992789394,156.7600998003297,31.346746629606976,-0.004789808511135703,23.22760286607635,0.24420644349784892,0.37179212543665124,84.88948316360487,53.893913614450085,79.95562909956536,63.2803882132467,,,zaidvideos-10,19
79.86905037152054,165.9926262924534,36.525068358990644,95.50128916706062,157.00787511243135,33.3463536953536,-0.007667636265775381,22.88573801569858,0.24008658935902571,0.37560808573002946,84.45582363424336,54.03057340397785,79.73942975233354,63.22781558616822,,,zaidvideos-10,20
78.61089264848691,166.9788504721604,38.26356181901396,94.3167884062273,157.255650424533,35.34596076110022,-0.01054546402041506,22.543873165320804,0.2359667352202025,0.37942404602340774,84.02216410488185,54.1672331935056,79.5232304051017,63.175242959089736,,,zaidvideos-10,21
77.41729083524537,167.9849884257648,40.335088877739004,92.66839323141953,158.1404925223889,37.0274857785167,-0.01139071455884015,22.207175840610212,0.23114658239446742,0.3838482022184496,83.68630635206269,54.22983588121592,79.39051599472747,63.05170246398573,,,zaidvideos-10,22
76.24129517921985,168.99655740861397,42.49744328156452,90.89348139825509,159.19908010726874,38.62226114638859,-0.011681625856479442,21.871887841081584,0.22613543901775635,0.3884382300230362,83.3771218110278,54.27224117752148,79.28057020349621,62.90880709578385,,,zaidvideos-10,23
75.06529952319433,170.00812639146312,44.65979768539003,89.11856956509065,160.25766769214857,40.21703651426048,-0.011972537154118735,21.536599841552952,0.22112429564104527,0.3930282578276227,83.06793726999291,54.31464647382704,79.17062441226497,62.76591172758198,,,zaidvideos-10,24
73.95980049377704,170.6120919391993,46.77190182989403,87.34869661837767,160.9068399491656,41.71319701211708,-0.010339974833698619,21.18677734794839,0.21573559950196114,0.3971231473795791,82.79613066150299,54.32903960645716,79.07716198271034,62.62233413310887,,,zaidvideos-10,25
73.06579134418445,169.99324718159647,48.73325519643342,85.59394033101908,160.32776622259428,42.913512899927795,-0.002936991659100196,20.79335137211603,0.20921424507575787,0.39973262217364514,82.63645785064793,54.259396248060966,79.03314963818556,62.47670985982208,,,zaidvideos-10,26
72.17178219459186,169.37440242399362,50.69460856297282,83.83918404366048,159.74869249602293,44.11382878773851,0.0044659915154982265,20.399925396283678,0.20269289064955456,0.40234209696771117,82.47678503979289,54.18975288966477,78.98913729366079,62.33108558653529,,,zaidvideos-10,27
71.27777304499926,168.75555766639079,52.65596192951221,82.08442775630189,159.1696187694516,45.31414467554922,0.01186897469009665,20.00649942045132,0.1961715362233513,0.4049515717617772,82.31711222893783,54.12010953126857,78.94512494913602,62.185461313248496,,,zaidvideos-10,28
70.64632398105354,167.96346143011695,54.668502806938314,80.69424980418378,157.9799301407962,46.900211591688404,0.021855093650599733,19.520605233294777,0.19023707669945608,0.4064242670578012,82.31717338863474,53.9566264464722,78.94272238386135,61.97869289292972,,,zaidvideos-10,29
70.11989895136657,167.10206460237472,56.70151868871909,79.44990318616189,156.54599555130716,48.64057891915896,0.03287446692546461,18.99772376160856,0.18453737513648416,0.4074422505546084,82.38112813655245,53.75560747111576,78.95696373028673,61.747466813798155,,,zaidvideos-10,30
69.59347392167959,166.2406677746325,58.734534570499875,78.20555656814,155.11206096181812,50.38094624662953,0.04389384020032956,18.474842289922346,0.1788376735735122,0.4084602340514156,82.44508288447014,53.55458849575932,78.97120507671212,61.51624073466659,,,zaidvideos-10,31
69.17228250339923,165.40983005995483,60.78246113199337,77.05207241841997,153.9631901967125,52.12232791049323,0.05546629437449349,17.92748260335489,0.1731886186261146,0.40976068297113477,82.5662585297371,53.31560226216943,79.0897867361769,61.18465034992127,,,zaidvideos-10,32
69.2351656975893,164.71956426537406,62.89897682016539,76.31655562288853,154.12561302377063,53.86837552176543,0.06958292068543308,17.267523128333707,0.16777253811035875,0.4123604728362489,82.95065030281063,52.901966640705695,79.68833383562291,60.39138415935267,,,zaidvideos-10,33
69.29804889177935,164.02929847079326,65.01549250833742,75.58103882735708,154.28803585082875,55.61442313303764,0.08369954699637275,16.60756365331252,0.1623564575946029,0.41496026270136294,83.33504207588416,52.488331019241954,80.28688093506894,59.59811796878406,,,zaidvideos-10,34
69.36093208596941,163.3390326762125,67.13200819650943,74.84552203182562,154.45045867788687,57.36047074430984,0.09781617330731235,15.94760417829134,0.1569403770788471,0.41756005256647705,83.71943384895769,52.07469539777822,80.88542803451494,58.80485177821546,,,zaidvideos-10,35
69.43179144505471,162.43108432316455,69.16433172445738,74.33591441819475,154.2077387561751,58.89081216882678,0.11595472400914072,15.29003565019972,0.15143513264494537,0.4188656131619991,84.25182063135428,51.551954228118085,81.92644016312923,57.78155482431601,,,zaidvideos-10,36
69.5070820068596,161.40220121541262,71.14988183005862,73.95181190561973,153.73993952959117,60.30131682292411,0.1363276771503516,14.633795425957862,0.1458803527009627,0.41945215749663667,84.86642686337478,50.968598865015515,83.213266196837,56.630463001899436,,,zaidvideos-10,37
69.5823725686645,160.37331810766068,73.13543193565987,73.56770939304472,153.27214030300723,61.711821477021445,0.15670063029156264,13.977555201716001,0.14032557275698,0.4200387018312743,85.48103309539529,50.38524350191294,84.50009223054477,55.479371179482854,,,zaidvideos-10,38
69.62697754161044,159.3221852377514,75.07151865363402,73.17761888151274,152.74311786117875,63.151208234343954,0.17787140322002545,13.314087925549787,0.1348739104132299,0.4203006121470868,86.1347109913886,49.7783651145342,85.90475586571985,54.23916471365965,,,zaidvideos-10,39
69.41586927406516,158.0856376831977,76.59541047471576,72.73762837867278,151.70390195897906,64.83127918520972,0.20569067437558816,12.590395216680603,0.13028156140475156,0.41785723897269,87.11398608715528,48.97546152485415,88.29139951312266,52.256336219447846,,,zaidvideos-10,40
69.20476100651986,156.84909012864395,78.1193022957975,72.29763787583282,150.66468605677937,66.51135013607546,0.23350994553115068,11.866702507811425,0.12568921239627323,0.41541386579829326,88.09326118292195,48.1725579351741,90.67804316052545,50.27350772523605,,,zaidvideos-10,41
68.99365273897457,155.61254257409024,79.64319411687924,71.85764737299286,149.6254701545797,68.19142108694123,0.2613292166867134,11.143009798942241,0.12109686338779485,0.41297049262389646,89.07253627868862,47.36965434549404,93.06468680792825,48.29067923102425,,,zaidvideos-10,42
68.82326353165351,155.3359203385027,81.28075222664323,71.58357783332114,149.00122655798128,70.00564375679436,0.2881500707541668,10.379605863450113,0.11858790757849821,0.411166567858317,90.25642213687962,46.48291791897914,95.33137815422867,46.265025490475686,,,zaidvideos-10,43
68.6834136195006,155.77924209213978,83.0035600529189,71.43394901602561,148.68821219058387,71.92048021588803,0.3142221120055387,9.586418507990768,0.11764149666858782,0.40984222939935055,91.59376606688889,45.53330686483811,97.50810527470232,44.20725281517454,,,zaidvideos-10,44
68.54356370734769,156.22256384577685,84.72636787919457,71.28432019873006,148.37519782318643,73.8353166749817,0.3402941532569103,8.793231152531428,0.11669508575867744,0.4085178909403841,92.93110999689814,44.58369581069708,99.68483239517595,42.149480139873404,,,zaidvideos-10,45
68.40764287182638,156.67035674108993,86.44451978395236,71.1328191598,147.94593131837442,75.730410098659,0.36641734205537635,8.00296855198018,0.11581528988618912,0.4072043822424097,94.308680923334,43.6100877820647,101.87727229189206,40.08998024301378,,,zaidvideos-10,46
68.37780710535813,157.23887046165464,88.03696180772731,70.93076813673775,144.37785710336874,77.09244156609381,0.3939215146253857,7.2916743339475705,0.11673410002409647,0.4061832770912209,96.77238075328762,41.98856144216625,104.49395714715445,37.98384536407504,,,zaidvideos-10,47
68.34797133888988,157.80738418221938,89.62940383150224,70.7287171136755,140.8097828883631,78.45447303352863,0.42142568719539514,6.580380115914962,0.1176529101620038,0.405162171940032,99.23608058324125,40.36703510226779,107.11064200241684,35.8777104851363,,,zaidvideos-10,48
68.31813557242162,158.3758979027841,91.2218458552772,70.52666609061325,137.2417086733574,79.81650450096346,0.44892985976540467,5.869085897882348,0.11857172029991114,0.40414106678884315,101.6997804131949,38.74550876236933,109.72732685767924,33.771575606197544,,,zaidvideos-10,49
68.17346471732111,158.4896752767926,92.2291407000089,70.47375976052885,134.25448747228103,81.09926753069125,0.48275198144492576,5.194778600542695,0.12002689530338073,0.40140158623100103,104.24962136048981,37.0949788807973,112.31921779021347,31.790851411751643,,,zaidvideos-10,50
67.91395877358832,158.14871630424494,92.65128836569733,70.56999812342231,131.84811928513398,82.30276212271202,0.5228920522339588,4.557458223895994,0.12201843517241259,0.3969437302665055,106.88560342512604,35.41544545755167,114.88631480001953,29.93553790179856,,,zaidvideos-10,51
67.65445282985553,157.80775733169727,93.07343603138577,70.66623648631577,129.44175109798692,83.50625671473279,0.5630321230229917,3.920137847249296,0.12400997504144444,0.39248587430201,109.52158548976223,33.73591203430605,117.4534118098256,28.080224391845494,,,zaidvideos-10,52
67.39494688612272,157.4667983591496,93.4955836970742,70.76247484920923,127.03538291083984,84.70975130675356,0.6031721938120247,3.2828174706025948,0.1260015149104763,0.38802801833751444,112.15756755439845,32.05637861106042,120.02050881963166,26.224910881892413,,,zaidvideos-10,53
67.16598575872953,158.11516461190078,93.46563621746749,71.14185907967807,125.87753269275167,86.05057061839544,0.6533567616348923,2.660893184414549,0.128076098936944,0.38326492984146154,115.18736518299853,30.181647254161945,123.2021831919146,24.527158449291573,,,zaidvideos-10,54
66.93815592083038,158.80017253966307,93.41894447322021,71.53173019413121,124.76592388092493,87.39647603076405,0.7039133478664209,2.039539123799042,0.13015375867294635,0.37849053643683245,118.23174857322694,28.29968634416521,126.40661968873374,22.835241612148213,,,zaidvideos-10,55
66.71032608293125,159.48518046742532,93.37225272897294,71.92160130858433,123.65431506909819,88.74238144313264,0.754469934097949,1.418185063183539,0.1322314184089487,0.37371614303220335,121.27613196345531,26.41772543416848,129.61105618555285,21.143324775004864,,,zaidvideos-10,56
66.74066559404281,160.3018911934033,93.6284966387008,72.59330700197394,121.85753647129306,89.8402551607157,0.8038171690707685,0.8252148849962502,0.1343987481584973,0.36991275689083525,124.35558507063382,24.55257163278863,132.51630464627272,19.768561052590233,,,zaidvideos-10,57
67.11523090383533,161.29420565033558,94.28865475372882,73.6407921339455,119.14719815885003,90.60741995191802,0.8515519356986425,0.27008988337991857,0.13668563792610763,0.3674040471004818,127.4817978004125,22.709827309564627,135.02263572552684,18.816668149813914,,,zaidvideos-10,58
67.48979621362783,162.28652010726782,94.94881286875683,74.68827726591704,116.43685984640705,91.37458474312034,0.8992867023265159,-0.28503511823640615,0.13897252769371793,0.3648953373101284,130.6080105301911,20.867082986340645,137.52896680478096,17.864775247037606,,,zaidvideos-10,59
67.86436152342034,163.2788345642001,95.60897098378486,75.73576239788859,113.72652153396403,92.14174953432266,0.9470214689543899,-0.8401601198527375,0.14125941746132825,0.362386627519775,133.73422325996975,19.024338663116644,140.0352978840351,16.912882344261284,,,zaidvideos-10,60
68.56785977147585,163.39997163828502,95.86747907958208,76.96311042602717,114.26826953269182,92.92009532242632,0.9952241726008014,-1.2411262976615738,0.14070575038074182,0.358944154449362,136.96163896800925,17.238351435678805,142.6816352989861,16.06423185331377,,,zaidvideos-10,61
69.31082997212293,163.41656742642823,96.07778917307161,78.2120420017058,115.20026788876011,93.69978283015813,1.0434830286894374,-1.6235934166135102,0.13981121647837177,0.35538962978534183,140.20119903344005,15.459175059735308,145.34477347422074,15.227970451785716,,,zaidvideos-10,62
70.05380017277,163.43316321457147,96.28809926656113,79.46097357738441,116.1322662448284,94.47947033788994,1.0917418847780729,-2.0060605355654415,0.13891668257600173,0.35183510512132166,143.4407590988708,13.679998683791833,148.00791164945534,14.39170905025767,,,zaidvideos-10,63
71.18944473230452,163.29141196175306,96.71187628185905,81.1808714020576,118.622414171573,95.60972319248874,1.139719393082608,-2.3527007160736866,0.13696544524318321,0.34847789839794113,146.37769379296424,12.161191459713885,150.5925997459398,13.553386304199668,,,zaidvideos-10,64
73.03190313783648,162.8646360352037,97.51989375641209,83.74850847492107,123.91723132553498,97.37099367144812,1.1871904753757612,-2.6348524073832857,0.13311214173555738,0.34547586396771185,148.7699028186504,11.111048708993934,153.0360777006739,12.711353137987766,,,zaidvideos-10,65
74.87436154336842,162.43786010865432,98.32791123096511,86.31614554778449,129.2120484794969,99.1322641504075,1.2346615576689137,-2.917004098692882,0.1292588382279316,0.3424738295374826,151.16211184433652,10.060905958273995,155.47955565540798,11.869319971775875,,,zaidvideos-10,66
76.71681994890038,162.01108418210495,99.13592870551815,88.88378262064795,134.5068656334589,100.89353462936687,1.2821326399620667,-3.199155790002481,0.1254055347203058,0.3394717951072534,153.55432087002268,9.010763207554046,157.92303361014208,11.027286805563971,,,zaidvideos-10,67
79.57940571664453,162.88007562689788,100.97772693133196,93.70049186357198,136.54794098597907,103.46506731597711,1.323831203420871,-3.3867491273958636,0.12143817841790035,0.3354544565039666,155.8045019385522,8.118067416575645,160.1402668080158,10.398050464849572,,,zaidvideos-10,68
82.6637583022609,164.03075563067824,103.04426010307202,99.0061298391179,137.88168116427272,106.2127439607723,1.3642748714809039,-3.553786300894416,0.11744602802967326,0.331216399602189,158.02380736422157,7.259599225541061,162.30831636309378,9.815074303591151,,,zaidvideos-10,69
85.74811088787723,165.1814356344586,105.11079327481205,104.31176781466375,139.21542134256637,108.96042060556746,1.4047185395409363,-3.720823474392966,0.11345387764144621,0.32697834270041154,160.24311278989094,6.401131034506488,164.47636591817175,9.23209814233274,,,zaidvideos-10,70
89.39498977368162,166.2063484931681,107.3563531542241,109.63378711409845,140.5026851681933,111.52384557377341,1.4408503513126059,-3.864212480663255,0.10957873401108001,0.32263810233619106,162.3252689058103,5.628755669293907,166.31553200315213,8.663143429528729,,,zaidvideos-10,71
94.44818440995606,166.9168434892003,110.04947980281608,114.99675972325511,141.67375811215325,113.62664135050626,1.466202522363367,-3.9484810688628835,0.10599610727536606,0.31804240331586325,164.06455174735464,5.071612368636339,167.33248941288846,8.129242337860742,,,zaidvideos-10,72
99.50137904623051,167.62733848523246,112.74260645140808,120.35973233241175,142.84483105611324,115.7294371272391,1.4915546934141282,-4.032749657062512,0.1024134805396521,0.3134467042955355,165.80383458889898,4.514469067978771,168.34944682262477,7.595341246192754,,,zaidvideos-10,73
104.5545736825049,168.33783348126462,115.43573310000005,125.72270494156834,144.0159040000732,117.83223290397191,1.516906864464889,-4.117018245262139,0.09883085380393819,0.3088510052752078,167.5431174304433,3.95732576732121,169.36640423236108,7.061440154524773,,,zaidvideos-10,74
109.95960364199557,168.51637377308856,117.51787034885089,131.0612435795683,146.07725140463737,120.08625643363807,1.5357917028573187,-4.157762256096874,0.09492206784530982,0.3037884629966932,168.75871112890957,3.6482891080746054,170.20657738906766,6.4840781767151165,,,zaidvideos-10,75
115.48191204255833,168.51759583017636,119.39634446445466,136.39163756051602,148.4353569627363,122.39068921428199,1.5525207636969713,-4.183998074476644,0.09090456214571,0.298570306298783,169.79974177968316,3.421954662631658,170.987822461431,5.892229236858237,,,zaidvideos-10,76
121.00422044312108,168.5188178872642,121.27481858005844,141.72203154146376,150.79346252083525,124.69512199492593,1.5692498245366238,-4.210233892856414,0.08688705644611017,0.29335214960087275,170.84077243045675,3.1956202171887105,171.76906753379433,5.300380297001357,,,zaidvideos-10,77
126.43596741320987,168.51545937385376,123.17122731273628,146.860188529111,152.6167521722478,126.89846906773542,1.5834128851607405,-4.235391666303225,0.0835742066420194,0.2883163090932079,171.75112395023865,3.008126330421726,172.49560764943985,4.740955037037404,,,zaidvideos-10,78
131.53565580489442,168.495305435283,125.13339630801917,151.2934765413234,152.4790501658103,128.73116854515206,1.5881672783278944,-4.256596608329185,0.08284509512146174,0.28394896128310887,172.18231865638444,2.9630478254665977,173.02156292378666,4.300416603347482,,,zaidvideos-10,79
136.63534419657896,168.47515149671227,127.09556530330207,155.7267645535358,152.3413481593728,130.5638680225687,1.592921671495048,-4.277801550355146,0.08211598360090408,0.27958161347300986,172.6135133625302,2.917969320511469,173.54751819813347,3.85987816965756,,,zaidvideos-10,80
141.73503258826344,168.45499755814154,129.05773429858493,160.16005256574815,152.2036461529353,132.39656749998534,1.5976760646622017,-4.299006492381106,0.08138687208034642,0.2752142656629109,173.044708068676,2.8728908155563415,174.0734734724803,3.419339735967644,,,zaidvideos-10,81
146.0776864874818,168.4299254988667,130.5057887723535,163.72045956446942,151.79240350193686,133.53008693171927,1.5970165667400156,-4.327538887902923,0.0820157602294084,0.2710094768223036,173.1925462864454,2.8815277853329775,174.3033679868495,3.127454628101393,,,zaidvideos-10,82
150.06174510079506,168.40252380346885,131.71031531487841,166.86739660943172,151.25158896667267,134.3324158154982,1.5937925940912998,-4.359542182449093,0.08328791137986918,0.26688168959882397,173.2061630097208,2.915608927350976,174.3930231938609,2.9059842535200415,,,zaidvideos-10,83
154.04580371410836,168.37512210807103,132.91484185740336,170.01433365439402,150.7107744314085,135.13474469927715,1.590568621442584,-4.3915454769952635,0.08456006253032997,0.2627539023753443,173.21977973299616,2.9496900693689754,174.48267840087232,2.68451387893869,,,zaidvideos-10,84
157.91543749935371,168.09644676122838,134.06691258908208,172.7598742697815,150.27972232487016,135.78422890828574,1.5856201529043021,-4.423929137615988,0.08568227380309952,0.25903349272061765,173.22358655882576,2.9636354188162457,174.52316529032888,2.4703049195845033,,,zaidvideos-10,85
161.09852231619186,166.31012950571682,134.90424845568378,173.09703630772023,150.50724479068685,135.51664506867212,1.5703247090286225,-4.458594994684042,0.08590484580972184,0.25775734847840887,173.16853399998058,2.856766012839141,174.26864227445628,2.2996644515932854,,,zaidvideos-10,86
164.28160713303,164.52381225020522,135.74158432228546,173.43419834565896,150.73476725650357,135.2490612290585,1.555029265152943,-4.493260851752097,0.08612741781634414,0.2564812042362001,173.11348144113543,2.7498966068620354,174.0141192585837,2.129023983602068,,,zaidvideos-10,87
167.46469194986815,162.73749499469363,136.57892018888717,173.77136038359765,150.96228972232026,134.98147738944488,1.5397338212772633,-4.527926708820151,0.08634998982296645,0.25520505999399135,173.05842888229026,2.6430272008849305,173.75959624271113,1.9583835156108504,,,zaidvideos-10,88
169.2991729222077,160.7292020588789,137.0962439161348,173.97897934880945,150.67399313715137,134.96997179875277,1.5248716991923619,-4.556724399020024,0.086942164570894,0.2542534629408156,172.8385558931964,2.59415285138049,173.46079420025308,1.8819243255776519,,,zaidvideos-10,89
170.2610278775188,158.57727780051502,137.40650096497686,174.10277632578618,150.05193128369768,135.12416389853928,1.510289961795611,-4.5817250400699,0.08777349403378377,0.25351186700995526,172.51203439041225,2.582804714887773,173.1333410229456,1.8664059624584646,,,zaidvideos-10,90
171.2228828328299,156.42535354215116,137.71675801381892,174.2265733027629,149.42986943024397,135.2783559983258,1.4957082243988598,-4.606725681119775,0.08860482349667355,0.25277027107909494,172.18551288762808,2.571456578395056,172.80588784563813,1.8508875993392775,,,zaidvideos-10,91
172.12720050998777,154.35099765136002,138.01206051168805,174.31318021981565,148.8629229416734,135.41675948411543,1.481414042594635,-4.630558210016506,0.08947270208667688,0.2520877371815425,171.8756604445403,2.557848172278411,172.4824458307748,1.8454723380251603,,,zaidvideos-10,92
172.2835335711535,153.28503053901443,138.11295384690897,173.91631635785686,149.01247619658338,135.34991098794572,1.4708580834932528,-4.639205280922378,0.09081571932915639,0.2521730097169923,171.7825057775057,2.5148562610507037,172.21114892768526,1.9713974001769512,,,zaidvideos-10,93
172.43986663231925,152.21906342666887,138.2138471821299,173.51945249589807,149.1620294514934,135.283062491776,1.4603021243918703,-4.6478523518282495,0.09215873657163591,0.2522582822524422,171.68935111047105,2.471864349822996,171.93985202459575,2.0973224623287434,,,zaidvideos-10,94
172.596199693485,151.15309631432328,138.31474051735083,173.1225886339393,149.31158270640339,135.2162139956063,1.449746165290488,-4.656499422734122,0.09350175381411545,0.252343554787892,171.59619644343644,2.4288724385952882,171.66855512150622,2.223247524480536,,,zaidvideos-10,95
172.81103508306305,150.17344291117007,138.45420705006094,172.89212114462453,149.2550363412277,135.1408833246786,1.4401918364050579,-4.684868204106201,0.09421824333446145,0.2526914844532392,171.58709128370114,2.3245351709391353,171.43744180444116,2.3036828066606567,,,zaidvideos-10,96
173.0765724905984,149.26859472265025,138.62710368726172,172.80586384493455,149.0198703053111,135.05820143562732,1.4315055870401197,-4.730329134548994,0.09439174216229176,0.2532670502978307,171.65082903029193,2.1670319277116588,171.24115426193066,2.344693612865329,,,zaidvideos-10,97
173.3421098981338,148.3637465341304,138.8000003244625,172.7196065452446,148.78470426939444,134.97551954657607,1.4228193376751812,-4.775790064991788,0.09456524099012206,0.25384261614242226,171.71456677688272,2.009528684484182,171.04486671942016,2.385704419070002,,,zaidvideos-10,98
173.6076473056692,147.45889834561058,138.97289696166328,172.63334924555463,148.54953823347782,134.89283765752478,1.414133088310243,-4.821250995434581,0.09473873981795237,0.25441818198701377,171.7783045234735,1.8520254412567059,170.84857917690965,2.4267152252746746,,,zaidvideos-10,99
104.53673501670785,161.2429986546405,20.086596542509255,108.90222387097896,165.6628024393284,7.441756501567391,-0.04710420263274173,23.67718121318303,0.29161894258171833,0.3248177638379894,99.25047140970177,50.604360254664755,100.42042369535466,57.548642210888886,,,zaidvideos-11,0
104.0429840643565,161.51527752825783,20.226954525940027,108.44194095629113,165.69661585493355,7.277127140031972,-0.060980107168612734,23.702904335251805,0.29203662850066237,0.3274563114124245,98.77454889036784,50.75651666404255,99.88030011380101,58.02277155941657,,,zaidvideos-11,1
103.54923311200515,161.78755640187512,20.367312509370798,107.98165804160331,165.73042927053874,7.112497778496552,-0.07485601170448374,23.72862745732058,0.2924543144196064,0.33009485898685953,98.29862637103389,50.908673073420346,99.34017653224738,58.49690090794426,,,zaidvideos-11,2
103.05548215965382,162.05983527549245,20.507670492801566,107.52137512691549,165.7642426861439,6.947868416961133,-0.08873191624035473,23.754350579389353,0.29287200033855043,0.33273340656129463,97.82270385169996,51.06082948279814,98.80005295069374,58.97103025647194,,,zaidvideos-11,3
102.48737122871421,162.47047737547427,20.698758213851097,107.08465102698966,165.86293634589344,7.051743174083497,-0.09990016302639196,23.757858383907667,0.29285020971885706,0.3347746480305864,97.27774171419637,51.28420357174536,98.08382024740061,59.45522533020774,,,zaidvideos-11,4
101.91156788619651,162.8954329126662,20.895093838792224,106.6503640458323,165.96834175503727,7.183394219342874,-0.1107883072865843,23.759068052127656,0.2927829560089598,0.33675409921313915,96.72563754722697,51.51494500685493,97.34936935909992,59.940461685861614,,,zaidvideos-11,5
101.3357645436788,163.32038844985814,21.091429463733352,106.21607706467496,166.07374716418107,7.315045264602251,-0.12167645154677664,23.760277720347645,0.2927157022990626,0.3387335503956919,96.17353338025755,51.7456864419645,96.61491847079925,60.42569804151549,,,zaidvideos-11,6
100.89099266647492,163.59108349653275,21.562062008684627,106.33090234575016,166.3511199446281,7.876694555674893,-0.1387757236518393,23.710597430884352,0.2929392060785542,0.3417934982990131,95.31036220919293,52.09914495397849,95.34995669673091,61.282854955092276,,,zaidvideos-11,7
100.47645881972807,163.82617996847256,22.095993842869014,106.57244584118672,166.6681775030682,8.53757421116598,-0.157308332951872,23.649173305032612,0.2932298077402125,0.3451027915994348,94.37540634487557,52.48092279143195,93.96256933363928,62.225839689728204,,,zaidvideos-11,8
100.06192497298122,164.06127644041237,22.6299256770534,106.81398933662328,166.98523506150826,9.198453866657067,-0.1758409422519047,23.58774917918087,0.2935204094018708,0.3484120848998564,93.44045048055821,52.86270062888542,92.57518197054763,63.168824424364125,,,zaidvideos-11,9
99.55896905399443,164.0002438956536,23.343734282621142,106.62666057941483,166.513364798557,10.534648439314962,-0.19470433123179498,23.504964205278988,0.2930722030556752,0.3514017875460471,92.41298153078598,53.32087925080969,91.17820371626934,64.09013685009029,,,zaidvideos-11,10
99.02141319369639,163.82333477914318,24.12792945090411,106.27151224508441,165.73278364897433,12.13509667521204,-0.21369715573858605,23.41382063866183,0.2923348979237977,0.3542664329797127,91.34931180844445,53.80895383187471,89.77747250457016,65.00296880711261,,,zaidvideos-11,11
98.48385733339833,163.64642566263277,24.912124619187075,105.916363910754,164.9522024993917,13.73554491110912,-0.23268998024537713,23.322677072044673,0.29159759279192016,0.3571310784133783,90.28564208610292,54.29702841293973,88.37674129287099,65.91580076413494,,,zaidvideos-11,12
97.57792503603162,163.8977203899937,25.82717457449607,105.63144496763863,164.16501990469834,15.37515063916514,-0.24805088417241394,23.19596243064168,0.28968289134964603,0.3593550196466189,89.36710478867778,54.72314510857808,87.23054679303426,66.61799862214069,,,zaidvideos-11,13
96.45096687642369,164.40593742367741,26.820737402020683,105.38866365925227,163.37387644293858,17.038250862516524,-0.2612326357515982,23.047905144367185,0.28706175212113394,0.36119453835960447,88.53564694620246,55.11208707296043,86.237074320315,67.19381602073649,,,zaidvideos-11,14
95.32400871681577,164.91415445736115,27.814300229545296,105.14588235086593,162.58273298117882,18.701351085867902,-0.27441438733078244,22.89984785809269,0.28444061289262185,0.36303405707258996,87.70418910372715,55.501029037342775,85.24360184759576,67.76963341933228,,,zaidvideos-11,15
94.08039051742033,165.6247589925476,28.801969297436727,104.8513586567715,162.06267137976812,20.44646819984678,-0.2835931967360871,22.697216306663965,0.2814626181908099,0.3641100059344103,86.90084188593815,55.87757599896102,84.71750888470966,68.04301988279038,,,zaidvideos-11,16
92.73383698880062,166.51394073494237,29.784437989181235,104.51117991646404,161.78179965513596,22.263953158496975,-0.2892399983409098,22.446430991863853,0.2781697510125569,0.36451221669226125,86.12229816051945,56.24318619343447,84.60380960697047,68.04955552112698,,,zaidvideos-11,17
91.38728346018091,167.4031224773371,30.76690668092574,104.1710011761566,161.5009279305038,24.081438117147165,-0.29488679994573247,22.195645677063744,0.2748768838343039,0.3649144274501122,85.34375443510075,56.60879638790791,84.49011032923129,68.05609115946358,,,zaidvideos-11,18
89.99763243817854,168.2093227211504,31.894238572541667,103.55004181838095,161.4417736265999,26.004672837375704,-0.3005220777663879,21.949742689663022,0.27117182364765813,0.36560083969867685,84.68262078326046,56.90777461655567,84.62355737963061,67.85667440490056,,,zaidvideos-11,19
88.55257035325562,168.90883246678752,33.20782314970656,102.56807880957476,161.6676845779181,28.063871536776396,-0.3061425392931139,21.71011698034723,0.26693680102165007,0.36665265386387325,84.17244294030671,57.12108317485612,85.07476399477947,67.39246171660947,,,zaidvideos-11,20
87.1075082683327,169.60834221242465,34.52140772687146,101.58611580076858,161.89359552923625,30.123070236177085,-0.31176300081983993,21.47049127103144,0.262701778395642,0.36770446802906964,83.66226509735296,57.33439173315657,85.52597060992834,66.92824902831839,,,zaidvideos-11,21
85.4400916321166,170.26734257225024,35.98345826661956,100.26647154895143,162.21447845613577,32.08114294090738,-0.3169911748913705,21.234919709557275,0.2580349660614032,0.36867359050166115,83.18977408669627,57.49582055469072,86.08028876654,66.40024009051517,,,zaidvideos-11,22
83.34817994343176,170.84900683189014,37.72894382584466,98.30216310593151,162.71667151823596,33.84615692853964,-0.32147043654843727,21.007087884871662,0.2525438279205421,0.36948484701564327,82.78923066497038,57.558206242398285,86.83145622958061,65.7504383127342,,,zaidvideos-11,23
81.25626825474693,171.43067109153003,39.47442938506976,96.3378546629116,163.21886458033615,35.6111709161719,-0.3259496982055039,20.77925606018605,0.24705268977968095,0.3702961035296254,82.38868724324446,57.62059193010586,87.58262369262124,65.10063653495324,,,zaidvideos-11,24
79.23036023404892,172.00936893966227,41.30667648655653,94.31593533638994,163.9540607328643,37.369719390573934,-0.3290975679380482,20.551034217875564,0.24123622675190512,0.3714703242969493,82.14452194596788,57.6429397448343,88.34522898276941,64.44104925006887,,,zaidvideos-11,25
77.40246321731145,172.57916755327145,43.399208214828285,92.12118335936309,165.3882661566762,39.1088713252853,-0.32825126189702497,20.32164232269045,0.23444378906338528,0.37373343782429874,82.36949102203923,57.545173940625354,89.1421477542402,63.7521054438743,,,zaidvideos-11,26
75.57456620057398,173.14896616688065,45.49173994310004,89.92643138233622,166.82247158048807,40.848023259996666,-0.32740495585600177,20.092250427505338,0.22765135137486542,0.37599655135164817,82.59446009811059,57.447408136416406,89.939066525711,63.06316163767973,,,zaidvideos-11,27
73.92417831833363,173.53248828918373,47.62333515913718,87.78081051738937,168.28099424034423,42.67367031028819,-0.3256460137313682,19.83857033379214,0.22107826246595635,0.3782760869458558,82.8434055535269,57.334699307452695,90.67831405215605,62.38461703695449,,,zaidvideos-11,28
73.23233976237765,172.91011735843378,49.96587320910734,85.90049765767458,169.87082997483935,44.96639098471254,-0.318958836755239,19.453733968027294,0.2156896569669454,0.38064430170109764,83.221823457406,57.141298144813284,91.10613685546211,61.76222814576367,,,zaidvideos-11,29
72.54050120642167,172.28774642768383,52.30841125907752,84.02018479795977,171.46066570933448,47.259111659136906,-0.31227165977910976,19.068897602262446,0.21030105146793437,0.3830125164563395,83.60024136128511,56.94789698217387,91.53395965876817,61.139839254572856,,,zaidvideos-11,30
71.8512219944566,171.61568594136835,54.65557895124136,82.18288153347241,172.86519202077196,49.54977956244308,-0.3052681402545145,18.684371360891614,0.20482274322694002,0.38541242262163844,83.99709635758325,56.73564889559731,91.9331215486364,60.52534868789884,,,zaidvideos-11,31
71.20033294235533,170.19828212157012,57.07219127631009,80.99072219739668,171.49007698634514,51.809655898976324,-0.29351948250292964,18.304496985431065,0.19799889385619493,0.38828769993779366,84.67050774016701,56.24069694996345,91.90236973693682,60.02933298897696,,,zaidvideos-11,32
70.54944389025405,168.78087830177188,59.48880360137882,79.79856286132095,170.11496195191833,54.06953223550957,-0.28177082475134485,17.924622609970516,0.19117504448544984,0.3911629772539489,85.34391912275078,55.74574500432959,91.87161792523726,59.53331729005508,,,zaidvideos-11,33
69.89855483815279,167.36347448197364,61.905415926447546,78.60640352524521,168.73984691749152,56.32940857204282,-0.27002216699976,17.544748234509967,0.18435119511470474,0.39403825457010405,86.01733050533454,55.25079305869574,91.8408661135377,59.0373015911332,,,zaidvideos-11,34
69.39516882551229,166.13846554143345,64.30097345483959,77.9256968831078,167.40796122321328,58.14864072381988,-0.2508669714397775,17.027458025599916,0.1775904798606803,0.39632374294909206,87.00697233516546,54.54666658851929,92.15879255506442,58.54068901480456,,,zaidvideos-11,35
68.89654097543504,164.91966288732095,66.69585179624207,77.26148871496842,166.07747002377855,59.95365854705641,-0.23147285530533065,16.50573504786892,0.17083180119106622,0.39859020587849403,88.00681514716561,53.83579255303501,92.4879666821791,58.04405718436603,,,zaidvideos-11,36
68.3979131253578,163.70086023320846,69.09073013764454,76.59728054682903,164.74697882434378,61.758676370292946,-0.21207873917088374,15.984012070137918,0.16407312252145212,0.40085666880789594,89.00665795916579,53.12491851755074,92.81714080929378,57.5474253539275,,,zaidvideos-11,37
68.14670011597781,162.49197470588948,71.29021718407282,75.7584187870138,164.17705805117797,63.44484853372285,-0.18612951346800768,15.249290610343156,0.1589936942590463,0.402508323819061,90.35470236459153,52.152118684927785,94.00313259247967,56.57580620352926,,,zaidvideos-11,38
67.93083208384027,161.28450591096959,73.46179118836191,74.89460651410201,163.71579019605053,65.11404274575179,-0.15924384354107035,14.484140795967857,0.15415415891195594,0.4040721491276208,91.75248985479236,51.141900881285025,95.31152689796146,55.5363317217082,,,zaidvideos-11,39
67.71496405170275,160.0770371160497,75.63336519265101,74.03079424119021,163.2545223409231,66.78323695778073,-0.13235817361413302,13.718990981592556,0.14931462356486558,0.4056359744361806,93.15027734499319,50.131683077642265,96.61992120344324,54.49685723988714,,,zaidvideos-11,40
67.40160365912254,158.89770748042852,77.44743256636735,72.4160537176252,162.63377937000683,67.49817970149618,-0.10356549030571528,12.854727812289502,0.14628072723775182,0.40480195278592207,94.90433779521604,48.62870913269716,98.6496855468381,52.66078084131868,,,zaidvideos-11,41
67.0609454056184,157.72625680941096,79.16139808352332,70.59105328387732,161.96838336666968,67.94593203408385,-0.07423884325048322,11.96271290360668,0.14375240983623153,0.40329653398719445,96.75815467424503,46.98776346818742,100.88143350084862,50.60165590606096,,,zaidvideos-11,42
66.72028715211424,156.55480613839342,80.8753636006793,68.76605285012941,161.30298736333256,68.39368436667154,-0.044912196195250983,11.070697994923854,0.14122409243471123,0.4017911151884669,98.61197155327406,45.34681780367766,103.11318145485913,48.542530970803234,,,zaidvideos-11,43
66.14351061190995,156.18399972103037,82.48483461386489,68.15107053083658,159.6421984118485,69.54679874419332,-0.013342865247111153,10.230403572719636,0.13879772875927865,0.3989325642281932,100.79551959617118,43.51539204966217,105.70938401738769,46.29608162060687,,,zaidvideos-11,44
65.45940757775102,156.17712250987393,84.04680812524578,68.08609644538696,157.5289581202977,71.02053223304881,0.0192458674705321,9.413618462551147,0.1364177076866132,0.3954589531944895,103.12894544082653,41.59738443678044,108.47124776560628,43.964484809074754,,,zaidvideos-11,45
64.77530454359211,156.17024529871748,85.60878163662666,68.02112235993732,155.4157178287469,72.4942657219043,0.05183460018817535,8.596833352382658,0.1340376866139478,0.39198534216078573,105.46237128548188,39.67937682389871,111.23311151382487,41.63288799754264,,,zaidvideos-11,46
64.3676663598175,156.07349379788897,87.16884630916522,65.96421606244279,155.88545418273483,72.97735635060661,0.08747772693397096,7.77953672448934,0.13342787093569863,0.3879273973622268,107.9251655045992,37.720905009312595,114.02660064398644,39.347884533953284,,,zaidvideos-11,47
64.14918833683218,155.9152493620217,88.72760493407482,62.54440877775968,158.12249034682816,72.78263870657257,0.12521070222534425,6.961890110784301,0.13402924842205,0.38346964525087224,110.47647492729577,35.7347471619814,116.84172819337215,37.09476072948267,,,zaidvideos-11,48
63.93071031384685,155.75700492615442,90.28636355898442,59.12460149307655,160.3595265109215,72.58792106253853,0.16294367751671773,6.144243497079257,0.1346306259084014,0.3790118931395176,113.02778434999234,33.7485893146502,119.65685574275787,34.84163692501205,,,zaidvideos-11,49
63.9438799035341,155.72000844398968,91.92539433497335,57.609104978350835,161.20049057130814,73.48998739243066,0.19891340987692707,5.395196556280161,0.1359692730372041,0.3752581679294566,115.59516059334108,31.77143297773744,122.29496203197459,32.665431932307335,,,zaidvideos-11,50
64.18869710589394,155.8042599155275,93.64469726204162,57.99791923358253,160.64538252798806,75.48883769624896,0.2331198993059724,4.714749288387008,0.1380451898084581,0.37220846962068915,118.17860365734198,29.80327815124312,124.7560470610223,30.566145751368524,,,zaidvideos-11,51
64.43351430825376,155.88851138706534,95.36400018910986,58.386733488814215,160.090274484668,77.48768800006725,0.26732638873501735,4.034302020493862,0.14012110657971205,0.36915877131192176,120.76204672134284,27.835123324748828,127.21713209006998,28.466859570429737,,,zaidvideos-11,52
64.78882755602429,156.11525717203972,96.9780324139978,59.11021599792261,159.71340441006782,79.35548775030122,0.2993692710731064,3.4620770413372965,0.14082021009363166,0.3665138658008435,123.37964029118355,25.91891224301242,129.61746794183037,26.49971814587636,,,zaidvideos-11,53
65.30563502401048,156.55026387665222,98.43820745877608,60.32282903192773,159.59703598205834,81.03175207606583,0.3282499584321063,3.0480230995649564,0.13950704807760103,0.3644605805325415,126.0471461387902,24.078618942075988,131.92901653447856,24.72571136527087,,,zaidvideos-11,54
65.82244249199667,156.9852705812647,99.89838250355434,61.53544206593285,159.48066755404886,82.7080164018304,0.35713064579110587,2.633969157792621,0.1381938860615704,0.36240729526423954,128.7146519863968,22.238325641139575,134.24056512712673,22.9517045846654,,,zaidvideos-11,55
66.36867076196044,157.59978335717057,101.28396685941533,63.235199941488396,159.64021616354435,84.71343441549982,0.38865995418326904,2.2575259602379574,0.13570376919328683,0.3602060049630324,131.4699283737705,20.42384691551826,136.50766117347783,21.421027351376598,,,zaidvideos-11,56
66.97962479627493,158.6092094899218,102.50545169965824,66.0066764684548,160.40678225555084,87.44299054255974,0.4260162288483908,1.9638263999621817,0.13062435165004696,0.35767910358943394,134.41829994863164,18.666160255590228,138.6769616179753,20.425675122184497,,,zaidvideos-11,57
67.59057883058941,159.61863562267303,103.72693653990116,68.77815299542122,161.1733483475573,90.17254666961968,0.46337250351351256,1.670126839686406,0.12554493410680706,0.35515220221583543,137.36667152349278,16.908473595662198,140.84626206247282,19.430322892992397,,,zaidvideos-11,58
68.38254442848378,160.46743182199927,104.99944973815242,71.74501574532637,161.81016305743495,92.83444671747024,0.4980506273050712,1.404580367669464,0.12009575398047243,0.35323472178033616,140.23861880566798,15.225408432199679,143.0643210087406,18.447515787840604,,,zaidvideos-11,59
69.82097989630626,160.74254968766496,106.45420707214771,75.40968643429827,161.98357997399535,95.25471791100153,0.5231639265481888,1.2395806394340814,0.11332599320022836,0.35349374469519107,142.83762218539323,13.808848613256938,145.45651746133066,17.509512697118534,,,zaidvideos-11,60
71.25941536412873,161.01766755333063,107.90896440614301,79.0743571232702,162.15699689055577,97.67498910453287,0.5482772257913066,1.0745809111986968,0.10655623241998423,0.35375276761004604,145.4366255651185,12.39228879431418,147.84871391392076,16.57150960639645,,,zaidvideos-11,61
72.79697257159285,161.39920417210624,109.37145621075405,83.16269297234359,162.08558511374255,100.31212410747408,0.5731407420194657,0.9136229937313245,0.09971345199954929,0.35401814653452435,148.00471269132643,11.014770160355027,150.23251889243295,15.635699629892532,,,zaidvideos-11,62
75.0283819565484,162.52567206265135,110.88808930967522,90.21668494212729,160.3003724833138,104.46730577628469,0.5962557771429168,0.7809577516400231,0.09235953409777811,0.35432801752636633,150.35638604291336,9.910539821280986,152.5575835523999,14.715241452915684,,,zaidvideos-11,63
77.25979134150394,163.65213995319647,112.4047224085964,97.27067691191091,158.5151598528851,108.62248744509526,0.6193708122663676,0.6482925095487233,0.08500561619600702,0.35463788851820827,152.70805939450022,8.80630948220696,154.88264821236686,13.794783275938848,,,zaidvideos-11,64
79.55766850359396,164.74907615356503,113.93359826889602,104.2720665777422,156.83934888218485,112.72621256172339,0.6425811360645631,0.5134376283952743,0.07767803716463924,0.354816717011139,155.05866470016258,7.704822054142053,157.204613117814,12.874220289926159,,,zaidvideos-11,65
83.91604675685245,164.9305299584609,115.84199973192783,109.64278482105107,158.55498936306734,115.23478456069579,0.6687454087798477,0.31070393631520643,0.07116696311577361,0.3509332280378225,157.37616058216432,6.688364867359912,159.430485633148,11.950408223802045,,,zaidvideos-11,66
88.2744250101109,165.11198376335676,117.75040119495962,115.01350306435987,160.27062984394982,117.74335655966817,0.6949096814951319,0.10797024423514084,0.06465588906690807,0.34704973906450604,159.693656464166,5.6719076805777835,161.65635814848198,11.026596157677941,,,zaidvideos-11,67
92.6328032633694,165.29343756825264,119.65880265799143,120.38422130766875,161.98627032483233,120.25192855864057,0.7210739542104164,-0.09476344784492707,0.058144815018042445,0.34316625009118956,162.01115234616773,4.655450493795643,163.882230663816,10.10278409155383,,,zaidvideos-11,68
98.28023764184441,165.15411828706112,121.46341633427548,125.7005900538085,160.92491091419467,122.14277979768636,0.753444328224463,-0.315736413896727,0.054527860831884586,0.33426399884758035,163.916883214295,3.858613495331269,165.31516751254512,9.462713265819804,,,zaidvideos-11,69
104.0136090953339,164.99341413346383,123.26111082477638,131.01333550013703,159.67841817745568,123.99244965273706,0.7862284423250938,-0.5379253315466449,0.051103847969907176,0.3250271634526183,165.79516308149735,3.076417842754734,166.69524198350058,8.841558522778442,,,zaidvideos-11,70
109.74698054882333,164.8327099798665,125.05880531527727,136.3260809464655,158.43192544071673,125.84211950778776,0.8190125564257243,-0.7601142491965605,0.04767983510792981,0.31579032805765633,167.6734429486997,2.294222190178208,168.07531645445604,8.220403779737088,,,zaidvideos-11,71
115.60179385031952,163.60467211465527,126.54166798434989,141.5350113888799,157.80390477536415,127.38173471525354,0.8359703379208392,-1.115586780198641,0.04961972864535483,0.30905105373875325,168.63770387006758,2.021022807623461,169.20181303650352,7.547566102316991,,,zaidvideos-11,72
121.47909638292816,162.17897985840443,127.96622846426914,146.72471683056952,157.29041597508308,128.86393239538882,0.8499973170815995,-1.495741461821496,0.05255293818266917,0.3027742907302314,169.4327020236884,1.8420819935912593,170.28135075023476,6.865157511123046,,,zaidvideos-11,73
127.35639891553672,160.75328760215362,129.39078894418836,151.91442227225906,156.77692717480204,130.3461300755241,0.8640242962423598,-1.875896143444347,0.05548614771998348,0.29649752772170956,170.22770017730917,1.6631411795590596,171.36088846396598,6.182748919929108,,,zaidvideos-11,74
132.5006257073095,159.90161856768094,130.41836375328748,155.18884364232616,156.7718819127148,130.94186310201692,0.8762109194474651,-2.234225287335577,0.05970714005411489,0.28937647431014585,170.87332109730937,1.5049481183770945,171.9863288973079,5.7030931413968915,,,zaidvideos-11,75
137.4004939188036,159.24129060713432,131.31361000544658,157.82483698851905,156.93631783002547,131.24210791062896,0.8877840906673521,-2.5852792519829286,0.0643573933205186,0.2819739907642349,171.46914960610272,1.3536709748118763,172.46040357052013,5.291021633751919,,,zaidvideos-11,76
142.3003621302977,158.58096264658772,132.20885625760565,160.46083033471197,157.10075374733617,131.542352719241,0.8993572618872391,-2.9363332166302802,0.06900764658692231,0.274571507218324,172.06497811489604,1.202393831246658,172.93447824373231,4.878950126106947,,,zaidvideos-11,77
146.61299624865623,157.31414371683115,132.87097768319663,162.6648039604974,157.41247019810928,131.56247808838802,0.903929287344166,-3.2708384728375064,0.07368370133451181,0.2680609157122609,172.56324639040324,1.0727373963915974,173.10277693644352,4.617900916873688,,,zaidvideos-11,78
150.6180315563246,155.72963904129796,133.4109861043948,164.64248154225984,157.80133359498174,131.4358742273391,0.9048340459728758,-3.5966753579570425,0.07837327114367475,0.2620175057508801,173.01041168657005,0.9544060946704309,173.1109072584161,4.43595862585609,,,zaidvideos-11,79
154.62306686399305,154.14513436576476,133.95099452559296,166.62015912402228,158.19019699185424,131.3092703662902,0.9057388046015855,-3.922512243076582,0.08306284095283774,0.25597409578949926,173.4575769827369,0.8360747929492631,173.11903758038866,4.25401633483849,,,zaidvideos-11,80
157.533750528117,152.6344307570677,134.09815792786972,167.54510486554807,157.68345678710514,130.89236242686042,0.9021122545444539,-4.189690327985631,0.08714088789340428,0.2516042458896387,173.6184868820936,0.7609215589053809,173.00941919552514,4.143907630004821,,,zaidvideos-11,81
159.59327180281753,151.181127978132,133.93977520431866,167.6512591757787,156.4801360033171,130.24966242646775,0.8949613532872233,-4.41124490161986,0.09074330593617368,0.24853605381540492,173.55675369504252,0.7193512663882737,172.80821848312243,4.089669492203093,,,zaidvideos-11,82
161.65279307751803,149.72782519919633,133.78139248076764,167.75741348600934,155.2768152195291,129.60696242607506,0.8878104520299928,-4.632799475254087,0.09434572397894304,0.24546786174117116,173.4950205079914,0.6777809738711671,172.60701777071972,4.035431354401365,,,zaidvideos-11,83
162.81643165012446,148.09659186650975,133.48060695802124,167.78765145053148,154.50060278094026,129.16609646127307,0.8785399027879904,-4.828157804292665,0.09775256287146039,0.24494881978632185,173.42030324297787,0.6461987743729383,172.46226229075563,3.9233865381605217,,,zaidvideos-11,84
162.96473649369096,146.26370390623876,133.0184315961867,167.7318508899173,154.20844646691046,128.95397573680717,0.8668670858299131,-4.993827056122846,0.10093774539369214,0.24731881463344157,173.3308706896069,0.6259364136294372,172.381478074222,3.7458274863553456,,,zaidvideos-11,85
163.11304133725747,144.43081594596782,132.5562562343522,167.67605032930314,153.91629015288066,128.74185501234126,0.8551942688718359,-5.159496307953025,0.10412292791592387,0.2496888094805613,173.24143813623593,0.6056740528859362,172.30069385768837,3.5682684345501716,,,zaidvideos-11,86
163.16394350199008,143.08308883444798,132.29875320021108,167.4119786187759,153.36711975998116,128.58233367594855,0.8455662311890378,-5.240184688296821,0.10601014125999082,0.251657462845868,173.1500511599115,0.5723209533241919,172.04779594070482,3.4660182506610435,,,zaidvideos-11,87
163.0525078686662,142.54396313751334,132.3823707122256,166.80078832506018,152.38959256896558,128.51047798634454,0.8393461589650384,-5.1792382828299806,0.10573407264044982,0.2529572137414863,173.0554068119979,0.5171499557320434,171.5080418563047,3.4892828466319896,,,zaidvideos-11,88
162.94107223534235,142.0048374405787,132.46598822424014,166.18959803134447,151.41206537794997,128.43862229674053,0.8331260867410388,-5.11829187736314,0.10545800402090881,0.2542569646371046,172.96076246408427,0.4619789581398943,170.96828777190458,3.5125474426029366,,,zaidvideos-11,89
162.89216253613944,141.2700493608243,132.5740340561132,165.64231193655982,150.87891520056854,128.35357935180255,0.8289665722019334,-5.061307239150648,0.10502729776244908,0.2555884972441048,172.87992646173237,0.4338735471346154,170.49787615862112,3.4890476294643453,,,zaidvideos-11,90
163.0030413352456,140.03523519164142,132.7445078165136,165.25833657237672,151.4813951691411,128.23483564323328,0.8300729273020013,-5.014447117254823,0.1042014064267526,0.2570012497801922,172.8343784535937,0.4749357462957775,170.20467308263582,3.346038770823607,,,zaidvideos-11,91
163.11392013435176,138.80042102245855,132.91498157691402,164.87436120819362,152.08387513771365,128.11609193466404,0.8311792824020693,-4.967586995358998,0.10337551509105611,0.25841400231627953,172.788830445455,0.5159979454569401,169.9114700066505,3.203029912182867,,,zaidvideos-11,92
163.2431752219107,137.6590848158957,133.09477498371706,164.53588150663717,152.55981156486348,128.02322536200234,0.8320974456750052,-4.920862768672287,0.10261843608133303,0.2596988329025023,172.72541443762034,0.5447806785902086,169.65101844327762,3.073929958362889,,,zaidvideos-11,93
163.45206089276488,136.92281978068635,133.31495352493147,164.39454967646293,152.48739264584805,128.04249304494004,0.8322001110303687,-4.874727421225068,0.10215954381749466,0.2604293350393116,172.58457043110303,0.5203523922692734,169.53249010122528,3.00510192543287,,,zaidvideos-11,94
163.66094656361904,136.18655474547703,133.5351320661459,164.25321784628866,152.41497372683264,128.06176072787773,0.8323027763857324,-4.828592073777849,0.1017006515536563,0.2611598371761209,172.4437264245857,0.4959241059483385,169.41396175917293,2.9362738925028515,,,zaidvideos-11,95
163.81742666151192,135.45127297364473,133.7260367258492,164.1058849315721,152.37661478257246,128.07470982407642,0.8329468132061415,-4.783713892974715,0.10120755018527698,0.2618380232928777,172.32262586375268,0.47719388832729104,169.31116767808803,2.86195939251574,,,zaidvideos-11,96
163.46731955411207,134.7254960811241,133.63396053094505,163.90054153294642,152.6675022609461,128.02657924846463,0.8388241075219912,-4.750988323064399,0.10038376080633502,0.26201048788246023,172.3923786112013,0.5135450014718203,169.3604714530216,2.7346090443100604,,,zaidvideos-11,97
163.11721244671222,133.99971918860345,133.5418843360409,163.69519813432075,152.9583897393197,127.97844867285286,0.8447014018378408,-4.718262753154082,0.09955997142739305,0.26218295247204276,172.4621313586499,0.5498961146163491,169.40977522795515,2.607258696104382,,,zaidvideos-11,98
162.7671053393124,133.27394229608282,133.44980814113677,163.48985473569508,153.24927721769333,127.93031809724108,0.8505786961536904,-4.685537183243766,0.0987361820484511,0.2623554170616253,172.53188410609854,0.586247227760878,169.45907900288873,2.479908347898704,,,zaidvideos-11,99
90.57493758879205,162.0695678148012,21.786347609966374,102.53452133410114,162.65744335087166,15.972291060391024,-0.06016005312359359,26.0208600781291,0.27211017746677696,0.3682542166614064,85.48574656093483,58.46431313356106,82.44501596882273,69.61331829155363,10.74659507333952,1.622312859313341,zaidvideos-12,0
90.62204098776552,162.5163240644001,22.452961337192406,102.42417730223448,163.14459623121428,16.869609658627255,-0.06716775869379024,25.88264156258192,0.27233257739210603,0.36915778955932116,85.06831509609606,58.63630724465363,82.02099778246374,69.97184333608045,10.74659507333952,1.622312859313341,zaidvideos-12,1
90.66914438673898,162.963080313999,23.119575064418438,102.31383327036784,163.63174911155693,17.766928256863487,-0.07417546426398688,25.744423047034736,0.2725549773174351,0.370061362457236,84.6508836312573,58.80830135574619,81.59697959610473,70.33036838060727,10.74659507333952,1.622312859313341,zaidvideos-12,2
90.71624778571244,163.4098365635979,23.78618879164447,102.20348923850118,164.11890199189955,18.66424685509972,-0.08118316983418353,25.606204531487556,0.2727773772427642,0.37096493535515074,84.23345216641853,58.980295466838754,81.17296140974574,70.6888934251341,10.74659507333952,1.622312859313341,zaidvideos-12,3
90.48459462739541,163.70408852311266,24.452921337500445,102.22081185476546,163.68451109399547,19.73335470400606,-0.08704104511022885,25.41978609519426,0.27266734828321404,0.37169799826074856,83.75062753524271,59.148922685323036,80.95148078192196,70.80069616280069,10.74659507333952,1.622312859313341,zaidvideos-12,4
90.22410458384142,163.98256417675665,25.119666174938825,102.25134136566395,163.15478808110035,20.820233854705858,-0.09277997242481023,25.228381460203092,0.2725229301286764,0.37241342220162393,83.26103809375617,59.31720160457198,80.75095231532595,70.8869759032059,10.74659507333952,1.622312859313341,zaidvideos-12,5
89.96361454028744,164.26103983040065,25.786411012377204,102.28187087656245,162.62506506820523,21.907113005405655,-0.09851889973939162,25.036976825211923,0.2723785119741387,0.3731288461424993,82.77144865226963,59.485480523820925,80.55042384872995,70.97325564361108,10.74659507333952,1.622312859313341,zaidvideos-12,6
89.33100092006013,165.07644459119905,26.9007032517273,101.86956954207056,161.5309040064267,23.88575102864084,-0.10990638441828689,24.765507836566787,0.2715642774293934,0.3748908186556424,82.04679894690355,59.735178918039885,80.08976260728038,71.16804637141107,10.74659507333952,1.622312859313341,zaidvideos-12,7
88.61251262829282,166.01575606903313,28.11827566074933,101.35507647402706,160.30648801029045,26.07017956092265,-0.12259738233510072,24.47556245861689,0.2705954698715233,0.3768943023777703,81.2679045652576,60.003666421867315,79.56907072547999,71.38787809630215,10.74659507333952,1.622312859313341,zaidvideos-12,8
87.89402433652552,166.95506754686718,29.335848069771355,100.84058340598355,159.0820720141542,28.25460809320446,-0.13528838025191453,24.18561708066699,0.2696266623136531,0.37889778609989816,80.48901018361163,60.272153925694745,79.04837884367961,71.60770982119324,10.74659507333952,1.622312859313341,zaidvideos-12,9
86.89209621604873,167.94663552687504,30.8082240900749,100.05250477246135,157.3096049738995,30.001665823152347,-0.1442355212000062,23.85924409031377,0.26734374549804224,0.3804261853117498,79.75568869223046,60.514828322082614,78.8884718925718,71.34963898647317,10.74659507333952,1.622312859313341,zaidvideos-12,10
85.77925685825083,168.95865170338573,32.38030587131469,99.15737091766489,155.32268317725064,31.57757845653478,-0.15171767463859787,23.518616816846205,0.26454661201635893,0.38176868188914564,79.0402000709529,60.747401937298484,78.86974165347412,70.90456280234005,10.74659507333952,1.622312859313341,zaidvideos-12,11
84.66641750045294,169.97066787989638,33.95238765255448,98.26223706286842,153.33576138060178,33.15349108991721,-0.15919982807718955,23.17798954337864,0.2617494785346756,0.3831111784665414,78.32471144967535,60.979975552514354,78.85101141437644,70.45948661820692,10.74659507333952,1.622312859313341,zaidvideos-12,12
83.46346446773983,170.9472830581475,35.774798843915036,96.93409461158652,152.59768329853725,34.699341228520524,-0.16357070005574456,22.831170172457433,0.25815225534460806,0.38465278869383035,77.76785120404148,61.11281847186297,79.07476210046076,69.84262795848699,10.74659507333952,1.622312859313341,zaidvideos-12,13
82.2064432300776,171.90265763744287,37.74740768134805,95.34614700241336,152.60891144522327,36.22715387025636,-0.16607480315827755,22.480635543064043,0.25407497832951,0.3863138671110552,77.30616798379381,61.18582297369123,79.44400134165426,69.12269981341497,10.74659507333952,1.622312859313341,zaidvideos-12,14
80.94942199241537,172.85803221673822,39.72001651878105,93.7581993932402,152.62013959190932,37.75496651199219,-0.16857890626081054,22.130100913670653,0.2499977013144119,0.38797494552828005,76.84448476354615,61.258827475519496,79.81324058284775,68.40277166834295,10.74659507333952,1.622312859313341,zaidvideos-12,15
79.67025905012483,173.59632820454271,41.75823638039101,92.19553030820789,152.77654006623496,39.46333554145736,-0.16588665141238484,21.757247087984386,0.24476279188665498,0.38993763155683525,76.55364066951233,61.228881949134326,80.28442687179555,67.63842300934319,10.74659507333952,1.622312859313341,zaidvideos-12,16
78.37155930963284,174.1430842586788,43.85434832215709,90.6551658032999,153.0610337708308,41.33101903068371,-0.15860937484252502,21.36469985380441,0.2385064420947873,0.392166441948329,76.41353698096133,61.108098162560836,80.8455664381736,66.83487977923069,10.74659507333952,1.622312859313341,zaidvideos-12,17
77.07285956914087,174.68984031281488,45.950460263923155,89.11480129839188,153.34552747542665,43.198702519910064,-0.1513320982726652,20.97215261962443,0.23225009230291968,0.3943952523398228,76.27343329241032,60.987314375987346,81.40670600455167,66.03133654911821,10.74659507333952,1.622312859313341,zaidvideos-12,18
75.8856102959468,175.22236137414794,48.1488923116461,87.58662336655006,154.11179564186884,45.01965308240758,-0.14035306211175005,20.589764129727502,0.22534992907020757,0.39671771782834614,76.32832174651932,60.7885390555237,81.90586622337408,65.32767142143084,10.74659507333952,1.622312859313341,zaidvideos-12,19
74.84165448070719,175.73658030187713,50.4788787813136,86.07411388579334,155.49748811639913,46.78051845339658,-0.12461462076233527,20.220436882480207,0.21762200569926687,0.39916059701305034,76.63391438404837,60.48948890577272,82.32533870962493,64.75242099686146,10.74659507333952,1.622312859313341,zaidvideos-12,20
73.79769866546758,176.25079922960632,52.80886525098108,84.56160440503662,156.8831805909294,48.54138382438558,-0.10887617941292052,19.851109635232913,0.20989408232832618,0.4016034761977545,76.9395070215774,60.19043875602173,82.74481119587578,64.17717057229208,10.74659507333952,1.622312859313341,zaidvideos-12,21
72.90832461270509,176.31802938263044,55.16546316419566,83.28016468799035,158.21777879651736,50.30270246333289,-0.09082697758346493,19.444146499020334,0.2026309576343632,0.4038615903772647,77.32200115591048,59.82043286556445,83.16673462806854,63.64722776474311,10.74659507333952,1.622312859313341,zaidvideos-12,22
72.31406119739894,175.53191732939956,57.57286474236378,82.4398581562095,159.45483339776086,52.06488643201879,-0.06836632392847695,18.96533302932859,0.19625517586917585,0.405766971365041,77.85130723868767,59.31496601557699,83.59333713887767,63.20378131696035,10.74659507333952,1.622312859313341,zaidvideos-12,23
71.71979778209278,174.74580527616865,59.98026632053188,81.59955162442864,160.69188799900436,53.82707040070467,-0.04590567027348904,18.486519559636847,0.18987939410398852,0.4076723523528172,78.38061332146484,58.809499165589536,84.01993964968679,62.760334869177605,10.74659507333952,1.622312859313341,zaidvideos-12,24
71.25127687084793,173.8466244334597,62.40646579106981,80.79265576120841,161.9137391366771,55.593039979678956,-0.02274020075731857,17.998714218192156,0.1834160589603024,0.40941930496163575,79.03932423824078,58.25154611543658,84.483401434728,62.35558502999113,10.74659507333952,1.622312859313341,zaidvideos-12,25
71.15998347178693,172.6082372223167,64.88905893871717,80.08599190367005,163.0899798836375,57.37036638951844,0.0025397163423993424,17.483933261488623,0.17669006368112009,0.4106909724335812,80.08624965701301,57.53613446478715,85.05744104246547,62.0669250165935,10.74659507333952,1.622312859313341,zaidvideos-12,26
71.06869007272591,171.36985001117367,67.37165208636453,79.37932804613169,164.2662206305979,59.14769279935791,0.027819633442117263,16.96915230478509,0.16996406840193776,0.4119626399055267,81.13317507578523,56.82072281413772,85.63148065020293,61.77826500319587,10.74659507333952,1.622312859313341,zaidvideos-12,27
70.98214503639554,170.12912092050408,69.80900318640178,78.76202882819553,165.09331132188242,60.92218759083789,0.053154592832131246,16.439309717318334,0.16336096083565976,0.4133389497457373,82.20695636632377,56.075639826052786,86.26833132681242,61.454485500010676,10.74659507333952,1.622312859313341,zaidvideos-12,28
70.92124115881047,168.87574568039108,72.00204722934443,78.62729866411121,164.03499171251732,62.681391643176575,0.07878678058974385,15.828134323730179,0.15742144691906526,0.4152803283745797,83.42575936440034,55.170331615816146,87.24436177533079,60.94106075197263,10.74659507333952,1.622312859313341,zaidvideos-12,29
70.86033728122543,167.62237044027808,74.1950912722871,78.49256850002689,162.97667210315223,64.44059569551527,0.1044189683473566,15.21695893014202,0.15148193300247073,0.4172217070034221,84.6445623624769,54.265023405579505,88.22039222384917,60.42763600393457,10.74659507333952,1.622312859313341,zaidvideos-12,30
70.76983139980827,166.35222723879195,76.36969950740041,78.3089680790048,161.7868979441837,66.15784082627795,0.13041492308049027,14.600902146734573,0.14572640139996182,0.4189537572308535,85.88889469368198,53.34416726034306,89.25839701008249,59.87142782240727,10.74659507333952,1.622312859313341,zaidvideos-12,31
70.23529546090951,164.83056461670924,78.26777062507351,77.39231380391617,158.62530554116418,67.24570213340033,0.16186738244643745,13.911624516037797,0.14273060450873698,0.41754588143712057,87.51616702181467,52.19009209010963,91.22601686203981,58.67346813854122,10.74659507333952,1.622312859313341,zaidvideos-12,32
69.70075952201076,163.30890199462655,80.16584174274661,76.47565952882753,155.46371313814467,68.3335634405227,0.19331984181238462,13.222346885341022,0.13973480761751217,0.4161380056433877,89.14343934994734,51.03601691987619,93.19363671399714,57.47550845467516,10.74659507333952,1.622312859313341,zaidvideos-12,33
69.16622358311201,161.78723937254387,82.0639128604197,75.5590052537389,152.30212073512516,69.42142474764508,0.2247723011783318,12.533069254644245,0.13673901072628733,0.4147301298496548,90.77071167808003,49.881941749642756,95.16125656595447,56.277548770809105,10.74659507333952,1.622312859313341,zaidvideos-12,34
68.71048743124577,160.06303338075782,83.54055560793606,74.8341229596194,144.53775550898192,70.25540917518963,0.25860933878655873,11.766015378367342,0.1351354288612255,0.41139971070201214,92.74500336856946,48.43154738997123,97.68093318056488,54.2324794980656,10.74659507333952,1.622312859313341,zaidvideos-12,35
68.25729320799348,158.33229373188456,85.00360389189896,74.1154268584344,136.62491374015735,71.0812040259736,0.29252329827356865,10.996452590942697,0.13357675715829798,0.408007274026824,94.73048923203814,46.97159434676944,100.21841807784149,52.160084109551875,10.74659507333952,1.622312859313341,zaidvideos-12,36
67.80409898474119,156.6015540830113,86.46665217586188,73.3967307572494,128.71207197133273,71.90699887675758,0.3264372577605788,10.226889803518048,0.13201808545537044,0.4046148373516359,96.71597509550682,45.51164130356766,102.75590297511812,50.087688721038134,10.74659507333952,1.622312859313341,zaidvideos-12,37
67.45559543994314,155.75817676539407,87.9658296931643,73.62215486734297,125.11068717805537,73.4911009229564,0.36439621972610425,9.482005884442955,0.13155501590907026,0.4009411394028381,99.23242795382482,43.81987422949118,105.53083452215627,47.77416096920111,10.74659507333952,1.622312859313341,zaidvideos-12,38
67.12204770635283,155.0415654950991,89.47016852951522,73.98245329333346,122.12522480985616,75.1835325685002,0.40293303918856044,8.740647517989226,0.13124846095657397,0.39722726127209607,101.82473323997844,42.09499086528974,108.33968701916035,45.42618573688934,10.74659507333952,1.622312859313341,zaidvideos-12,39
66.78849997276252,154.32495422480412,90.97450736586615,74.34275171932397,119.13976244165697,76.875964214044,0.4414698586510166,7.999289151535496,0.13094190600407768,0.39351338314135403,104.41703852613206,40.3701075010883,111.14853951616442,43.07821050457756,10.74659507333952,1.622312859313341,zaidvideos-12,40
66.31498469549125,154.52287372123004,92.36563894108038,75.23971426795504,117.29427559090652,78.903255835188,0.4814755725975289,7.280005722648861,0.13200091539741518,0.39053698702021444,107.16613296975922,38.46719120019189,114.45658896277267,40.45929835013455,10.74659507333952,1.622312859313341,zaidvideos-12,41
65.80227850598932,154.9768618323378,93.72507248317632,76.28694277092545,115.76798188504173,81.02430824950005,0.5218925769995766,6.566903276281015,0.13344228280758613,0.38776708586176356,109.95912837747896,36.5144256770209,117.90441355527007,37.764523857494815,10.74659507333952,1.622312859313341,zaidvideos-12,42
65.28957231648738,155.43084994344557,95.08450602527229,77.33417127389588,114.24168817917695,83.1453606638121,0.5623095814016246,5.853800829913165,0.13488365021775708,0.3849971847033127,112.75212378519873,34.5616601538499,121.35223814776748,35.06974936485506,10.74659507333952,1.622312859313341,zaidvideos-12,43
64.8055565130862,156.06392047761457,96.33832109100558,78.2267354119496,113.91213556488138,85.11938554362334,0.6027915634461485,5.198489307952352,0.13581679672801597,0.38148001621918654,116.11604925980642,32.40101243891609,124.86213482788041,32.35681515898377,10.74659507333952,1.622312859313341,zaidvideos-12,44
64.33458179427627,156.7783921131751,97.54412775839221,79.04899756595032,114.12655617402638,87.02657972593418,0.6433030807827071,4.569446387994737,0.13651893373831483,0.3776231807688444,119.73948840118133,30.145872818635553,128.4002460932731,29.635626538007234,10.74659507333952,1.622312859313341,zaidvideos-12,45
63.86360707546635,157.4928637487356,98.74993442577883,79.87125971995103,114.34097678317137,88.93377390824504,0.6838145981192657,3.9404034680371214,0.1372210707486137,0.3737663453185022,123.36292754255625,27.890733198355015,131.9383573586658,26.914437917030696,10.74659507333952,1.622312859313341,zaidvideos-12,46
63.85603038165978,158.24591428808444,99.8806879122433,81.10074609432874,114.32507080654791,90.89151915978317,0.7235916879070623,3.373880381373065,0.13631418133252107,0.3702448339916577,126.91281197586618,25.733051384964217,134.9682055929101,24.532694429838102,10.74659507333952,1.622312859313341,zaidvideos-12,47
64.16551549443444,159.02536091949895,100.96008922228732,82.60885956685915,114.15157295545133,92.8838519850031,0.7628662746351793,2.850134022751971,0.13430637909837118,0.366952754959838,130.41236950365794,23.642051228919037,137.6502949111055,22.383202876287164,10.74659507333952,1.622312859313341,zaidvideos-12,48
64.47500060720913,159.80480755091347,102.03949053233136,84.11697303938956,113.97807510435473,94.87618481022305,0.8021408613632967,2.3263876641308747,0.13229857686422125,0.36366067592801815,133.91192703144972,21.551051072873847,140.3323842293009,20.233711322736212,10.74659507333952,1.622312859313341,zaidvideos-12,49
65.07965064177948,160.44179083931328,103.1356941689119,85.73548929474765,117.68363762544558,96.91929943258889,0.8411448878172612,1.824701169972849,0.1291339295543872,0.3608583707537853,137.42815690424848,19.49719473669855,143.08810951059584,18.383116332755193,10.74659507333952,1.622312859313341,zaidvideos-12,50
65.97946559814552,160.9363107846984,104.24870013202896,87.46440833293343,125.26826051872386,99.01319585210064,0.8798783539970733,1.3450745402778912,0.12481243716886908,0.35854583943713936,140.96105912205422,17.480482220393142,145.9174707549903,16.831417906344093,10.74659507333952,1.622312859313341,zaidvideos-12,51
66.87928055451157,161.43083073008353,105.36170609514599,89.19332737111921,132.8528834120021,101.10709227161236,0.9186118201768848,0.8654479105829389,0.120490944783351,0.3562333081204935,144.49396133985994,15.463769704087756,148.7468319993847,15.27971947993301,10.74659507333952,1.622312859313341,zaidvideos-12,52
68.12400648171489,161.92802037189696,106.49326648936788,91.06616151284574,138.40086897314384,103.09645616402925,0.957532401355194,0.41723795293038923,0.11534111837846786,0.3543332364964303,147.82057736034886,13.585651658850363,151.60810440524008,13.861164244343868,10.74659507333952,1.622312859313341,zaidvideos-12,53
69.87283305860346,162.429111877721,107.6519448982815,93.14933311359344,140.97223074116323,104.93304174761526,0.9967264583005385,0.014944669801346566,0.10898064994528191,0.35303599057691104,150.84569816937483,11.9100947636354,154.51601620092305,12.637202903032929,10.74659507333952,1.622312859313341,zaidvideos-12,54
71.62165963549202,162.93020338354503,108.81062330719512,95.2325047143411,143.5435925091826,106.76962733120125,1.0359205152458826,-0.38734861332769166,0.10262018151209602,0.3517387446573918,153.87081897840073,10.234537868420453,157.423927996606,11.413241561722003,10.74659507333952,1.622312859313341,zaidvideos-12,55
73.97693405820763,163.47937829341123,110.10551390960897,97.65546672837623,146.09542821305888,108.64118187985233,1.0728163148473355,-0.7624508268116071,0.09604593485028541,0.34992091812908777,156.687122388639,8.701855555869235,160.0727471315104,10.313031486889665,10.74659507333952,1.622312859313341,zaidvideos-12,56
77.66639374174258,164.1343366921701,111.70007133772333,100.8259676516436,148.60430657582032,110.58966815164653,1.1046559482922267,-1.0777326870762411,0.08900137608550068,0.3469578142614572,159.04402752154436,7.483497325178265,162.15156241270194,9.485074198310247,10.74659507333952,1.622312859313341,zaidvideos-12,57
81.35585342527754,164.789295090929,113.29462876583769,103.99646857491098,151.11318493858175,112.53815442344074,1.1364955817371178,-1.3930145473408753,0.08195681732071594,0.3439947103938267,161.40093265444972,6.265139094487294,164.23037769389347,8.65711690973083,10.74659507333952,1.622312859313341,zaidvideos-12,58
85.49351331953987,165.3929063937735,114.93628150913018,107.53195084006282,153.34853180139555,114.5021475635668,1.16886140805088,-1.708115210742409,0.07543702018411237,0.3404595739549021,163.56447115104714,5.152583874231922,166.20881313493638,7.872030037890465,10.74659507333952,1.622312859313341,zaidvideos-12,59
91.23188825211403,165.8131352112096,116.74613180663023,112.37093789765899,154.6069804501107,116.52152237630641,1.2031064946106078,-2.0225687424899976,0.07079137171958463,0.3348814640470707,165.03741451797325,4.417896548389449,167.82874914687687,7.240051797261035,10.74659507333952,1.622312859313341,zaidvideos-12,60
96.97026318468826,166.23336402864575,118.5559821041303,117.20992495525519,155.86542909882587,118.54089718904604,1.2373515811703364,-2.3370222742375897,0.06614572325505685,0.32930335413923917,166.51035788489935,3.6832092225469673,169.4486851588174,6.608073556631599,10.74659507333952,1.622312859313341,zaidvideos-12,61
102.83971586747603,166.4866250421023,120.38568403872316,122.1350549134824,157.14572368683096,120.54764468127956,1.2706339099147221,-2.6439916382739623,0.06185612744514586,0.3236447554926875,167.94920713578404,2.977671586837878,171.03201362408032,5.996665255472711,10.74659507333952,1.622312859313341,zaidvideos-12,62
109.62671280175915,165.57111142770182,122.35434743296574,127.66318517612697,158.5789398498657,122.46600092997048,1.2971769339517134,-2.8985718283318307,0.060058900217551996,0.31742273567509444,169.1493975743787,2.476181782062461,172.3590892626003,5.529246530607605,10.74659507333952,1.622312859313341,zaidvideos-12,63
116.4137097360422,164.65559781330134,124.32301082720831,133.19131543877148,160.01215601290042,124.38435717866136,1.3237199579887042,-3.153152018389696,0.058261672989958144,0.3112007158575014,170.34958801297336,1.97469197728705,173.68616490112024,5.061827805742503,10.74659507333952,1.622312859313341,zaidvideos-12,64
123.18112157314093,163.74879555968926,126.2809359261554,138.70387522293086,161.3479802385951,126.29686697008543,1.3499663129036246,-3.40489611548441,0.05653879319737248,0.30497218972107953,171.53110665063852,1.4849744952111557,174.9967458849092,4.5949372375888275,10.74395482195709,1.6228773069846973,zaidvideos-12,65
129.341395397526,163.11204549051718,127.90597387094266,143.7337501740518,159.66465440674813,128.02813658623816,1.3670159250343565,-3.568721330721435,0.05712068389004041,0.29854196770096164,172.13379945948967,1.3601990168202733,175.7959925720371,4.144419527489333,10.65946677771928,1.6409396324681003,zaidvideos-12,66
135.50166922191096,162.4752954213451,129.5310118157299,148.76362512517267,157.98132857490117,129.75940620239086,1.384065537165088,-3.732546545958459,0.057702574582708326,0.29211174568084386,172.7364922683408,1.2354235384293921,176.59523925916503,3.6939018173898446,10.574978733481473,1.659001957951503,zaidvideos-12,67
141.66194304629602,161.83854535217304,131.15604976051716,153.7935000762936,156.29800274305418,131.49067581854356,1.40111514929582,-3.8963717611954842,0.05828446527537625,0.28568152366072597,173.33918507719196,1.1106480600385096,177.39448594629297,3.243384107290351,10.490490689243662,1.6770642834349059,zaidvideos-12,68
146.5411673588671,160.89866226662625,132.29665161807145,157.11754864125987,156.2361712376258,132.53459543774522,1.4030902468846604,-3.9906321482379656,0.05968700818837517,0.2793194490754314,173.55633394691438,1.1620724828233706,177.44194856228367,2.9554814023530493,11.058020840558672,1.6795487211314333,zaidvideos-12,69
151.33498837065068,159.93857031332115,133.40495773647692,160.3278754471492,156.2824393539586,133.5326917238168,1.4040603768373747,-4.080254880067479,0.06114426124939617,0.2729619176524583,173.7477798873616,1.2252435656866132,177.43929224019857,2.678419697759889,11.669018871577201,1.6809946329755028,zaidvideos-12,70
156.12880938243418,158.97847836001606,134.51326385488235,163.53820225303852,156.32870747029142,134.5307880098884,1.405030506790089,-4.169877611896993,0.06260151431041715,0.26660438622948524,173.9392258278088,1.288414648549855,177.43663591811344,2.401357993166732,12.280016902595724,1.682440544819572,zaidvideos-12,71
159.59593414026776,156.93223877617748,135.03494051608155,165.8275456120424,155.6930966442261,135.0150595815742,1.4041771739475115,-4.278427857402454,0.0646764406157906,0.26156585848285907,173.9457128305016,1.3113876787340861,177.2021314082971,2.24211020066168,13.272639152383164,1.6904958560456664,zaidvideos-12,72
162.8173744066292,154.68486074224012,135.44798209261293,167.94633648088237,154.93121193993892,135.40417842837377,1.40298616280951,-4.390483198033091,0.06686575085530341,0.25677159067629707,173.91794817805473,1.326916625088871,176.92469204890088,2.1046797992840527,14.335932553794486,1.699775130120284,zaidvideos-12,73
166.03881467299058,152.43748270830275,135.86102366914432,170.06512734972227,154.16932723565174,135.79329727517333,1.4017951516715084,-4.502538538663727,0.06905506109481621,0.2519773228697351,173.89018352560785,1.342445571443656,176.64725268950468,1.9672493979064267,15.399225955205795,1.7090544041949014,zaidvideos-12,74
167.68907944111933,150.33565328631613,136.06211394030151,170.9913132328429,153.03250467022738,135.8292821531542,1.3936703231519392,-4.557621286300296,0.07078700209306683,0.24940684689734155,173.67133555302576,1.3800877513483245,176.05957798351253,1.9774327135257743,16.539812260292152,1.7206177824114157,zaidvideos-12,75
168.81561904317056,148.28234006831315,136.192553776334,171.51996412072376,151.77070281775732,135.74755570819553,1.3832342221718474,-4.593713169605508,0.0723664866775634,0.24757763486967083,173.38879314039858,1.4251010091029535,175.36849149532176,2.036820601477445,17.706162866603506,1.732942528675229,zaidvideos-12,76
169.94215864522175,146.22902685031013,136.32299361236647,172.0486150086046,150.50890096528724,135.66582926323684,1.372798121191756,-4.6298050529107195,0.07394597126205996,0.2457484228420001,173.10625072777142,1.4701142668575824,174.67740500713097,2.096208489429115,18.872513472914864,1.7452672749390419,zaidvideos-12,77
170.16308467459692,145.12636912826355,136.3474166725039,172.30914686003257,150.3126587381543,135.7898213425922,1.360828802793185,-4.656370587037389,0.07514343401804308,0.24516031486694978,172.74829531629595,1.5143878300366937,174.00231618260128,2.133949273160359,20.13847845047554,1.7574248645442745,zaidvideos-12,78
169.90964168971317,144.5216738088608,136.3163071357439,172.42923540665188,150.67456679095986,136.02157074420728,1.3480563705087438,-4.677946128737203,0.0761407901019477,0.2452223090147006,172.3508378578047,1.5582739341524383,173.33560708665598,2.1603510975380456,21.456622384404884,1.7694948958997738,zaidvideos-12,79
169.65619870482945,143.91697848945807,136.28519759898393,172.5493239532712,151.0364748437654,136.25332014582236,1.3352839382243027,-4.699521670437016,0.07713814618585234,0.24528430316245145,171.95338039931346,1.602160038268183,172.66889799071066,2.1867529219157325,22.774766318334247,1.7815649272552736,zaidvideos-12,80
169.5270006763172,143.37598751549586,136.48324607621228,172.62842264615222,151.13800471086688,136.4361952094939,1.3221856280475617,-4.701284623937507,0.07839374341543953,0.24580959723480783,171.57790765974732,1.6122792462532138,171.95058225540942,2.2803570676986684,24.255987101766223,1.7818628088394173,zaidvideos-12,81
169.49443761387167,142.88454436576518,136.85952856432047,172.67564034168123,151.0370182113097,136.58105689920933,1.3088338572879208,-4.687637786616302,0.07985019486944653,0.24669523569296858,171.21953414601185,1.5961353128032454,171.1921280228313,2.426229685685687,25.864045434811374,1.7730045739347287,zaidvideos-12,82
169.46187455142612,142.3931012160345,137.2358110524287,172.72285803721024,150.93603171175246,136.72591858892477,1.29548208652828,-4.673990949295098,0.08130664632345351,0.24758087415112928,170.86116063227638,1.5799913793532772,170.43367379025318,2.5721023036727044,27.472103767856506,1.7641463390300405,zaidvideos-12,83
169.53125035711275,142.14293904085892,137.60630933129508,172.89699010115257,150.81855520671678,136.90259331212138,1.2849262696586918,-4.677896808456437,0.08280458856876657,0.2481402182264016,170.6079145363177,1.5226940211003974,169.84177546174027,2.648760514805666,28.686195213367277,1.7657288260004915,zaidvideos-12,84
169.7161568800159,142.16622863684583,137.97025217302084,173.21495844929663,150.68239002880551,137.11532280659662,1.2775392005311632,-4.701695723631326,0.08434955371089324,0.248329762001067,170.47381284717272,1.4187561147375511,169.43864049116792,2.6469757315040323,29.45379085300579,1.7791441310961003,zaidvideos-12,85
169.90106340291905,142.1895182328327,138.33419501474657,173.5329267974407,150.54622485089425,137.3280523010719,1.2701521314036346,-4.7254946388062145,0.08589451885301988,0.2485193057757324,170.33971115802774,1.314818208374706,169.0355055205956,2.6451909482023988,30.221386492644292,1.7925594361917092,zaidvideos-12,86
169.9658143715841,142.25634521680936,138.62742562665952,173.64845432012933,150.54814331950993,137.44367970014434,1.2648018023646568,-4.741032072087916,0.0874335819648614,0.24839486948830186,170.28242796655553,1.22053306046512,168.71101960023447,2.6112290238919376,30.76176042169255,1.803048894331002,zaidvideos-12,87
169.83030608318572,142.39573451410226,138.80280252221783,173.4265804670589,150.78020119900393,137.39747027354548,1.26284604013993,-4.742800368880975,0.08896280835956098,0.24774713309737806,170.35317560453797,1.1423358433109678,168.51761543022542,2.5236385312334333,30.923431499757065,1.8086619408764346,zaidvideos-12,88
169.69479779478732,142.53512381139515,138.97817941777612,173.20470661398844,151.01225907849792,137.3512608469466,1.2608902779152034,-4.7445686656740325,0.09049203475426058,0.24709939670645426,170.4239232425204,1.064138626156815,168.32421126021634,2.436048038574928,31.085102577821583,1.8142749874218675,zaidvideos-12,89
169.60156272394957,142.64763372370226,139.14179090268678,173.00780611393066,151.50475900142277,137.34412173458304,1.2595922789282172,-4.745885400031112,0.09174948940059932,0.24634065189552795,170.550161196374,0.9831534977017959,168.20885206934585,2.3229373622339478,31.24255410917904,1.8188510914767644,zaidvideos-12,90
169.61635920910007,142.69145187437897,139.2753352270534,172.87472640490515,152.66283303533757,137.43682898082082,1.2599752304376797,-4.746048141496245,0.09231241624557145,0.24529821890015086,170.8182077352318,0.8950437070334504,168.29294115849606,2.14460843870442,31.38922235450735,1.8207772313891806,zaidvideos-12,91
169.63115569425057,142.73527002505568,139.40887955142006,172.74164669587967,153.82090706925237,137.5295362270586,1.2603581819471419,-4.746210882961378,0.0928753430905436,0.24425578590477373,171.0862542740896,0.8069339163651038,168.3770302476463,1.9662795151748906,31.53589059983566,1.822703371301597,zaidvideos-12,92
169.6581769234341,142.79681088925162,139.53296230560738,172.61491336807848,154.8451220648128,137.6159415224185,1.2604860956883304,-4.7455671288794585,0.09340879215476368,0.24337072258644876,171.32568320381796,0.7245385728050421,168.45182536547918,1.8032660132351137,31.66291346579909,1.8244993782097794,zaidvideos-12,93
169.73817204342745,142.93515017869746,139.61604492235102,172.51568102558258,155.28928122750443,137.67503836397415,1.259508845766999,-4.74142856076031,0.09381450416905825,0.24316759453534967,171.44110249398554,0.6669058333808754,168.48634660760348,1.7066193381842514,31.70480635451471,1.825731475432948,zaidvideos-12,94
169.8181671634208,143.07348946814326,139.69912753909463,172.41644868308668,155.73344039019602,137.7341352055298,1.2585315958456673,-4.737289992641161,0.0942202161833528,0.24296446648425057,171.55652178415312,0.6092730939567093,168.5208678497278,1.6099726631333902,31.746699243230324,1.8269635726561166,zaidvideos-12,95
169.86694006996183,143.2398660913735,139.76193414379415,172.3153536111981,156.25120030365602,137.79580174545828,1.2576847537420042,-4.733605012031746,0.09461812634877746,0.2427489901273108,171.6729500449782,0.552427348161319,168.5560188181434,1.5136626411888299,31.759112569540978,1.828720479202106,zaidvideos-12,96
169.61389824646366,143.67727027451951,139.62873929873376,172.1962521551802,157.4804341412103,137.88230870299066,1.2580985205424684,-4.734304710683089,0.09494061864179322,0.2424141468139111,171.79913168882587,0.5031892074440932,168.5972571407078,1.420606932605177,31.486556792603704,1.8355505425353622,zaidvideos-12,97
169.3608564229655,144.1146744576655,139.4955444536734,172.0771506991623,158.7096679787646,137.968815660523,1.2585122873429324,-4.735004409334433,0.09526311093480898,0.24207930350051138,171.92531333267354,0.45395106672686797,168.6384954632722,1.327551224021525,31.21400101566643,1.8423806058686183,zaidvideos-12,98
169.10781459946733,144.55207864081152,139.36234960861302,171.9580492431444,159.93890181631886,138.05532261805538,1.2589260541433964,-4.735704107985776,0.09558560322782474,0.24174446018711168,172.0514949765212,0.40471292600964276,168.6797337858366,1.2344955154378732,30.941445238729155,1.8492106692018744,zaidvideos-12,99
84.63629060579761,161.67796141839722,29.63736474825959,95.38783497911844,150.5180421076363,26.330874563509568,0.015921914202972804,22.720830366972233,0.23131560047728297,0.39869834061198245,72.58920854296305,62.109547590902544,71.40116592024206,70.2832936853707,,,zaidvideos-13,0
83.78198434603823,162.51690064624333,30.137716676644974,94.66975482602189,150.54258169248425,26.82718091982439,0.021533964993815973,22.60790072728125,0.23007195734794622,0.3986333380999704,72.52332976635213,62.11168847677032,71.47529490344985,70.07471105383678,,,zaidvideos-13,1
82.92767808627886,163.35583987408947,30.638068605030362,93.95167467292532,150.56712127733223,27.32348727613921,0.02714601578465914,22.49497108759027,0.22882831421860944,0.3985683355879584,72.4574509897412,62.11382936263809,71.54942388665764,69.86612842230286,,,zaidvideos-13,2
82.07337182651948,164.19477910193558,31.138420533415747,93.23359451982877,150.5916608621802,27.819793632454036,0.032758066575502315,22.382041447899287,0.2275846710892727,0.3985033330759464,72.39157221313029,62.11597024850586,71.62355286986542,69.65754579076895,,,zaidvideos-13,3
81.2190655667601,165.0337183297817,31.638772461801135,92.51551436673222,150.61620044702818,28.31609998876886,0.03837011736634548,22.269111808208304,0.22634102795993594,0.39843833056393435,72.32569343651936,62.118111134373635,71.6976818530732,69.44896315923503,,,zaidvideos-13,4
80.44145310790543,165.75001353681185,32.28711495294719,91.9890077534784,150.99551792542752,28.916879579412576,0.044831801531279046,22.11038355392953,0.22504287782962512,0.3982586430972789,72.25399148736194,62.10196185599162,71.82084892104288,69.25528142469389,,,zaidvideos-13,5
79.69739418694657,166.412651984735,33.000203315301036,91.54631456390581,151.5300507322556,29.563366210075195,0.05166520029737717,21.931618405768603,0.22372088088638817,0.3980287809629669,72.17974190021543,62.07781063075033,71.96547015109587,69.06811883258709,,,zaidvideos-13,6
78.9533352659877,167.07529043265816,33.71329167765489,91.1036213743332,152.06458353908369,30.209852840737806,0.05849859906347529,21.752853257607672,0.22239888394315122,0.39779891882865487,72.10549231306891,62.05365940550903,72.11009138114886,68.8809562404803,,,zaidvideos-13,7
78.20927634502884,167.7379288805813,34.42638004000873,90.66092818476059,152.59911634591174,30.85633947140042,0.06533199782957341,21.57408810944674,0.22107688699991426,0.3975690566943429,72.0312427259224,62.02950818026773,72.25471261120185,68.6937936483735,,,zaidvideos-13,8
77.27929034398336,168.50764504448952,35.35618924052201,90.05629173736642,153.15429197121912,31.775254375623348,0.07446622943732731,21.33929855613553,0.21934450304584518,0.3973019143095256,71.97874500021241,61.973462391383215,72.49839592432434,68.43727770834033,,,zaidvideos-13,9
76.06008444058091,169.44392654437448,36.62311974483887,89.19974355558315,153.74157864749432,33.11794659427343,0.08717953435432353,21.017359928146107,0.21697373929714828,0.3969767804239223,71.96008350340372,61.867802836831466,72.8961758111105,68.07287878264394,,,zaidvideos-13,10
74.84087853717847,170.3802080442594,37.89005024915571,88.34319537379987,154.32886532376952,34.460638812923506,0.09989283927131976,20.695421300156678,0.2146029755484514,0.396651646538319,71.94142200659502,61.762143282279716,73.29395569789666,67.70847985694755,,,zaidvideos-13,11
73.62167263377602,171.31648954414436,39.15698075347257,87.4866471920166,154.9161520000447,35.80333103157359,0.11260614418831599,20.373482672167253,0.21223221179975452,0.3963265126527157,71.92276050978633,61.65648372772797,73.69173558468282,67.34408093125116,,,zaidvideos-13,12
72.435670085004,172.22820828094663,40.46215415234489,86.63570868180595,155.48629147840236,37.16012776824234,0.12516904303264972,20.048623893203633,0.20978389695297894,0.39612496830967286,71.92533553430346,61.53714740162935,74.1149288659053,66.95611618678129,,,zaidvideos-13,13
71.59830275985153,172.8820180053808,42.16887794404972,85.84367172310776,155.87638537862608,38.66502194410717,0.1361526781140273,19.693103529010962,0.2065212955763772,0.3972211141635146,72.15089403274187,61.27420497428861,74.80496278870923,66.3207103451898,,,zaidvideos-13,14
70.76093543469906,173.53582772981494,43.87560173575455,85.05163476440958,156.2664792788498,40.16991611997199,0.14713631319540485,19.337583164818295,0.20325869419977544,0.3983172600173563,72.37645253118029,61.01126254694787,75.49499671151317,65.6853045035983,,,zaidvideos-13,15
69.92356810954658,174.1896374542491,45.582325527459375,84.25959780571141,156.6565731790735,41.67481029583681,0.1581199482767824,18.982062800625627,0.19999609282317365,0.399413405871198,72.60201102961871,60.74832011960713,76.1850306343171,65.04989866200681,,,zaidvideos-13,16
69.08620078439411,174.84344717868322,47.28904931916421,83.46756084701322,157.0466670792972,43.17970447170163,0.16910358335815998,18.62654243643296,0.1967334914465719,0.4005095517250397,72.82756952805711,60.48537769226639,76.87506455712104,64.41449282041532,,,zaidvideos-13,17
68.51233492218834,174.86672678197831,49.19804855270489,82.68439684316886,157.37649494949997,44.62400048761904,0.18132265883710214,18.23582229599432,0.19321034542655635,0.4025464995530055,73.19491352205429,60.112442391442634,77.60193152679176,63.97307267432459,,,zaidvideos-13,18
68.0116639108011,174.71485912940142,51.16323540897776,81.90369754900611,157.68958225580803,46.05146368132883,0.19388491220425672,17.835324439931803,0.18961482589448142,0.4048447812626724,73.60164237592889,59.708953514651384,78.33902989836994,63.58553744365074,,,zaidvideos-13,19
67.51099289941388,174.56299147682452,53.12842226525063,81.12299825484338,158.00266956211607,47.478926875038624,0.20644716557141124,17.434826583869288,0.1860193063624065,0.4071430629723394,74.0083712298035,59.305464637860126,79.07612826994811,63.1980022129769,,,zaidvideos-13,20
67.01032188802664,174.41112382424762,55.0936091215235,80.34229896068064,158.31575686842413,48.90639006874842,0.21900941893856582,17.03432872780677,0.18242378683033156,0.4094413446820063,74.41510008367811,58.90197576106887,79.8132266415263,62.810466982303055,,,zaidvideos-13,21
66.61525950885485,174.0461496587946,57.00799017928844,79.93512779444103,158.46442616255302,50.4197532819477,0.2346529991787248,16.612500140542295,0.17831388723094624,0.41060265908137716,75.00196451006825,58.38343254615313,80.74802162851147,62.3314763682362,,,zaidvideos-13,22
66.33540654664534,173.44869566111308,58.86694672959022,79.93544185866303,158.43373035248652,52.02682560731732,0.25365802691670697,16.16740166469387,0.17364284573994956,0.41052364550587944,75.78534047011172,57.73937550782887,81.89848565048608,61.75271624501333,,,zaidvideos-13,23
66.05555358443586,172.85124166343155,60.72590327989199,79.93575592288504,158.40303454242002,53.63389793268695,0.2726630546546891,15.722303188845443,0.16897180424895286,0.4104446319303818,76.56871643015519,57.095318469504605,83.04894967246071,61.17395612179046,,,zaidvideos-13,24
65.77570062222635,172.25378766575002,62.58485983019376,79.93606998710703,158.3723387323535,55.240970258056564,0.29166808239267117,15.277204712997017,0.16430076275795621,0.41036561835488405,77.35209239019865,56.45126143118034,84.19941369443532,60.5951959985676,,,zaidvideos-13,25
65.5719483635171,171.5873324923429,64.47654793238691,79.88250526917345,158.2856075444712,56.817997528062726,0.3096499436436438,14.84284636022151,0.15961845130408395,0.41078821365641716,78.21487205577206,55.76031573672357,85.54516181116541,59.888721690373,,,zaidvideos-13,26
65.72967444643396,170.59312173423913,66.52371090606414,79.5730163360008,157.93270831196375,58.25231078509242,0.32277176408132097,14.459503592042365,0.1548826075265526,0.4135934511238463,79.45481932261276,54.84664892563739,87.81850937798396,58.57560500356273,,,zaidvideos-13,27
65.88740052935083,169.5989109761354,68.57087387974138,79.26352740282817,157.57980907945634,59.686624042122126,0.33589358451899826,14.076160823863217,0.15014676374902125,0.4163986885912755,80.69476658945347,53.93298211455121,90.09185694480253,57.262488316752446,,,zaidvideos-13,28
66.0451266122677,168.60470021803164,70.61803685341862,78.95403846965553,157.2269098469489,61.12093729915182,0.34901540495667543,13.692818055684073,0.14541091997148992,0.41920392605870466,81.93471385629417,53.01931530346503,92.36520451162109,55.94937162994218,,,zaidvideos-13,29
66.20285269518456,167.61048945992786,72.66519982709586,78.6445495364829,156.8740106144415,62.55525055618153,0.36213722539435267,13.309475287504927,0.14067507619395855,0.4220091635261338,83.17466112313487,52.10564849237885,94.63855207843964,54.636254943131895,,,zaidvideos-13,30
66.16072133305694,166.57156049299667,74.51450067162014,78.67215808684617,155.16359647736365,63.97341368927604,0.3816218667212287,12.923505352265696,0.13645010164690147,0.42135521679286686,84.74380180794402,51.03044451197929,97.17218533446322,52.98683331467532,,,zaidvideos-13,31
66.08861135417264,165.52592379474135,76.33412219677149,78.75033125973982,153.24955510460026,65.38915430378029,0.40206093118148467,12.537141341967452,0.13230175748441547,0.4201823924294954,86.36232150544846,49.93100995618273,99.74486144386758,51.2869659449718,,,zaidvideos-13,32
66.01650137528834,164.48028709648602,78.15374372192285,78.82850443263347,151.33551373183687,66.80489491828453,0.4224999956417406,12.150777331669207,0.1281534133219295,0.419009568066124,87.9808412029529,48.831575400386164,102.31753755327193,49.58709857526827,,,zaidvideos-13,33
65.94439139640404,163.4346503982307,79.9733652470742,78.90667760552712,149.42147235907348,68.22063553278878,0.4429390601019965,11.764413321370963,0.12400506915944355,0.4178367437027526,89.59936090045733,47.73214084458961,104.89021366267626,47.88723120556476,,,zaidvideos-13,34
65.80041234680489,162.731769974938,81.68054111894178,78.67491154370819,147.36995109641933,69.33993843592823,0.46342092881289937,11.351755019847987,0.1203296965200526,0.4168394469181565,91.32319727911583,46.56999555793586,107.27420830605458,46.25634711312359,,,zaidvideos-13,35
65.60114939665583,162.29254822469355,83.30122033443723,78.20473068595648,145.21267607231073,70.23121233032552,0.48393572387045364,10.918870340459831,0.11701814812919631,0.415977171348003,93.12804648943133,45.35961124754583,109.51306336018207,44.67852708011502,,,zaidvideos-13,36
65.40188644650677,161.85332647444906,84.92189954993269,77.73454982820478,143.05540104820213,71.1224862247228,0.504450518928008,10.485985661071677,0.11370659973834002,0.41511489577784955,94.93289569974681,44.14922693715579,111.75191841430956,43.10070704710644,,,zaidvideos-13,37
65.20262349635769,161.41410472420458,86.54257876542815,77.26436897045308,140.89812602409353,72.01376011912011,0.5249653139855623,10.053100981683519,0.1103950513474837,0.41425262020769604,96.7377449100623,42.93884262676575,113.99077346843707,41.522887014097854,,,zaidvideos-13,38
64.95602734936546,161.01533318491863,88.05353246457155,76.88111607687567,138.09363640040965,72.8704889664839,0.5484424102212373,9.61136197371945,0.10723949123539456,0.4124635633129354,98.60919661286009,41.68254013526839,116.29663676626025,39.84457992468739,,,zaidvideos-13,39
64.57532047798425,160.73117057668188,89.25359720071745,76.74415908179213,133.4553720779291,73.62934018058614,0.5803126931282537,9.14453570145696,0.10452589791314568,0.40804862599845443,100.66935537769108,40.29613613063365,118.79235675455452,37.881559508804884,,,zaidvideos-13,40
64.19461360660303,160.4470079684451,90.45366193686336,76.60720208670858,128.81710775544855,74.38819139468838,0.6121829760352705,8.677709429194465,0.10181230459089677,0.4036336886839734,102.72951414252209,38.909732125998886,121.28807674284882,35.91853909292236,,,zaidvideos-13,41
63.813906735221806,160.16284536020834,91.65372667300926,76.47024509162505,124.17884343296801,75.14704260879061,0.644053258942287,8.210883156931972,0.09909871126864789,0.3992187513694924,104.78967290735308,37.52332812136414,123.78379673114308,33.955518677039855,,,zaidvideos-13,42
63.43319986384059,159.87868275197158,92.85379140915516,76.3332880965415,119.54057911048747,75.90589382289285,0.6759235418493035,7.744056884669481,0.096385117946399,0.39480381405501147,106.84983167218407,36.13692411672939,126.27951671943735,31.992498261157348,,,zaidvideos-13,43
63.24152184131727,159.79974798898442,94.01402922708799,77.1447423460154,119.10497600543563,77.19176399093406,0.7055301655763062,7.252434857928525,0.09496989809044672,0.39082503306094235,109.46199100461563,34.597254180012925,128.84846018549604,30.04978518882406,,,zaidvideos-13,44
63.05843603919658,159.73014176441768,95.1724567305566,77.99930619751467,118.86040295572145,78.50158956597251,0.7350338957042177,6.759685751438543,0.09361369521023519,0.3868660773541647,112.09924127193813,33.050617610020005,131.42073199145315,28.10799517756118,,,zaidvideos-13,45
62.875350237075885,159.66053553985094,96.3308842340252,78.85387004901392,118.61582990600729,79.81141514101094,0.7645376258321289,6.266936644948565,0.09225749233002366,0.382907121647387,114.73649153926063,31.503981040027103,133.9930037974102,26.16620516629831,,,zaidvideos-13,46
62.6922644349552,159.5909293152842,97.4893117374938,79.70843390051319,118.37125685629312,81.12124071604939,0.7940413559600401,5.774187538458587,0.09090128944981214,0.37894816594060937,117.37374180658311,29.957344470034197,136.5652756033673,24.224415155035445,,,zaidvideos-13,47
62.42391910425854,159.77169490711142,98.42090536965523,81.23637112479548,118.20738648912716,82.79585539481276,0.8313274370666027,5.297383008426455,0.08984781223559829,0.3733312250024552,120.11552625921486,28.425817202571356,138.3366352992897,22.831855991322417,,,zaidvideos-13,48
62.110102024988024,160.08599213434874,99.23152093711948,83.12344081456207,118.08655755265359,84.66502426222942,0.8727641053617791,4.82908225250518,0.08895578870991654,0.3668300252742336,122.91306227734485,26.902348229791237,139.68084186986025,21.732219946302656,,,zaidvideos-13,49
61.7962849457175,160.4002893615861,100.04213650458375,85.01051050432865,117.96572861618003,86.53419312964607,0.9142007736569554,4.360781496583905,0.0880637651842348,0.36032882554601203,125.71059829547484,25.37887925701112,141.0250484404308,20.632583901282892,,,zaidvideos-13,50
61.48246786644699,160.7145865888234,100.852752072048,86.89758019409524,117.84489967970646,88.40336199706273,0.9556374419521317,3.8924807406626303,0.08717174165855304,0.3538276258177904,128.50813431360484,23.855410284231,142.36925501100134,19.53294785626313,,,zaidvideos-13,51
61.47034815111256,160.9481155354612,101.66610741429537,88.83715415006994,118.30527675197611,90.12416462836201,0.9944926994283156,3.435783924076856,0.08627845678311907,0.3485727290093755,131.1940555806508,22.397827453657673,143.73604302273574,18.563637205109877,,,zaidvideos-13,52
62.023910993158275,161.03020395597486,102.48459983426103,90.87517360518484,119.8554150906393,91.56678056694118,1.028507811618888,3.000844493745157,0.08538280687689967,0.34565465017559827,133.67069918941417,21.063781139722106,145.14517123665237,17.83868666745635,,,zaidvideos-13,53
62.57747383520399,161.11229237648854,103.30309225422668,92.91319306029973,121.4055534293025,93.00939650552033,1.06252292380946,2.5659050634134575,0.08448715697068028,0.342736571341821,136.14734279817753,19.729734825786537,146.55429945056898,17.113736129802827,,,zaidvideos-13,54
63.1310366772497,161.1943807970022,104.12158467419235,94.95121251541462,122.95569176796569,94.45201244409948,1.0965380360000323,2.1309656330817583,0.08359150706446089,0.33981849250804375,138.6239864069409,18.39568851185097,147.9634276644856,16.3887855921493,,,zaidvideos-13,55
63.702881267692526,161.2584843694551,104.929867618925,97.02902091483533,124.49655390882643,95.92346726977581,1.1306105237306503,1.7016896349407455,0.0826821293295721,0.3369115339883311,141.0981144489719,17.066325648507135,149.3780522149604,15.666523905337572,,,zaidvideos-13,56
64.67692432287156,160.9269212845707,105.51354210853172,99.98218608898348,125.83333969803289,98.02937761158987,1.1659452733422664,1.3970091449949138,0.08147073936395698,0.3342492223780406,143.51690002289016,15.839998698181597,150.91359616971516,15.003416937045472,,,zaidvideos-13,57
65.65096737805058,160.59535819968633,106.09721659813843,102.93535126313164,127.17012548723935,100.13528795340392,1.2012800229538827,1.092328655049082,0.08025934939834184,0.33158691076775004,145.9356855968084,14.61367174785606,152.44914012446992,14.340309968753374,,,zaidvideos-13,58
66.62501043322962,160.26379511480192,106.68089108774515,105.8885164372798,128.50691127644583,102.24119829521798,1.2366147725654992,0.787648165103248,0.0790479594327267,0.32892459915745953,148.3544711707267,13.387344797530513,153.9846840792247,13.67720300046127,,,zaidvideos-13,59
67.59905348840866,159.93223202991754,107.26456557735187,108.84168161142796,129.8436970656523,104.34710863703202,1.2719495221771153,0.4829676751574161,0.07783656946711157,0.32626228754716896,150.77325674464495,12.161017847204976,155.52022803397946,13.014096032169173,,,zaidvideos-13,60
69.07081984664643,159.7490826538685,108.01817222934297,112.0136193313319,133.1095951260213,106.63340237856535,1.3022194258251774,0.23941446486758258,0.076731039146389,0.32413159698271676,152.906654305984,11.154019664629995,156.93040717651172,12.499249016048664,,,zaidvideos-13,61
70.7182532530226,159.61831458682013,108.8317549386462,115.26277089091434,137.0563563409183,108.98336084941135,1.33070173678022,0.017435588573983474,0.07566287105327557,0.3221885373756193,154.93932668641276,10.224431635378743,158.29633991473014,12.036729041871068,,,zaidvideos-13,62
72.36568665939878,159.48754651977177,109.64533764794945,118.51192245049681,141.00311755581535,111.33331932025739,1.3591840477352632,-0.20454328771961738,0.07459470296016214,0.3202454777685218,156.9719990668415,9.294843606127483,159.6622726529486,11.574209067693468,,,zaidvideos-13,63
74.01312006577494,159.35677845272343,110.45892035725268,121.76107401007926,144.94987877071236,113.6832777911034,1.387666358690306,-0.4265221640132165,0.07352653486704872,0.31830241816142435,159.00467144727025,8.36525557687623,161.028205391167,11.111689093515873,,,zaidvideos-13,64
76.73228866676644,159.32554520409258,111.6000392905785,124.67954769769979,147.45768696360835,115.64669273647017,1.4131706384278564,-0.6531604023521915,0.07329056755870106,0.3169394008356062,160.74791883717134,7.565792918742049,162.24982816318814,10.680607419619124,,,zaidvideos-13,65
80.8447130207579,159.4237072194045,113.16695531513369,127.16814015176983,148.094856227903,117.10760109871397,1.4348034775826666,-0.8858558113501569,0.07413646127054896,0.31633043847545117,162.11491373938642,6.93549324306006,163.28384797915277,10.290395536087468,,,zaidvideos-13,66
84.95713737474932,159.52186923471638,114.73387133968886,129.65673260583986,148.73202549219766,118.56850946095776,1.4564363167374765,-1.1185512203481207,0.07498235498239685,0.3157214761152961,163.4819086416015,6.305193567378076,164.3178677951174,9.900183652555818,,,zaidvideos-13,67
89.06956172874074,159.6200312500283,116.30078736424403,132.1453250599099,149.36919475649233,120.02941782320154,1.4780691558922867,-1.3512466293460843,0.07582824869424473,0.3151125137551411,164.84890354381662,5.674893891696092,165.35188761108202,9.509971769024167,,,zaidvideos-13,68
93.19612504826375,159.79148942216077,117.78935958282449,134.5818506937158,149.87394245925492,121.38853852039512,1.4988280589362406,-1.5858208181665585,0.07661117976832865,0.3141268641563932,166.16637791325414,5.073234757589402,166.39685159357177,9.104477913229609,,,zaidvideos-13,69
97.41694813799708,160.4515886397637,118.75563976157338,136.67126419242732,149.4958797518039,122.06907478392056,1.5137607212411528,-1.8329202058037548,0.07697435992398616,0.3106299663003594,167.15371539750785,4.662512567318027,167.51477668622908,8.597104242349028,,,zaidvideos-13,70
101.63777122773043,161.11168785736663,119.72191994032227,138.76067769113882,149.11781704435285,122.74961104744598,1.528693383546065,-2.080019593440951,0.07733754007964365,0.3071330684443256,168.14105288176157,4.251790377046652,168.6327017788864,8.089730571468447,,,zaidvideos-13,71
105.85859431746377,161.77178707496955,120.68820011907114,140.85009118985033,148.7397543369018,123.43014731097142,1.5436260458509774,-2.327118981078147,0.07770072023530114,0.3036361705882918,169.12839036601525,3.841068186775278,169.75062687154372,7.582356900587866,,,zaidvideos-13,72
110.0794174071971,162.43188629257247,121.65448029782003,142.93950468856184,148.36169162945075,124.11068357449686,1.5585587081558896,-2.5742183687153437,0.07806390039095865,0.30013927273225793,170.11572785026897,3.4303459965039034,170.86855196420103,7.074983229707286,,,zaidvideos-13,73
114.25847051961952,163.0866266070845,122.72280683219421,145.12527855180812,147.2783934935871,124.89276194911956,1.5684522576075492,-2.77556658276888,0.07862583622020916,0.29673141449535695,170.87426809237422,3.1525863861208663,171.45002408985897,6.691469387423842,,,zaidvideos-13,74
118.42872995260814,163.74023873147212,123.81261680985793,147.33133880758805,146.0466247412155,125.69621761028907,1.5772849411953667,-2.9672829708048063,0.07922961534916348,0.29334230144143125,171.58464049402716,2.9028188978195812,171.91855874878019,6.334031298529263,,,zaidvideos-13,75
122.5989893855967,164.39385085585974,124.90242678752163,149.53739906336799,144.81485598884396,126.49967327145856,1.5861176247831839,-3.1589993588407297,0.07983339447811778,0.28995318838750556,172.2950128956801,2.6530514095183,172.38709340770143,5.97659320963469,,,zaidvideos-13,76
126.76924881858524,165.04746298024736,125.99223676518534,151.7434593191479,143.58308723647238,127.30312893262806,1.594950308371001,-3.350715746876653,0.0804371736070721,0.28656407533357986,173.00538529733302,2.403283921217019,172.85562806662264,5.619155120740118,,,zaidvideos-13,77
130.8454187539167,165.41689399170872,127.05986564151104,153.64669303827554,143.037844165038,127.85987618290554,1.6031262980622976,-3.564099171390336,0.08147006706682244,0.28247846582845043,173.558581872781,2.212614293600678,173.30863832198372,5.238309907609919,,,zaidvideos-13,78
134.83533998306254,165.5258256496543,128.10716184161026,155.27233576547198,143.12191630112937,128.19047405653203,1.6107003183484503,-3.797344046008631,0.08289631532980249,0.2777544012430509,173.96770060754105,2.0761177049455313,173.74741787408126,4.836008163930397,,,zaidvideos-13,79
138.82526121220837,165.6347573075999,129.15445804170946,156.89797849266841,143.20598843722073,128.5210719301585,1.618274338634603,-4.0305889206269265,0.08432256359278253,0.2730303366576514,174.37681934230113,1.9396211162903847,174.18619742617884,4.433706420250875,,,zaidvideos-13,80
142.8151824413542,165.7436889655455,130.20175424180866,158.52362121986482,143.2900605733121,128.851669803785,1.625848358920756,-4.263833795245222,0.08574881185576257,0.2683062720722519,174.7859380770612,1.803124527635238,174.6249769782764,4.031404676571352,,,zaidvideos-13,81
146.63746885811292,165.89648122354652,131.17235189667196,160.0106178399875,143.44030225114088,129.1166505615963,1.6313801816008313,-4.482441796780429,0.08705220368872339,0.26406733479458366,175.15519695882867,1.6785390696652458,175.0133446344167,3.6400282010296494,,,zaidvideos-13,82
149.85626995027783,166.20717164174715,131.86683478868585,160.99848847464466,143.8287542792243,129.14540970247276,1.629560092899028,-4.648357055216503,0.08791331237361492,0.2615748558247485,175.38096036982267,1.596833682161818,175.22022946511095,3.287982690784121,,,zaidvideos-13,83
153.07507104244274,166.51786205994782,132.56131768069974,161.98635910930182,144.21720630730775,129.17416884334926,1.6277400041972245,-4.8142723136525785,0.08877442105850644,0.25908237685491337,175.60672378081668,1.5151282946583904,175.42711429580515,2.935937180538593,,,zaidvideos-13,84
156.29387213460765,166.82855247814845,133.25580057271364,162.97422974395894,144.60565833539118,129.20292798422574,1.625919915495421,-4.980187572088653,0.08963552974339797,0.2565898978850782,175.83248719181069,1.4334229071549625,175.63399912649936,2.583891670293065,,,zaidvideos-13,85
159.51267322677256,167.1392428963491,133.95028346472753,163.9621003786161,144.99411036347462,129.2316871251022,1.6240998267936175,-5.146102830524728,0.0904966384282895,0.254097418915243,176.05825060280472,1.3517175196515347,175.8408839571936,2.231846160047537,,,zaidvideos-13,86
160.69600908175448,166.63174692335403,133.96471100592927,164.47295888038235,144.81006667584268,129.10022451503013,1.6205944700548753,-5.193558733808733,0.08998150487599921,0.25196016098130974,175.98675481397217,1.350638760752925,175.8602754668315,2.07155228344854,,,zaidvideos-13,87
161.6854911046237,166.04632843691175,133.9143713708632,164.9383876552066,144.57149958671403,128.95350269058198,1.6169286115983295,-5.229732793744921,0.0893353006344535,0.24985673362222427,175.88694862515615,1.357238728388108,175.8618104697021,1.929520467196832,,,zaidvideos-13,88
162.67497312749293,165.46090995046947,133.8640317357971,165.40381643003087,144.33293249758538,128.8067808661338,1.6132627531417834,-5.26590685368111,0.08868909639290778,0.24775330626313877,175.78714243634013,1.3638386960232909,175.86334547257272,1.7874886509451218,,,zaidvideos-13,89
163.66445515036216,164.8754914640272,133.813692100731,165.86924520485513,144.09436540845672,128.66005904168566,1.6095968946852375,-5.302080913617298,0.08804289215136207,0.2456498789040533,175.68733624752414,1.3704386636584736,175.86488047544336,1.645456834693414,,,zaidvideos-13,90
164.46266123719653,164.13458999682635,133.9479814179694,166.20557579098292,144.00827077755375,128.61957962587212,1.6055267248865714,-5.318243449608263,0.0879167507805016,0.24504451077241712,175.53507032489793,1.410668932640117,175.83426357690936,1.5573065704755678,,,zaidvideos-13,91
165.13790422229417,163.29373518485212,134.20096077597495,166.45891468437725,144.02019415551013,128.64739890132367,1.601196640653685,-5.321541434491587,0.08812493554079591,0.2454021807155698,175.34908028767944,1.4725186810587705,175.78297759890103,1.5037944468509181,,,zaidvideos-13,92
165.8131472073918,162.4528803728779,134.45394013398052,166.7122535777716,144.03211753346653,128.67521817677525,1.5968665564207987,-5.324839419374909,0.08833312030109024,0.2457598506587225,175.16309025046095,1.534368429477424,175.73169162089266,1.4502823232262683,,,zaidvideos-13,93
166.48839019248945,161.61202556090367,134.70691949198607,166.96559247116593,144.0440409114229,128.7030374522268,1.5925364721879125,-5.328137404258231,0.08854130506138455,0.24611752060187517,174.9771002132425,1.5962181778960773,175.6804056428843,1.3967701996016184,,,zaidvideos-13,94
167.04208416498557,160.75151349826984,134.90418806318579,167.05587873753163,144.18960123711813,128.6933825689346,1.5884369655343034,-5.333347063863056,0.08879503985169196,0.24649596835395063,174.8181544147214,1.6370991557688148,175.6555918916324,1.3287650139109175,,,zaidvideos-13,95
167.31795182296395,159.84607057698548,134.97411769311498,166.77347328497476,144.6406174433593,128.59807246565674,1.584864493347614,-5.342926265688455,0.08915288899631499,0.24692190824070676,174.7210240189372,1.6300515152508857,175.6912860872525,1.227632829212097,,,zaidvideos-13,96
167.59381948094233,158.94062765570115,135.0440473230442,166.49106783241785,145.09163364960045,128.5027623623789,1.5812920211609247,-5.352505467513854,0.089510738140938,0.24734784812746288,174.62389362315298,1.6230038747329565,175.72698028287263,1.1265006445132781,,,zaidvideos-13,97
167.8696871389207,158.0351847344168,135.1139769529734,166.20866237986098,145.5426498558416,128.407452259101,1.5777195489742353,-5.362084669339253,0.08986858728556103,0.24777378801421898,174.5267632273688,1.6159562342150273,175.76267447849273,1.0253684598144592,,,zaidvideos-13,98
168.1455547968991,157.12974181313245,135.1839065829026,165.92625692730408,145.99366606208275,128.31214215582315,1.5741470767875458,-5.371663871164652,0.09022643643018406,0.2481997279009751,174.4296328315846,1.6089085936970982,175.79836867411282,0.9242362751156402,,,zaidvideos-13,99
75.26501106505644,173.23136762679567,41.31348789919699,90.08297391310781,166.22190561695297,36.77411709049347,0.00450748486270965,17.1717049959568,0.23954840264294833,0.36874946034433825,70.4649240621078,57.94030376602765,74.75571024393008,66.30772506460265,,,zaidvideos-14,0
75.34788003490405,173.14279541913172,42.56387502964033,89.34856460077744,166.2655817884713,38.121598094398664,0.004544889420073916,17.13765767617259,0.2369292238307401,0.3713075461130496,70.75667298766157,57.88455705238479,74.88884090179603,66.09636501892352,,,zaidvideos-14,1
75.43074900475166,173.0542232114678,43.81426216008366,88.61415528844707,166.30925795998965,39.46907909830385,0.004582293977438181,17.10361035638838,0.23431004501853192,0.373865631881761,71.04842191321536,57.82881033874194,75.02197155966196,65.88500497324438,,,zaidvideos-14,2
75.51361797459927,172.96565100380383,45.064649290526994,87.8797459761167,166.352934131508,40.816560102209046,0.0046196985348024465,17.06956303660417,0.2316908662063237,0.37642371765047233,71.34017083876914,57.773063625099084,75.15510221752791,65.67364492756525,,,zaidvideos-14,3
75.4526189967585,172.93959095577287,46.31700327524931,87.225693566805,166.6715256959856,42.07701796492927,0.006259601587682847,17.025230879261997,0.22879095918576028,0.37925207169293207,71.5949731402077,57.72783191090017,75.20654951177589,65.6517489401991,,,zaidvideos-14,4
75.22561854081577,172.98566032270304,47.57162670721661,86.66436066097643,167.3073273292623,43.23706451089759,0.00974854136615879,16.96903160166064,0.22556713500171013,0.382392273743563,71.80714472151331,57.694732888367355,75.16374677108006,65.84846532780949,,,zaidvideos-14,5
74.99861808487304,173.03172968963324,48.826250139183905,86.10302775514785,167.94312896253902,44.39711105686592,0.013237481144634734,16.912832324059284,0.22234331081765996,0.385532475794194,72.01931630281892,57.66163386583453,75.12094403038424,66.04518171541987,,,zaidvideos-14,6
74.77161762893031,173.0777990565634,50.0808735711512,85.54169484931927,168.57893059581573,45.55715760283424,0.016726420923110677,16.856633046457926,0.21911948663360978,0.3886726778448249,72.23148788412453,57.62853484330171,75.07814128968842,66.24189810303027,,,zaidvideos-14,7
74.23839987130326,172.58678999055383,52.14849866392202,84.773855687594,166.6004478454774,47.3777020352271,0.024041111983577224,16.72875655198013,0.21333891206568267,0.39279544347286743,72.79672739556464,57.4586481386183,75.16461673757198,66.17835201813259,,,zaidvideos-14,8
73.68162693662356,172.0544671989335,54.278662345985424,83.99013142926128,164.42086629639942,49.24905399734493,0.03165009160419689,16.59536642543491,0.20736166439130352,0.39699379091455705,73.38912597855357,57.278239304538694,75.2610366615001,66.09478574304197,,,zaidvideos-14,9
73.12485400194386,171.5221444073132,56.40882602804882,83.20640717092857,162.24128474732146,51.12040595946275,0.03925907122481656,16.461976298889695,0.20138441671692434,0.4011921383562467,73.9815245615425,57.09783047045908,75.35745658542822,66.01121946795135,,,zaidvideos-14,10
72.64073977009328,170.8416062444797,58.579978769569536,82.35703374943846,160.51099974080392,52.81057443239409,0.05008946508165053,16.284250638138936,0.19501089809300887,0.40494904219998007,74.69449102156783,56.81126761273534,75.72385974831687,65.70372075927787,,,zaidvideos-14,11
72.2689162607968,169.93200796249857,60.81447823934245,81.40620253034145,159.47508211824336,54.22073205840085,0.06589840821263385,16.038006424525058,0.18802496072890096,0.4080237150286903,75.59378965519488,56.36064853665249,76.50750973505359,65.05014465324903,,,zaidvideos-14,12
71.89709275150031,169.02240968051743,63.04897770911536,80.45537131124443,158.43916449568283,55.63088968440761,0.08170735134361717,15.79176221091118,0.18103902336479305,0.4110983878574005,76.49308828882194,55.91002946056964,77.29115972179031,64.3965685472202,,,zaidvideos-14,13
71.52526924220382,168.11281139853628,65.28347717888829,79.50454009214742,157.40324687312227,57.04104731041438,0.09751629447460052,15.545517997297305,0.17405308600068514,0.41417306068611065,77.39238692244899,55.45941038448678,78.07480970852703,63.742992441191355,,,zaidvideos-14,14
71.1809884214218,167.1114539391641,67.48905936086895,78.77781724770563,156.0901418550322,58.70287204804779,0.11843667371697525,15.176143571049437,0.16736492874451778,0.4161002909590245,78.50769398981365,54.83053156777884,79.34179560159556,62.820628851912886,,,zaidvideos-14,15
70.84129804872552,166.0948032835601,69.68982199488423,78.08844579903969,154.73083893768717,60.40664130428564,0.14020895897791524,14.786247442695903,0.1607264015063405,0.4178362808059723,79.65900246280123,54.17194279430006,80.68933747905274,61.85346734875948,,,zaidvideos-14,16
70.50160767602924,165.0781526279561,71.89058462889952,77.39907435037375,153.37153602034215,62.11041056052349,0.1619812442388552,14.39635131434237,0.15408787426816323,0.4195722706529201,80.8103109357888,53.513354020821275,82.0368793565099,60.886305845606074,,,zaidvideos-14,17
70.05833780416762,164.0325352683899,73.91750673334616,75.56103461322793,151.6635889616371,63.18236870872466,0.18667659456488597,13.956170176815577,0.1481490925463809,0.42074535430901316,82.067604292612,52.79276034543617,83.70880433362159,59.69551256679469,,,zaidvideos-14,18
69.3964001007347,162.9257659782369,75.57743216425901,71.29802848929124,149.219615382283,62.920503406626146,0.21754286002833056,13.40983179770079,0.1436875513592101,0.42073008045107985,83.54864351531042,51.941267432693294,86.06553807667055,58.03260776159424,,,zaidvideos-14,19
68.73446239730177,161.81899668808393,77.23735759517186,67.03502236535455,146.77564180292893,62.65863810452763,0.24840912549177518,12.863493418586003,0.1392260101720393,0.42071480659314653,85.02968273800883,51.08977451995042,88.42227181971953,56.36970295639379,,,zaidvideos-14,20
68.07252469386886,160.71222739793095,78.89728302608472,62.77201624141786,144.33166822357484,62.39677280242912,0.2792753909552198,12.317155039471217,0.13476446898486852,0.4206995327352132,86.51072196070724,50.23828160720754,90.7790055627685,54.70679815119334,,,zaidvideos-14,21
67.6216527243894,159.62769464175776,80.38146515545695,61.23766962557877,142.83627612301342,62.976245694011574,0.3119555837860457,11.679755113278933,0.1316769950974471,0.4183281088942854,88.56159738594803,49.01008588145726,93.50555927673066,52.47520188124761,,,zaidvideos-14,22
67.22834413689725,158.54922639485176,81.81771729349994,60.447502875584476,141.5995880621227,63.78517445659793,0.3451304840807029,11.017520219701877,0.12896426683723006,0.41531409869435915,90.76788268460949,47.679153024886766,96.33297298276007,50.08850793909862,,,zaidvideos-14,23
66.8350355494051,157.4707581479458,83.25396943154291,59.657336125590184,140.362900001232,64.59410321918429,0.37830538437536,10.355285326124823,0.12625153857701302,0.4123000884944329,92.97416798327093,46.34822016831629,99.16038668878946,47.70181399694963,,,zaidvideos-14,24
66.5207055338038,156.72412655007932,84.73807515912134,59.0967965837853,139.1196026006684,65.6220051235321,0.41069303315813893,9.691824188755945,0.12414861006659597,0.4090123070076001,95.24437676821782,44.96347558710874,101.95744712675008,45.34273312477749,,,zaidvideos-14,25
66.44331123387506,156.97300489933136,86.36574165530608,59.22513866654864,137.85647718108618,67.3068264531643,0.44071892740528334,9.024684320011593,0.123875080805579,0.4049032116600477,97.706356012021,43.41729583199001,104.66344776050437,43.066491462535886,,,zaidvideos-14,26
66.36591693394631,157.22188324858342,87.99340815149081,59.35348074931198,136.59335176150392,68.9916477827965,0.4707448216524277,8.357544451267243,0.12360155154456204,0.4007941163124954,100.1683352558242,41.87111607687128,107.36944839425865,40.79024980029428,,,zaidvideos-14,27
66.28852263401757,157.47076159783546,89.62107464767554,59.48182283207531,135.3302263419217,70.6764691124287,0.5007707158995721,7.690404582522893,0.12332802228354507,0.396685020964943,102.63031449962739,40.32493632175255,110.07544902801294,38.51400813805268,,,zaidvideos-14,28
66.07394643628602,158.0994694118672,91.2170102771996,60.06444861156787,132.96980098460455,72.57153720714432,0.5299877166801882,7.069197755705083,0.12382998751116589,0.3937943035286895,105.37635525456646,38.70124137595987,112.87662669037996,36.388833358573905,,,zaidvideos-14,29
65.80449747943337,158.88010901181082,92.80025356005939,60.828787869752105,130.17045565219343,74.5507040078933,0.5588811600741929,6.466364145657896,0.12464215053424181,0.39139093725695545,108.23602061395988,37.046540353897605,115.71587516419204,34.32408533220028,,,zaidvideos-14,30
65.53504852258072,159.66074861175443,94.38349684291919,61.59312712793634,127.37111031978229,76.52987080864229,0.5877746034681977,5.863530535610704,0.12545431355731773,0.3889875709852214,111.09568597335331,35.39183933183533,118.55512363800413,32.25933730582664,,,zaidvideos-14,31
65.27305088752013,160.40871440055113,95.88248738028825,62.31889789738828,124.66373756467972,78.3907458491381,0.6182675728638327,5.279367787899528,0.12630270926007578,0.3864153446641786,113.97190670997173,33.71707349902337,121.33333485965873,30.22461812915462,,,zaidvideos-14,32
65.045329332703,161.00638065807195,96.99391528840007,62.86725361867164,122.37943866519645,79.70747879246933,0.6561183618669683,4.781091006934008,0.12731777528937166,0.38306636211631506,116.92428218182522,31.950009536762824,123.83077472138892,28.32803166111001,,,zaidvideos-14,33
64.81760777788588,161.60404691559276,98.1053431965119,63.415609339955,120.09513976571317,81.02421173580058,0.6939691508701039,4.282814225968485,0.1283328413186675,0.37971737956845153,119.87665765367873,30.182945574502263,126.32821458311913,26.431445193065386,,,zaidvideos-14,34
64.58988622306876,162.20171317311357,99.2167711046237,63.963965061238355,117.81084086622991,82.34094467913182,0.7318199398732395,3.7845374450029645,0.1293479073479634,0.37636839702058805,122.82903312553223,28.415881612241716,128.82565444484933,24.534858725020776,,,zaidvideos-14,35
64.56647999292888,162.33243671658596,100.37916381267375,67.34837677490603,113.53440409333197,84.74432448333192,0.7700580549671454,3.3938797386655724,0.12938142457526036,0.3731250700970713,125.78317793985339,26.652501246168367,131.24270164994377,23.05113258583388,,,zaidvideos-14,36
64.65658227649857,162.2037476411426,101.56987029846728,72.3083751510094,108.1512240574259,87.75139698801472,0.8085113512225901,3.0630104071215887,0.12886963691255798,0.3699404407426361,128.7383057222121,24.89116732242126,133.6150862680183,21.796773296012404,,,zaidvideos-14,37
64.74668456006826,162.0750585656992,102.76057678426079,77.26837352711281,102.76804402151981,90.75846949269754,0.846964647478035,2.732141075577603,0.12835784924985558,0.3667558113882009,131.69343350457083,23.129833398674144,135.98747088609286,20.542414006190917,,,zaidvideos-14,38
64.87700587973775,162.03329539446753,103.93207816009706,81.92687690736592,97.5232678490881,93.6317376555476,0.8856331911626271,2.404111879914265,0.1274258626024371,0.3636669731673922,134.61840795485205,21.39059930231773,138.39919857807897,19.30207080460052,,,zaidvideos-14,39
65.34248583357225,162.71591475833327,104.94353695295624,84.07292198886665,93.4318572056092,95.38996963645818,0.9260954634234473,2.0997504832563045,0.122992217749051,0.3613763943934707,137.29210463782087,19.83553043421707,141.13878521932804,18.1785283382691,,,zaidvideos-14,40
65.80796578740676,163.39853412219898,105.95499574581541,86.21896707036737,89.34044656213034,97.14820161736873,0.9665577356842674,1.7953890865983464,0.11855857289566493,0.3590858156195492,139.9658013207897,18.280461566116415,143.87837186057712,17.05498587193769,,,zaidvideos-14,41
66.27344574124128,164.08115348606472,106.96645453867458,88.36501215186811,85.24903591865144,98.90643359827929,1.0070200079450877,1.491027689940386,0.11412492804227883,0.3567952368456277,142.63949800375852,16.725392698015753,146.6179585018262,15.931443405606272,,,zaidvideos-14,42
67.12455693018292,164.3509844601302,107.82670315664718,90.99362283899913,84.90071097308001,100.73850551432209,1.0466865323392613,1.219286226358699,0.1088389482437924,0.3550424702991654,145.15697273760156,15.332290168046393,149.41226401525623,14.823348295996608,,,zaidvideos-14,43
68.26489154545494,164.3112241418455,108.57354414345484,93.98415773035288,87.35970030093915,102.62595738171406,1.0857562458334507,0.9720097125842144,0.10291371723648066,0.35369306292329744,147.55728100960036,14.060662391675496,152.24760868282203,13.726838703928248,,,zaidvideos-14,44
69.40522616072695,164.2714638235608,109.3203851302625,96.9746926217066,89.81868962879828,104.51340924910602,1.1248259593276395,0.7247331988097313,0.09698848622916895,0.35234365554742947,149.9575892815991,12.789034615304606,155.0829533503878,12.630329111859893,,,zaidvideos-14,45
70.6197328526396,164.22609901807112,110.07788899562743,99.98641815250535,92.2791874698328,106.40956573560989,1.1636545060240189,0.47577147997940394,0.09112226138691636,0.35095171688310034,152.339538825846,11.527941084669198,157.88588439681126,11.54682840760333,,,zaidvideos-14,46
73.83688561384952,164.02941305804728,111.12329058203898,103.5702909483192,94.78041516660234,108.54074693813506,1.1959715491795315,0.1813092246413287,0.08684920300126119,0.34841143343031933,154.2258027207927,10.551272188892032,159.81364767239188,10.814567674265321,,,zaidvideos-14,47
77.05403837505942,163.83272709802344,112.16869216845052,107.15416374413304,97.28164286337187,110.67192814066023,1.228288592335044,-0.11315303069674654,0.082576144615606,0.3458711499775383,156.1120666157394,9.574603293114865,161.74141094797247,10.082306940927314,,,zaidvideos-14,48
80.27119113626935,163.6360411379996,113.21409375486206,110.73803653994692,99.78287056014142,112.80310934318541,1.2606056354905566,-0.40761528603482355,0.07830308622995079,0.3433308665247573,157.99833051068612,8.597934397337694,163.66917422355309,9.3500462075893,,,zaidvideos-14,49
84.2934063352369,163.57308044640226,114.48923780381524,114.90015268408379,103.07749455868164,115.11077531459493,1.2880875835183123,-0.696199690483331,0.07448876332669375,0.3404399599612481,159.8250207303225,7.738577218079847,165.3980020094178,8.741772530264035,,,zaidvideos-14,50
89.12068397196214,163.64384502323142,115.99412431531009,119.64051217654371,107.16551485899257,117.5949260548888,1.310734436418311,-0.9789062440422722,0.07113317590583483,0.3371984302870107,161.59213727464862,6.9965317553413175,166.92789430556664,8.257485908951509,,,zaidvideos-14,51
93.94796160868735,163.71460960006058,117.49901082680493,124.38087166900361,111.25353515930347,120.07907679518267,1.3333812893183097,-1.2616127976012117,0.06777758848497593,0.3339569006127733,163.3592538189747,6.2544862926027935,168.45778660171544,7.773199287638988,,,zaidvideos-14,52
98.77523924541259,163.78537417688975,119.00389733829978,129.12123116146353,115.3415554596144,122.56322753547654,1.3560281422183085,-1.5443193511601527,0.06442200106411701,0.3307153709385358,165.12637036330082,5.512440829864264,169.98767889786427,7.288912666326463,,,zaidvideos-14,53
104.35568867820736,164.96965019371274,120.49161223131014,134.07990616829363,121.10171489892817,124.61957410289799,1.3684136367718753,-1.854154664047946,0.06313823796265294,0.32503597080098934,166.44458011203656,5.025610728260679,170.90905826404986,6.905455755251231,,,zaidvideos-14,54
109.96403336270842,166.19516737497997,121.97869113845071,139.04666693491524,126.92380541746431,126.66007607132416,1.380419081016315,-2.164994745799773,0.06193120909524054,0.31926627916480177,167.74616368315785,4.548233047439866,171.8079001143109,6.525733277888489,,,zaidvideos-14,55
115.57237804720945,167.4206845562472,123.46577004559128,144.0134277015368,132.7458959360004,128.70057803975033,1.3924245252607548,-2.4758348275515982,0.060724180227828134,0.31349658752861426,169.04774725427913,4.070855366619057,172.70674196457193,6.146010800525749,,,zaidvideos-14,56
121.04623250333495,167.72118680554865,124.73138724882728,148.70641839748993,138.12223294085132,130.54999048870357,1.4001512242050607,-2.7605923139919097,0.06139800426387878,0.3077523822631356,170.14880884802793,3.713469441403877,173.32991267925846,5.819650191363714,,,zaidvideos-14,57
126.3407666549597,166.78833581222904,125.70172218019047,153.03438233255173,142.9042319274552,132.1446169116929,1.4021729294158543,-3.0105730066835332,0.06457963217121351,0.3020421588252688,170.98250780528005,3.5160725236628756,173.5855218798457,5.564438739802623,,,zaidvideos-14,58
131.63530080658435,165.85548481890942,126.67205711155366,157.36234626761345,147.68623091405908,133.73924333468221,1.4041946346266478,-3.260553699375154,0.06776126007854821,0.2963319353874021,171.81620676253218,3.318675605921877,173.8411310804329,5.309227288241534,,,zaidvideos-14,59
136.9298349582091,164.92263382558983,127.64239204291684,161.69031020267525,152.468229900663,135.33386975767155,1.4062163398374414,-3.5105343920667775,0.07094288798588295,0.29062171194953534,172.6499057197843,3.121278688180876,174.0967402810201,5.054015836680442,,,zaidvideos-14,60
141.49921297925164,164.84373925026594,128.54435215742646,164.16662615188937,153.49335937257374,135.85175883471024,1.4065120910856856,-3.7446787692176713,0.07495841149494223,0.2848443859270974,173.130785226486,3.07413497388088,174.31738864623716,4.836599148600518,,,zaidvideos-14,61
145.98157226462428,164.86731944510151,129.43810729391362,166.42074434280178,154.06766450272124,136.24043943023483,1.406600727858424,-3.9769227885036775,0.07907400247620845,0.2790590075945109,173.56932639912165,3.0450216439938043,174.5338417112098,4.623717832138335,,,zaidvideos-14,62
150.4639315499969,164.89089963993712,130.3318624304008,168.67486253371413,154.64196963286875,136.62912002575942,1.4066893646311625,-4.209166807789681,0.08318959345747462,0.27327362926192444,174.0078675717573,3.0159083141067295,174.75029477618244,4.410836515676154,,,zaidvideos-14,63
154.35967739991563,164.5729953548038,131.06717424421146,170.57577929599498,155.47538443471947,136.83748848643557,1.405572603432248,-4.40865956596041,0.08663880076887746,0.2680682276723118,174.34323117769247,2.986031976754122,174.87235970804764,4.2311215230003425,,,zaidvideos-14,64
157.1995190660173,163.6404190057264,131.5172880772044,171.84093348673895,156.775196645636,136.72129510438455,1.4022861258843582,-4.5492000541236415,0.08888851747452617,0.26390678422005215,174.4928751635668,2.954782225963558,174.8245260003194,4.111105913140001,,,zaidvideos-14,65
160.03936073211895,162.70784265664898,131.96740191019734,173.1060876774829,158.07500885655247,136.60510172233353,1.3989996483364684,-4.689740542286871,0.09113823418017486,0.25974534076779254,174.64251914944109,2.9235324751729936,174.77669229259118,3.9910903032796607,,,zaidvideos-14,66
162.8792023982206,161.77526630757157,132.41751574319028,174.37124186822686,159.37482106746896,136.48890834028253,1.3957131707885786,-4.830281030450102,0.09338795088582358,0.2555838973155329,174.7921631353154,2.892282724382429,174.72885858486296,3.8710746934193185,,,zaidvideos-14,67
164.4877588872677,160.39890108958264,132.62184683984708,174.79987935648103,159.2955126561609,136.0737269900258,1.3869536493313868,-4.972700602531113,0.09561604480785561,0.25285250163313044,174.64522416843636,2.921594626942051,174.72129791802865,3.6781157025068043,,,zaidvideos-14,68
165.82864468565074,158.926060030526,132.77274690686554,175.0466653876722,158.9163954139344,135.5935482553765,1.3770043357199988,-5.115528671115987,0.09783943812475361,0.250431985900697,174.43381064661097,2.964072106316931,174.7224922600843,3.4692994548438167,,,zaidvideos-14,69
167.16953048403377,157.45321897146937,132.92364697388402,175.29345141886336,158.53727817170792,135.11336952072722,1.3670550221086109,-5.25835673970086,0.10006283144165157,0.24801147016826358,174.22239712478554,3.0065495856918107,174.72368660213996,3.2604832071808323,,,zaidvideos-14,70
168.23051324637737,155.82669314984727,133.06675919864182,175.41889808484876,158.70978797179873,134.71256539986805,1.3571621564178031,-5.370625093869095,0.10180647884812034,0.24618064882023033,174.0623543202321,3.01073162829993,174.67051046413852,3.0396514329866493,,,zaidvideos-14,71
168.5917384186223,153.81595542181145,133.19040181774793,175.24099633781972,160.26136537768278,134.51019781348427,1.347410410528446,-5.406494161995728,0.10235076147851604,0.2458240634331977,174.0307383088586,2.919175078991146,174.48140812599436,2.788780842464478,,,zaidvideos-14,72
168.95296359086726,151.80521769377563,133.31404443685403,175.0630945907907,161.8129427835668,134.30783022710045,1.3376586646390887,-5.4423632301223615,0.10289504410891176,0.24546747804616506,173.9991222974851,2.8276185296823617,174.29230578785018,2.537910251942307,,,zaidvideos-14,73
169.31418876311218,149.79447996573984,133.43768705596014,174.8851928437617,163.36452018945081,134.10546264071664,1.3279069187497314,-5.478232298248995,0.10343932673930746,0.24511089265913244,173.9675062861116,2.736061980373578,174.10320344970603,2.287039661420139,,,zaidvideos-14,74
169.6290032398445,148.64594707575017,133.94192382814305,174.69779620527552,162.81588308770185,134.09297093467026,1.320523240377556,-5.467180785069251,0.10375647659624107,0.2449894793296408,173.91551171474984,2.6419141030464073,173.835185556837,2.166778592870613,,,zaidvideos-14,75
169.92834748473928,147.7848157984426,134.57302531801824,174.50723460297033,161.56717448340856,134.14377118873637,1.313928917844441,-5.440489078120716,0.10399791552868731,0.24494645668599613,173.8567242900587,2.5469024497131074,173.54086247905968,2.090054031645303,,,zaidvideos-14,76
170.22769172963402,146.92368452113502,135.2041268078934,174.3166730006651,160.31846587911528,134.19457144280247,1.3073345953113262,-5.41379737117218,0.10423935446113355,0.2449034340423515,173.79793686536757,2.4518907963798076,173.24653940128235,2.0133294704199933,,,zaidvideos-14,77
170.52200458848196,145.93469182940802,135.8119138345391,174.17883259887492,159.18959953519135,134.26805016334453,1.3014738097892256,-5.385070236424156,0.104488219797058,0.2446649560141012,173.76571919222482,2.338096079759418,172.9507048101859,1.9282818764734928,,,zaidvideos-14,78
170.79786903182492,144.47687395147653,136.33421449601,174.2343032656399,158.50015481262167,134.42468326096517,1.298302659974177,-5.34887986641134,0.10476431527906918,0.243709808242297,173.83092394142605,2.1554301310863564,172.6493280035859,1.8127164958826192,,,zaidvideos-14,79
171.07373347516784,143.01905607354504,136.85651515748086,174.28977393240487,157.81071009005197,134.5813163585858,1.2951315101591283,-5.312689496398524,0.10504041076108037,0.2427546604704928,173.89612869062725,1.9727641824132949,172.34795119698592,1.6971511152917456,,,zaidvideos-14,80
171.34959791851077,141.56123819561358,137.37881581895175,174.34524459916983,157.1212653674823,134.73794945620645,1.29196036034408,-5.276499126385708,0.10531650624309155,0.24179951269868857,173.96133343982848,1.7900982337402358,172.04657439038593,1.5815857347008735,,,zaidvideos-14,81
171.34585953427106,140.4724410612635,137.76815385982206,174.48258805249583,156.10212749015164,134.96573208552635,1.2904409048143348,-5.231567050661817,0.10571298030556694,0.24034651596474352,174.0177914323976,1.6631575074777423,171.89412607841223,1.4824063887895622,,,zaidvideos-14,82
171.20967770538695,139.55844322650464,138.09450960672373,174.65871335208757,154.92681917109215,135.22721712459852,1.2897038307881545,-5.182494166969523,0.10616647580089379,0.23865769603820544,174.0701062244567,1.5626129391992032,171.81222284284047,1.3909888487790965,,,zaidvideos-14,83
171.07349587650282,138.64444539174576,138.42086535362537,174.8348386516793,153.75151085203262,135.48870216367072,1.2889667567619745,-5.133421283277228,0.10661997129622064,0.23696887611166736,174.12242101651583,1.4620683709206639,171.73031960726868,1.299571308768631,,,zaidvideos-14,84
170.9463178212392,137.8542362390896,138.7452935265082,174.9984562395276,152.6348426099471,135.75967725833698,1.2884207728077095,-5.0832386870731,0.10701586320151432,0.23535677764204446,174.1750914896489,1.3655668063971262,171.6411498865039,1.2247020303198946,,,zaidvideos-14,85
170.8731624076986,137.8067591790497,139.05815625527813,175.08702755691533,151.8700148297055,136.08759268656775,1.2890213292849362,-5.0263978157979725,0.10706613356660903,0.23420500791391258,174.2298960492258,1.2933232644035915,171.50838125458105,1.2491223212415343,,,zaidvideos-14,86
170.80000699415803,137.7592821190098,139.37101898404808,175.17559887430303,151.1051870494639,136.41550811479848,1.2896218857621626,-4.969556944522846,0.10711640393170374,0.23305323818578066,174.2847006088027,1.2210797224100567,171.37561262265822,1.2735426121631739,,,zaidvideos-14,87
170.72685158061742,137.7118050589699,139.68388171281802,175.26417019169077,150.3403592692223,136.74342354302925,1.2902224422393893,-4.912716073247718,0.10716667429679846,0.23190146845764878,174.33950516837956,1.148836180416522,171.24284399073537,1.2979629030848134,,,zaidvideos-14,88
170.73382540998568,138.04610953224804,139.96571918528284,175.22331569184118,150.03996750751278,136.83415063692686,1.2917972088384158,-4.898359881964498,0.10747234382883224,0.23095524739493856,174.28684978935158,1.1465162290780704,171.09482170095268,1.3662451847930852,,,zaidvideos-14,89
170.79264757300086,138.62744911532025,140.22748149190312,175.0987150749557,150.04009316955936,136.77140292625597,1.2940023466927242,-4.911493777734866,0.107943271645356,0.2301420284098541,174.16466150887337,1.18944095404585,170.93692939726066,1.4629087546574144,,,zaidvideos-14,90
170.85146973601604,139.20878869839245,140.48924379852343,174.9741144580702,150.04021883160593,136.7086552155851,1.2962074845470328,-4.924627673505234,0.10841419946187977,0.22932880942476963,174.04247322839515,1.2323656790136295,170.77903709356863,1.5595723245217437,,,zaidvideos-14,91
170.90201686431465,139.77248810781055,140.73854475010845,174.85933464656028,150.06131322471668,136.65105348031761,1.298310532917779,-4.936617131077448,0.10885845471308458,0.2285269704261519,173.92250368430442,1.2737593113630672,170.62449596645993,1.6520352420790914,,,zaidvideos-14,92
170.84498854129794,140.10686525972537,140.8258480862347,174.872225304933,150.3550011216621,136.66034942529433,1.299086418002214,-4.933728892073654,0.10895596661514297,0.22787307125160125,173.83137771325102,1.2952487396740606,170.5135201349343,1.6898896796456802,,,zaidvideos-14,93
170.78796021828123,140.4412424116402,140.913151422361,174.88511596330574,150.6486890186075,136.66964537027104,1.2998623030866487,-4.930840653069861,0.10905347851720135,0.2272191720770506,173.7402517421976,1.3167381679850543,170.4025443034087,1.7277441172122694,,,zaidvideos-14,94
170.73093189526455,140.77561956355504,141.0004547584873,174.89800662167843,150.94237691555293,136.67894131524773,1.3006381881710838,-4.927952414066068,0.10915099041925974,0.22656527290249998,173.64912577114416,1.338227596296048,170.29156847188307,1.7655985547788586,,,zaidvideos-14,95
170.65701217864773,141.03715669120314,141.05693417675792,174.933688136462,151.25847929359273,136.70057977266728,1.3009714165394066,-4.92889253334641,0.10928105614124314,0.22636197920301843,173.55319043091825,1.3789051619763253,170.217939513125,1.8044866383434144,,,zaidvideos-14,96
170.56845325424416,141.23556579782013,141.08669953288694,174.9891217268016,151.59400755524766,136.73291507420393,1.300921009087099,-4.9331505631396695,0.10943933517382824,0.22654921024859676,173.45308697074287,1.4362124467099828,170.17667784409878,1.844270548439542,,,zaidvideos-14,97
170.47989432984062,141.4339749044371,141.116464889016,175.04455531714126,151.9295358169026,136.7652503757406,1.3008706016347915,-4.937408592932928,0.10959761420641334,0.22673644129417508,173.35298351056753,1.4935197314436404,170.13541617507258,1.8840544585356696,,,zaidvideos-14,98
170.39133540543705,141.63238401105406,141.146230245145,175.09998890748088,152.26506407855751,136.79758567727728,1.300820194182484,-4.941666622726188,0.10975589323899844,0.2269236723397534,173.25288005039215,1.550827016177298,170.09415450604638,1.9238383686317972,,,zaidvideos-14,99
104.03463251162384,158.41332849446232,20.710030355317908,104.62190091153423,167.49800199019217,16.829698677574463,0.017143470912262575,22.630586916645925,0.2840055068440664,0.35192015746507593,85.17964660661436,57.01422553667828,80.79940111256589,63.583368481824756,,,zaidvideos-15,0
103.53465703129866,157.5326070111396,20.83007208137699,104.42707380837724,166.978074334203,16.844143196645327,0.012741859028907485,22.366740427445645,0.284834530860656,0.35216990565757234,84.80589019351324,56.981243998674245,80.52711390706219,63.768535195792126,,,zaidvideos-15,1
103.03468155097349,156.65188552781686,20.950113807436068,104.23224670522026,166.45814667821384,16.858587715716187,0.008340247145552395,22.102893938245362,0.2856635548772457,0.35241965385006874,84.43213378041212,56.94826246067021,80.25482670155849,63.953701909759495,,,zaidvideos-15,2
102.53470607064831,155.77116404449413,21.07015553349515,104.03741960206328,165.93821902222467,16.87303223478705,0.003938635262197305,21.839047449045083,0.28649257889383534,0.3526694020425651,84.058377367311,56.91528092266617,79.98253949605478,64.13886862372686,,,zaidvideos-15,3
101.86018055946494,155.7362202510454,21.28200314943456,103.9195393664926,165.35969059730746,17.239924448397268,-0.0009625092103050176,21.618757668120935,0.28615024258478655,0.35327510404697243,83.81309546400087,56.84461933385839,79.83353330408049,64.06000048223618,,,zaidvideos-15,4
101.1675981485376,155.78877070137673,21.503347926396067,103.80961915170673,164.77510002388044,17.64327676833914,-0.005915329467891537,21.402973753570183,0.2856867310696372,0.35391762885950856,83.58110402722085,56.77005980876057,79.69728032040234,63.953818390180864,,,zaidvideos-15,5
100.47501573761028,155.84132115170806,21.72469270335758,103.69969893692084,164.19050945045342,18.046629088281012,-0.010868149725478051,21.18718983901943,0.2852232195544879,0.35456015367204463,83.34911259044082,56.695500283662746,79.56102733672421,63.84763629812556,,,zaidvideos-15,6
99.4233565282072,155.81504384087606,22.294778729421186,103.32075398066435,163.2629676936307,18.58203849611498,-0.014615772270348939,20.83112591145753,0.2835960889841894,0.3552514481693262,82.84526755044583,56.711700601234924,78.97934165304413,64.00017331286737,,,zaidvideos-15,7
98.28883344223277,155.77057550823713,22.945343505277584,102.87972639176081,162.2562833560244,19.14792261653943,-0.0180852722661316,20.442689673200753,0.2817004309396257,0.35595399720924137,82.27868706355507,56.74884549788479,78.29486380782515,64.21241473687007,,,zaidvideos-15,8
97.15431035625836,155.7261071755982,23.59590828113398,102.43869880285726,161.24959901841805,19.71380673696388,-0.021554772261914257,20.054253434943973,0.27980477289506206,0.35665654624915655,81.71210657666431,56.78599039453466,77.61038596260617,64.42465616087277,,,zaidvideos-15,9
96.03089341128205,155.97529802665946,24.47100450883004,102.18791988403551,160.54902401636576,20.94353394679332,-0.026741230834007666,19.644142273984908,0.27729228579317655,0.35769018440858885,81.06196097611664,56.79539139463792,77.05087076140727,64.33988525601124,,,zaidvideos-15,10
94.91182234756586,156.33939899308166,25.433960869854662,102.01158609698489,159.96823092822592,22.433025843781238,-0.03259954276204875,19.22554962153364,0.2745384307992956,0.3588533791800061,80.37911598326843,56.79393608739685,76.54025398612927,64.13889213550719,,,zaidvideos-15,11
93.79275128384968,156.7034999595039,26.396917230879282,101.83525230993426,159.38743784008608,23.922517740769155,-0.03845785469008983,18.806956969082375,0.2717845758054146,0.36001657395142334,79.69627099042023,56.792480780155785,76.02963721085126,63.937899015003126,,,zaidvideos-15,12
92.55050028515438,157.6099331864516,27.567790677681902,101.34917709915638,159.2373518404236,25.37739784730818,-0.042138581134870456,18.41462265780728,0.26795771508615496,0.36153363169317326,79.11193601931559,56.781211515236656,75.77988678648927,63.634032561935285,,,zaidvideos-15,13
91.23434132547163,158.84176576971464,28.86341437595132,100.67725703414216,159.34569009384754,26.81151087957787,-0.0445127562896948,18.038043351237885,0.2634870509316681,0.36326300721712285,78.58670706125707,56.76405387571069,75.68665617267688,63.268442109329165,,,zaidvideos-15,14
89.91818236578888,160.07359835297768,30.15903807422073,100.00533696912792,159.4540283472715,28.24562391184756,-0.04688693144451914,17.66146404466849,0.2590163867771812,0.36499238274107243,78.06147810319857,56.74689623618472,75.5934255588645,62.90285165672305,,,zaidvideos-15,15
88.41052952152445,161.7658112699265,31.675359989887326,99.07286465588592,159.50649275672757,29.819986096644296,-0.047366163775383496,17.321824286956613,0.25373309627105145,0.36787635415818937,77.67158094990161,56.73071256971606,75.46262447019373,62.55238899771485,,,zaidvideos-15,16
86.73391148498204,163.86424212836275,33.386415626786714,97.91049330009,159.50965671562378,31.518097533670787,-0.04617338773216552,17.014778248824893,0.24773278251347214,0.3717790866575129,77.40109421257073,56.71538829123916,75.2986729625303,62.21527439188129,,,zaidvideos-15,17
85.05729344843965,165.962672986799,35.0974712636861,96.74812194429407,159.51282067452,33.216208970697274,-0.044980611688947535,16.707732210693173,0.24173246875589283,0.3756818191568364,77.13060747523986,56.700064012762255,75.13472145486688,61.878159786047725,,,zaidvideos-15,18
83.48879310022913,167.63953186551655,36.967490252204726,95.4065434134942,160.02294568270943,34.99520294420071,-0.04003134400106734,16.409844796067404,0.23564480016181563,0.3793778533056945,76.85459363161458,56.704813815317486,74.96132908753289,61.6160559589154,,,zaidvideos-15,19
82.0593012084453,168.77436962745298,39.04189069280521,93.83455565768925,161.1848777542759,36.878188750317385,-0.03025230134147859,16.12373275452072,0.22944481820652693,0.3828081324325257,76.57147350846793,56.735373150628305,74.77579847205104,61.450394561541835,,,zaidvideos-15,20
80.6298093166615,169.9092073893894,41.11629113340569,92.2625679018843,162.34680982584237,38.76117455643406,-0.020473258681889876,15.837620712974038,0.22324483625123823,0.3862384115593569,76.28835338532129,56.765932485939125,74.5902678565692,61.28473316416826,,,zaidvideos-15,21
79.34915950727,170.98477753144786,43.31109085428292,90.83876609125335,163.10931875977676,40.60720406092948,-0.010234382383960338,15.519831320444208,0.21751925414146212,0.3897375241548121,76.22573746742049,56.68910005678907,74.62652701304313,61.02319835059901,,,zaidvideos-15,22
78.3526627642639,171.94720039919392,45.735743746597564,89.69786472140913,163.10929261277712,42.382680625966174,0.0008823581326197968,15.14156698512837,0.2126993444640283,0.3933680460994587,76.58408412317087,56.40724698639552,75.08620300688722,60.57863246974711,,,zaidvideos-15,23
77.35616602125778,172.90962326693997,48.16039663891221,88.55696335156493,163.1092664657775,44.15815719100286,0.0119990986491999,14.763302649812532,0.2078794347865945,0.3969985680441052,76.94243077892125,56.125393916001975,75.54587900073129,60.134066588895216,,,zaidvideos-15,24
76.3200829887432,173.51774806830412,50.60473127187331,87.39588837340374,162.65105335316773,45.88412220403139,0.024138307481409462,14.387081491222597,0.20315493287370298,0.4004691927325673,77.37835560992517,55.806512891033215,76.0835478720152,59.68733425547609,,,zaidvideos-15,25
75.16524108770315,173.0629786705225,53.10811112677378,86.1742925702916,160.81827934372748,47.46155256103547,0.039344921260507294,14.016989862810371,0.19871665425443824,0.40346012565247596,78.0470149666897,55.376548002338815,76.85519537561859,59.23410256435526,,,zaidvideos-15,26
74.01039918666312,172.6082092727409,55.61149098167424,84.95269676717946,158.98550533428727,49.038982918039544,0.05455153503960512,13.646898234398144,0.1942783756351735,0.4064510585723846,78.71567432345422,54.946583113644415,77.626842879222,58.780870873234434,,,zaidvideos-15,27
72.93199002319948,172.0264036968636,58.08219329865667,83.77508139582332,156.93367718220892,50.715917499312205,0.07180717285590592,13.245215140427284,0.1900987746701982,0.40884614635024946,79.41844975117797,54.480470246779,78.48785578638855,58.205610943305466,,,zaidvideos-15,28
72.26631764264836,170.7586027592695,60.37643691088179,82.83496035594955,153.6989566598847,52.93017489163518,0.10012754047310216,12.672938132439803,0.18731603303838587,0.408023670361078,80.30545196208152,53.81915829779007,79.83144187279616,56.97139852381256,,,zaidvideos-15,29
71.60064526209725,169.4908018216754,62.67068052310693,81.89483931607576,150.46423613756045,55.14443228395817,0.12844790809029855,12.100661124452321,0.1845332914065735,0.40720119437190655,81.19245417298507,53.15784634880114,81.17502795920379,55.73718610431965,,,zaidvideos-15,30
70.94452140532552,168.1970205104187,64.96672696839849,80.92752629804261,147.40827636234812,57.33073474124812,0.1569070198202913,11.526100039400008,0.18167688449114497,0.40631023726502935,82.10517972881829,52.48122897212821,82.56485298578785,54.468206917665256,,,zaidvideos-15,31
70.43162540524472,166.51353359422316,67.28981590968633,79.55233360761886,147.0337277938145,59.09771317304266,0.18744729324222908,10.91727779837527,0.1777154983214737,0.404392063392566,83.40375545859672,51.57503018019538,84.64826211501847,52.677726223588785,,,zaidvideos-15,32
69.9187294051639,164.83004667802763,69.61290485097418,78.17714091719513,146.6591792252809,60.864691604837205,0.2179875666641669,10.308455557350532,0.17375411215180248,0.4024738895201027,84.70233118837514,50.66883138826255,86.73167124424909,50.887245529512306,,,zaidvideos-15,33
69.40583340508309,163.1465597618321,71.93599379226201,76.8019482267714,146.28463065674728,62.631670036631746,0.2485278400861047,9.699633316325794,0.16979272598213124,0.4005557156476394,86.00090691815356,49.76263259632971,88.81508037347969,49.096764835435835,,,zaidvideos-15,34
69.11373978115745,161.90098047954334,74.09333470100579,73.60990445873034,145.9481767894496,63.316900620199185,0.2767742657486889,9.078512535269663,0.1672607555470383,0.3981270509564453,87.77630618970136,48.676336806736586,91.2945858681935,47.10582129523565,,,zaidvideos-15,35
68.82876881452712,160.66952724996122,76.24532889902233,70.35925259141135,145.61295178348215,63.967236111888326,0.30494669632226157,8.45699502711575,0.16477489529693173,0.3956819188194857,89.56708686582235,47.58423143657377,93.78686866501964,45.10841121161213,,,zaidvideos-15,36
68.54379784789681,159.4380740203791,78.39732309703888,67.10860072409233,145.27772677751466,64.61757160357747,0.3331191268958344,7.8354775189618335,0.16228903504682515,0.3932367866825261,91.35786754194335,46.49212606641096,96.2791514618458,43.1110011279886,,,zaidvideos-15,37
67.72251068114147,158.54005704539122,80.24211124584103,64.3371459042854,145.53129722186176,65.53438152520275,0.366622187138272,7.286100889621732,0.15956871325213726,0.3901893705285444,93.18915517953505,45.28772768480862,98.82968569465356,40.97157037518189,,,zaidvideos-15,38
66.82460691436826,157.68967382105964,82.04301281618399,61.63414780555166,145.86898130196806,66.48925922253319,0.40088676590483313,6.747030100112177,0.1568148969510806,0.3870559138007025,95.02622952590826,44.06728744442922,101.38854156117299,38.811850955349016,,,zaidvideos-15,39
65.92670314759506,156.83929059672806,83.84391438652695,58.931149706817905,146.2066653820744,67.44413691986362,0.43515134467139427,6.20795931060262,0.15406108065002397,0.3839224570728605,96.86330387228148,42.84684720404981,103.94739742769242,36.65213153551614,,,zaidvideos-15,40
65.036932719285,157.28824693209765,85.66617366718604,56.85469384351341,147.58416371401952,68.60213218452509,0.47596285149183126,5.723675820699327,0.1532381906337587,0.37885688912429905,98.96550828643373,41.47317807424518,106.43615017896994,34.58392639853422,,,zaidvideos-15,41
64.14943962574463,158.10101834418353,87.49441310673365,54.953669806129106,149.25281003647953,69.81700036803925,0.5186074981673533,5.254732774685791,0.15295595997723505,0.3732503300339362,101.1419491195641,40.05660485540151,108.9052740579797,32.54134526075057,,,zaidvideos-15,42
63.261946532204256,158.91378975626944,89.32265254628126,53.052645768744796,150.92145635893954,71.0318685515534,0.5612521448428754,4.785789728672251,0.15267372932071135,0.36764377094357337,103.31838995269449,38.64003163655783,111.37439793698948,30.49876412296691,,,zaidvideos-15,43
62.35329009808093,160.12287083442445,91.12187939070057,52.50049205097895,153.20580167132078,72.26289330952733,0.5982056181127089,4.433149801264133,0.1522559612115031,0.3641224035289246,105.75045335843795,37.14559810663513,113.69330665317524,28.868621450090384,,,zaidvideos-15,44
61.435013963692626,161.51209266988363,92.90791869187976,52.561461205766946,155.77001016093894,73.50126196498299,0.6325721943799564,4.133374927767569,0.15177658516925635,0.36154885051232777,108.29870884264193,35.61577352622197,115.94393574989556,27.4259508067171,,,zaidvideos-15,45
60.51673782930432,162.90131450534278,94.69395799305893,52.62243036055494,158.3342186505571,74.73963062043863,0.666938770647204,3.8336000542710065,0.15129720912700959,0.35897529749573087,110.84696432684589,34.08594894580881,118.19456484661586,25.983280163343817,,,zaidvideos-15,46
60.07147848553843,164.40802570591018,96.3961349911667,54.51471930635653,158.46084887492108,76.5400503604451,0.7053393690477218,3.5507504549301294,0.15178308822665632,0.3562849628909581,113.74168522540147,32.48047746344906,120.25309491471072,24.729747175944844,,,zaidvideos-15,47
59.9498622090405,165.9951243668147,98.04093251875192,57.66001653022002,156.9196623914796,78.72503136882841,0.7465000878552137,3.2794813063273542,0.15292940505496697,0.3535147250942756,116.87346140746074,30.82324757449429,122.18018880532497,23.60562416368619,,,zaidvideos-15,48
59.828245932542565,167.58222302771927,99.68573004633714,60.80531375408353,155.37847590803813,80.91001237721173,0.7876608066627058,3.008212157724578,0.15407572188327762,0.35074448729759305,120.00523758952004,29.166017685539508,124.10728269593923,22.48150115142753,,,zaidvideos-15,49
59.738910109719185,168.88508376333482,101.17853576280424,65.24606663644805,150.30759952684613,83.5973104209862,0.8337187694978623,2.7191777546596616,0.15391471253511513,0.34786964173638973,123.28519601152587,27.3668308453236,126.55739116897678,21.35455919727188,,,zaidvideos-15,50
59.681854740570365,169.90370657366142,102.51934966815324,70.98227517731361,141.70703324790367,86.78692550015182,0.8846739763606836,2.412378097132603,0.1524463770104795,0.34489018841066565,126.71333667347827,25.42568705384656,129.5305142244376,20.224798301219227,,,zaidvideos-15,51
59.624799371421545,170.922329383988,103.8601635735022,76.7184837181791,133.1064669689613,89.97654057931743,0.9356291832235043,2.1055784396055484,0.1509780414858439,0.34191073508494163,130.14147733543064,23.484543262369534,132.5036372798984,19.095037405166586,,,zaidvideos-15,52
60.12709788500689,171.46585075237402,105.0506442805925,82.06730341040006,127.66530790052306,92.89727976588782,0.9847812177565597,1.7872238633632893,0.1480875717827094,0.3390086175806043,133.50425539896077,21.61447675104625,135.54387166055906,18.02840016922962,,,zaidvideos-15,53
61.446913611819106,171.31499309023152,106.0214072363816,86.849939400756,126.8417439858985,95.42504649404988,1.0312978465768816,1.451981328998806,0.14311859828023035,0.33621952935367827,136.77150351095074,19.848292418409176,138.68219182420415,17.05402059038478,,,zaidvideos-15,54
62.766729338631315,171.164135428089,106.99217019217072,91.63257539111189,126.01818007127395,97.95281322221192,1.077814475397203,1.1167387946343266,0.13814962477775136,0.33343044112675224,140.03875162294068,18.08210808577212,141.8205119878492,16.079641011539948,,,zaidvideos-15,55
64.42300100154003,170.72581487877034,107.94043722266608,96.13681801190303,125.68632569461596,100.3513169688507,1.1234548380841873,0.7765148514338869,0.13187051760305296,0.3315620291600506,143.32275888306458,16.345470397918014,145.01942784942923,15.081358274559612,,,zaidvideos-15,56
66.819475723861,169.65507597766413,108.8392132175152,100.02859521965159,126.43623230148438,102.46544215613825,1.1671674152778282,0.4253318087943476,0.12270911634947222,0.3317191049658425,146.64363626908306,14.673835328586447,148.35165424646618,14.03048858968119,,,zaidvideos-15,57
69.21595044618198,168.58433707655792,109.7379892123643,103.92037242740014,127.1861389083528,104.57956734342581,1.2108799924714688,0.07414876615480837,0.11354771509589148,0.3318761807716344,149.96451365510154,13.002200259254884,151.68388064350313,12.979618904802766,,,zaidvideos-15,58
72.11453415206365,167.63317015467243,110.85613085743154,107.90437359864576,127.75847525333786,106.78382460796287,1.2544424944472976,-0.25507214474667933,0.10431615176532576,0.33151883719385145,153.24870225997114,11.405294008886939,154.91389084292138,11.957405217682345,,,zaidvideos-15,59
76.80636422780483,167.1090460157182,112.75772125327772,112.21774606809495,127.69663209159664,109.30998214839097,1.2974690135023663,-0.5058568708693969,0.09483400958838553,0.32932428153187276,156.4018595035947,10.075276397674855,157.77884319370122,11.037534379697687,,,zaidvideos-15,60
81.49819430354607,166.58492187676399,114.65931164912392,116.53111853754419,127.63478892985542,111.83613968881909,1.3404955325574355,-0.7566415969921171,0.08535186741144521,0.32712972586989403,159.55501674721827,8.745258786462756,160.64379554448112,10.117663541713021,,,zaidvideos-15,61
86.38843753349013,166.10758139484,116.5491147490599,120.67646522930161,127.90256156063845,114.22760717551822,1.3826499327145163,-1.0036357550202764,0.07606096468723755,0.3245657437624523,162.54902066208282,7.474649634570548,163.44534961105057,9.22916977005531,,,zaidvideos-15,62
92.6675728428544,165.9577265121277,118.3564067776244,123.64563147721677,130.47764473909115,115.67624428611461,1.4186995005856822,-1.2240959363865318,0.06810873813215768,0.3194157765367694,164.42895127563455,6.619899697917454,165.8031156881474,8.560315462686203,,,zaidvideos-15,63
98.94670815221858,165.80787162941542,120.16369880618888,126.6147977251319,133.05272791754382,117.12488139671099,1.4547490684568476,-1.4445561177527848,0.060156511577077895,0.31426580931108655,166.30888188918627,5.765149761264369,168.16088176524417,7.891461155317105,,,zaidvideos-15,64
105.24757191304707,165.65827667667966,121.96134604301349,129.60606199426002,135.8352641107533,118.56556169428106,1.4903044837385913,-1.666782227437071,0.05232647813401261,0.3090734516193807,168.17368275526673,4.923639552545764,170.48066084151114,7.222843859837314,,,zaidvideos-15,65
112.22201766926901,165.51673955321672,123.46000473590175,133.28236492099106,145.04884376142292,119.7595807880353,1.5105411687482633,-1.9437521149803918,0.048284431163396736,0.3025669894809622,169.56946144973833,4.492560909796062,171.62284289205382,6.561573932926086,,,zaidvideos-15,66
119.19646342549088,165.37520242975378,124.95866342878999,136.95866784772207,154.26242341209246,120.95359988178953,1.5307778537579348,-2.2207220025237095,0.04424238419278091,0.29606052734254384,170.96524014420996,4.0614822670463635,172.7650249425965,5.900304006014865,,,zaidvideos-15,67
126.17090918171282,165.23366530629087,126.45732212167825,140.63497077445314,163.47600306276212,122.14761897554376,1.5510145387676069,-2.4976918900670304,0.04020033722216504,0.28955406520412535,172.36101883868156,3.630403624296661,173.90720699313923,5.239034079103638,,,zaidvideos-15,68
131.97373872746684,166.2165029612067,127.67252559897888,144.10119664036444,165.62950916773752,123.55495868411987,1.56497039432828,-2.678074727799242,0.040214441306475494,0.2839775900234203,173.37427272050294,3.399554263242844,174.46414352428965,4.735781548504504,,,zaidvideos-15,69
137.69846052585643,167.2742989346811,128.868832061907,147.55341736888778,167.3123437030001,124.97651976701742,1.5785075279256868,-2.852018428877382,0.04049895546111433,0.2784631139732295,174.36202494814765,3.182053520968749,174.98206368748058,4.243063510992837,,,zaidvideos-15,70
143.42318232424597,168.3320949081555,130.06513852483513,151.0056380974111,168.99517823826264,126.39808084991498,1.5920446615230937,-3.025962129955521,0.040783469615753166,0.2729486379230387,175.34977717579233,2.9645527786946557,175.49998385067153,3.7503454734811736,,,zaidvideos-15,71
148.58853168317282,168.08249809240783,131.08589404967597,154.51998186829698,169.15133629765256,127.63216558067694,1.5928304896167336,-3.1578200932438563,0.04310582612562501,0.26753051002176936,175.7697152728334,2.993158575609477,175.56307595726852,3.434884190216498,,,zaidvideos-15,72
153.65029355331038,167.59079150087834,132.0741401415377,158.0458299062871,169.02477649114013,128.83153246845086,1.5912549648393055,-3.281884401385933,0.04580556084942891,0.2621302243703003,176.08450260494786,3.0673396575592813,175.54194064597777,3.15224823181237,,,zaidvideos-15,73
158.71205542344785,167.09908490934882,133.0623862333994,161.57167794427718,168.8982166846277,130.03089935622478,1.5896794400618777,-3.4059487095280088,0.048505295573232785,0.2567299387188313,176.39928993706232,3.1415207395090845,175.52080533468703,2.8696122734082454,,,zaidvideos-15,74
161.922781723608,165.71034708548984,133.2339416416159,163.56754468282261,169.72013375327606,130.4868427634972,1.5838109143283574,-3.5502920084913234,0.05147135650930666,0.25272405695854894,176.3513937097214,3.178475623820231,175.52354735499173,2.5965529526030657,,,zaidvideos-15,75
164.51649616710904,164.0225988508544,133.13326682195068,165.0534176548865,170.8582097803113,130.69497834393582,1.57651138827614,-3.7013949710617156,0.05452619284947051,0.24918297649532883,176.1826029625621,3.2030217755851584,175.53424848582827,2.3266858443308713,,,zaidvideos-15,76
167.1102106106101,162.33485061621894,133.0325920022855,166.5392906269504,171.9962858073466,130.90311392437442,1.5692118622239224,-3.8524979336321072,0.05758102918963435,0.2456418960321087,176.01381221540277,3.227567927350086,175.54494961666484,2.0568187360586774,,,zaidvideos-15,77
168.56300767045497,160.2316010425182,132.83999420561148,167.20935410451756,172.21274623421178,131.11449978464825,1.5592932785272509,-3.988388692969002,0.06021742162894845,0.24343491350355342,176.0658573434695,3.095751584235569,175.5455630466803,1.7585931081285942,,,zaidvideos-15,78
169.4181813388609,157.91070791025953,132.59924627812333,167.45208879925315,171.94645563241644,131.32758817245477,1.5480028074930081,-4.116311155374063,0.06263462916781741,0.2419267441788702,176.2335784061785,2.8820310771365847,175.54089244293235,1.4455130175205742,,,zaidvideos-15,79
170.27335500726684,155.58981477800083,132.3584983506352,167.6948234939887,171.68016503062114,131.54067656026132,1.5367123364587654,-4.244233617779124,0.06505183670668639,0.24041857485418697,176.40129946888752,2.668310570037598,175.5362218391844,1.1324329269125508,,,zaidvideos-15,80
170.57845493443972,153.53879659840612,132.2597223480367,167.44847173324132,171.05765972777368,131.69953271216002,1.5260291803303963,-4.283236066976011,0.06697894880286591,0.23971098871257696,176.33879053493857,2.505353880921671,175.33297444144378,0.9881026908196381,,,zaidvideos-15,81
170.45571972954247,151.6976811597723,132.27136895368574,166.82171939600715,170.15809854633014,131.81620823613045,1.5158183802399283,-4.253078505899874,0.06852487555473147,0.23962607838002384,176.09721382581122,2.38188016134812,174.97527842615327,0.9750223415718047,,,zaidvideos-15,82
170.3329845246452,149.85656572113845,132.28301555933476,166.194967058773,169.2585373648866,131.93288376010088,1.5056075801494606,-4.222920944823739,0.070070802306597,0.23954116804747075,175.85563711668385,2.2584064417745706,174.61758241086275,0.9619419923239714,,,zaidvideos-15,83
170.33576323453326,147.85600437300596,132.439636772201,165.63407912115363,168.52987518844182,131.98251186693173,1.4955511767836132,-4.192819129624514,0.07143630799737984,0.23939062526023444,175.66147823260314,2.1093420007008747,174.24244657322973,0.9610974428182891,,,zaidvideos-15,84
170.48079104784463,145.6747376607749,132.76056253991342,165.14783750309772,167.99489855099557,131.95615290100443,1.485669756372335,-4.162780493085789,0.07259733648560232,0.23916569902435716,175.52105955024194,1.9312747419270122,173.8475456036085,0.9741201330203781,,,zaidvideos-15,85
170.625818861156,143.4934709485439,133.08148830762582,164.6615958850418,167.45992191354935,131.9297939350771,1.4757883359610569,-4.132741856547064,0.07375836497382478,0.23894077278847992,175.38064086788074,1.7532074831531514,173.4526446339873,0.9871428232224669,,,zaidvideos-15,86
170.6698323042213,142.0661255431767,133.36497907044102,164.18565340773677,167.1345352461018,131.84043807054468,1.4678933136486358,-4.108591583325064,0.07495339302923458,0.23863691076735144,175.27690955284945,1.5569225921636705,173.06736060934267,1.014246195041493,,,zaidvideos-15,87
170.5454884635431,141.89531564924923,133.5860781584275,163.72687616501656,167.15846519531866,131.64608737500373,1.4633089548343101,-4.0942552489642745,0.07620508702995657,0.23820148910413771,175.23432385003466,1.3302749808148286,172.69810482632573,1.0648173695554126,,,zaidvideos-15,88
170.42114462286492,141.72450575532176,133.80717724641403,163.26809892229633,167.18239514453552,131.4517366794628,1.4587245960199844,-4.0799189146034855,0.07745678103067856,0.23776606744092396,175.19173814721987,1.1036273694659844,172.3288490433088,1.1153885440693327,,,zaidvideos-15,89
170.3292428918416,141.74399412077213,134.04655231628556,162.9095230085934,167.12976051223018,131.30858177719847,1.4544005172725123,-4.0671458493316575,0.07869890891324209,0.23754619890493173,175.17165521654948,0.8921864112254082,171.978429694307,1.169788069277477,,,zaidvideos-15,90
170.3202487743808,142.24980026018812,134.33263267319654,162.80701715793452,166.88146083825703,131.29626056886323,1.4507415986958874,-4.058367805064952,0.07991659004940063,0.23787718836072783,175.20907937024813,0.7196068998170642,171.67614789889956,1.2339711573708603,,,zaidvideos-15,91
170.31125465691997,142.7556063996041,134.61871303010756,162.70451130727565,166.63316116428385,131.28393936052797,1.4470826801192627,-4.049589760798247,0.08113427118555919,0.23820817781652392,175.2465035239468,0.5470273884087182,171.37386610349208,1.2981542454642445,,,zaidvideos-15,92
170.27134036110567,143.21055056346617,134.85989562074332,162.64130628081747,166.41987933611628,131.29152123621776,1.4436684228326693,-4.03723590446997,0.08227275439320411,0.23845608917093103,175.25721327563042,0.4101203921844531,171.09489284006963,1.3649213651073506,,,zaidvideos-15,93
170.09743862575974,143.44509283326133,134.90652122418626,162.74840482589565,166.35834150643947,131.38534980934944,1.4413143644695454,-4.009386862541553,0.08306804657729,0.23834399541931922,175.1521606185822,0.4277942950911907,170.91692321524897,1.442885954799255,,,zaidvideos-15,94
169.92353689041377,143.6796351030565,134.9531468276292,162.8555033709738,166.2968036767627,131.4791783824811,1.4389603061064213,-3.9815378206131355,0.08386333876137587,0.2382319016677074,175.04710796153395,0.4454681979979281,170.7389535904283,1.5208505444911582,,,zaidvideos-15,95
169.75995121279928,143.93054821272406,135.00560100363413,162.9457859760487,166.25152851515756,131.56066495587285,1.4366203930365329,-3.954573606814993,0.08459284010676925,0.23821423755499446,174.95506001957895,0.45874506168494256,170.56676185997026,1.5960023059604804,,,zaidvideos-15,96
169.69608742658863,144.3397127744913,135.1143980477381,162.87351449442534,166.36345914491187,131.52284553177864,1.4344172178012555,-3.936162731609503,0.08468636334480166,0.23910939328497036,174.98872432352513,0.4295172129146366,170.45042310835066,1.6439633946115193,,,zaidvideos-15,97
169.63222364037802,144.74887733625852,135.22319509184206,162.801243012802,166.47538977466616,131.48502610768443,1.4322140425659782,-3.9177518564040135,0.08477988658283409,0.24000454901494628,175.02238862747132,0.400289364144331,170.33408435673104,1.6919244832625575,,,zaidvideos-15,98
169.56835985416737,145.15804189802574,135.33199213594602,162.72897153117864,166.58732040442047,131.44720668359022,1.4300108673307008,-3.899340981198524,0.0848734098208665,0.24089970474492217,175.0560529314175,0.3710615153740253,170.21774560511145,1.739885571913596,,,zaidvideos-15,99
95.4751364019509,155.2467031244695,24.583340870378976,101.14302688793748,163.9693611660035,18.813292073514514,-0.013711081517995716,21.719012342329744,0.2718163512911778,0.3626308700608416,69.7232301079656,58.945626760978406,71.4632522571835,66.88654525769577,,,zaidvideos-16,0
94.63048235799153,155.40815160395343,24.96524883775043,100.91655331014121,163.13817235550712,19.323080085386497,-0.015676489584609807,21.58112118508669,0.27021141275379007,0.3628635832184655,69.95630300663245,58.81967715708371,72.04300899701009,66.48687244777354,,,zaidvideos-16,1
93.78582831403214,155.5696000834374,25.34715680512188,100.69007973234494,162.30698354501075,19.832868097258483,-0.017641897651223898,21.44323002784364,0.2686064742164024,0.36309629637608937,70.1893759052993,58.693727553189014,72.62276573683667,66.08719963785128,,,zaidvideos-16,2
92.94117427007275,155.73104856292133,25.729064772493334,100.46360615454866,161.4757947345144,20.342656109130466,-0.019607305717837992,21.305338870600586,0.26700153567901463,0.3633290095337133,70.42244880396613,58.56777794929432,73.20252247666326,65.68752682792905,,,zaidvideos-16,3
92.25985746463957,156.16618744522134,26.26505546100338,100.37308760383857,161.04637734236974,21.069220106089155,-0.021446165395498124,21.129955953005005,0.26565080316876777,0.3634347339598226,70.59145432810968,58.47232958990974,73.60979042287144,65.401139714686,,,zaidvideos-16,4
91.69383753346018,156.79451955303858,26.90981042325832,100.37853730754223,160.90056330435567,21.948802445461983,-0.023195696798602523,20.928108263395874,0.2644795102070909,0.36345081928133344,70.71523582317795,58.3984115207676,73.89530157358426,65.19471897556944,,,zaidvideos-16,5
91.12781760228079,157.42285166085586,27.554565385513264,100.3839870112459,160.75474926634163,22.82838478483481,-0.024945228201706922,20.726260573786742,0.263308217245414,0.3634669046028442,70.83901731824622,58.324493451625465,74.18081272429708,64.98829823645288,,,zaidvideos-16,6
90.39501841007737,158.04254572615915,28.26227937806401,100.26543096481598,160.53243751192696,23.83459857351334,-0.026507267085255123,20.505476184720457,0.26170813393321257,0.3637235323813112,71.01106463061207,58.24493623397509,74.50002333656018,64.73580352311602,,,zaidvideos-16,7
88.86167876495864,158.62077718739562,29.272196716034625,99.55164731774471,159.94293671878935,25.448643318859233,-0.027169341874933597,20.19379563825983,0.2580498569384934,0.365134763953168,71.41478786600634,58.13831110348517,74.98099136426445,64.26215373352173,,,zaidvideos-16,8
87.32833911983992,159.19900864863206,30.282114054005238,98.83786367067344,159.35343592565172,27.062688064205126,-0.027831416664612068,19.8821150917992,0.25439157994377426,0.36654599552502476,71.81851110140059,58.03168597299525,75.46195939196875,63.78850394392744,,,zaidvideos-16,9
85.79499947472121,159.77724010986853,31.29203139197585,98.12408002360219,158.76393513251412,28.676732809551016,-0.028493491454290542,19.570434545338575,0.25073330294905505,0.36795722709688156,72.22223433679484,57.92506084250533,75.94292741967303,63.314854154333155,,,zaidvideos-16,10
84.08464361875949,161.06443164706502,32.62913508301357,96.96863284492775,158.43517641521453,30.489047846186224,-0.023865055916340455,19.237939207986557,0.24685176398219316,0.36939253676193945,72.35721767947395,57.82485266471033,76.24278248367234,62.961762502506865,,,zaidvideos-16,11
82.31796442298409,162.5772013902488,34.07034352275446,95.67265636074325,158.18938108568162,32.3644488845953,-0.01755327618323583,18.898820982623647,0.24289918711510403,0.3708355076384704,72.40669287447098,57.72668624459099,76.48501069558371,62.647030258152206,,,zaidvideos-16,12
80.55128522720868,164.08997113343256,35.51155196249535,94.37667987655873,157.94358575614868,34.23984992300437,-0.011241496450131207,18.559702757260734,0.2389466102480149,0.3722784785150014,72.45616806946799,57.62851982447164,76.72723890749508,62.332298013797555,,,zaidvideos-16,13
78.98832588898537,165.57427563150407,37.13434949299896,93.08654796148184,158.0787759400458,36.204549078095475,-0.004587287623135771,18.216996187371755,0.23458233105116497,0.37423401025163544,72.5122312823229,57.50693075787404,76.92940063534044,62.073842493681916,,,zaidvideos-16,14
77.81243428011103,167.00449616386223,39.102166295951726,91.80752072770949,158.93783859945998,38.3389146548824,0.0027175364822521683,17.86747176288326,0.22943581742776956,0.3771634076224653,72.5808117291078,57.34083866296775,77.05543604346039,61.92231274962039,,,zaidvideos-16,15
76.6365426712367,168.43471669622036,41.069983098904494,90.52849349393712,159.7969012588742,40.473280231669335,0.01002236058764013,17.51794733839476,0.22428930380437415,0.38009280499329523,72.64939217589269,57.17474656806146,77.18147145158034,61.77078300555887,,,zaidvideos-16,16
75.46065106236234,169.86493722857853,43.03779990185726,89.24946626016477,160.6559639182884,42.60764580845627,0.01732718469302809,17.16842291390626,0.21914279018097876,0.3830222023641251,72.71797262267758,57.00865447315517,77.3075068597003,61.61925326149735,,,zaidvideos-16,17
74.74410385535623,170.36943083053487,45.46830026182963,88.23763449976131,160.77781685971496,44.7637174323403,0.028132378107380833,16.824803776014626,0.2144099542021567,0.38630166627165896,73.16421776976046,56.77822964524087,77.63117749656853,61.300722913613725,,,zaidvideos-16,18
74.06158215959961,170.80535206727623,47.933073477877535,87.24559499664444,160.84506167388318,46.92139691156487,0.03919685813721248,16.481622066759797,0.20970776101182154,0.38960706103376347,73.63843807982836,56.54303942969635,77.96948778001071,60.96982215063217,,,zaidvideos-16,19
73.37906046384299,171.2412733040176,50.39784669392544,86.25355549352757,160.9123064880514,49.07907639078944,0.05026133816704409,16.13844035750497,0.20500556782148638,0.3929124557958679,74.11265838989627,56.30784921415183,78.30779806345288,60.63892138765061,,,zaidvideos-16,20
72.62500711247485,171.2960803388881,52.84260286046474,85.22061847569545,160.2064836336007,51.03529478159122,0.06555022577989153,15.796458217550443,0.1994627911556442,0.3964919369509957,74.73353235820495,55.95224689043991,78.95100435877399,60.087904122567124,,,zaidvideos-16,21
71.80419088253595,170.99518078534575,55.26867644746269,84.14951044412908,158.7791309551057,52.80348282319841,0.08478189380355372,15.455595675609533,0.1931354699126621,0.4003272320729453,75.49128307420504,55.48425993243841,79.87878026518209,59.331444788855165,,,zaidvideos-16,22
70.98337465259704,170.69428123180342,57.694750034460625,83.07840241256272,157.35177827661067,54.57167086480559,0.10401356182721586,15.114733133668626,0.18680814866967999,0.4041625271948948,76.24903379020513,55.016272974436916,80.8065561715902,58.57498545514321,,,zaidvideos-16,23
70.20090623852118,170.3382027982938,60.13890410087778,81.9574597008087,156.17408391229424,56.31149195045574,0.12381995236829815,14.76464307305587,0.18048526718983507,0.4078401912226615,77.029623398582,54.53330694728046,81.79054083858007,57.79488922470211,,,zaidvideos-16,24
69.75078556192513,169.50390740506768,62.73975565559474,80.40461642742838,157.16009493752566,57.80546608447827,0.1486072713936882,14.334581183953784,0.17420086365717902,0.4101517191008434,78.00815007422445,53.92052232078102,83.26166809727866,56.80993988927521,,,zaidvideos-16,25
69.30066488532908,168.66961201184154,65.3406072103117,78.85177315404806,158.14610596275705,59.29944021850079,0.17339459041907818,13.904519294851701,0.167916460124523,0.41246324697902526,78.98667674986687,53.307737694281585,84.73279535597725,55.824990553848316,,,zaidvideos-16,26
68.85054420873303,167.8353166186154,67.94145876502866,77.29892988066774,159.13211698798847,60.79341435252332,0.1981819094444682,13.474457405749614,0.16163205659186697,0.41477477485720715,79.9652034255093,52.694953067782144,86.20392261467583,54.84004121842142,,,zaidvideos-16,27
68.51175089176212,166.85813141342342,70.39606957148045,76.20464880885093,159.32147660676293,62.225604796769375,0.22577057308805076,13.028148074614272,0.1549124975544798,0.4157041045444335,81.19913879735125,51.947196180928756,88.0735735499169,53.49993773679194,,,zaidvideos-16,28
68.22305488662253,165.81664579284683,72.78487204121292,75.3167207277377,159.15234309263175,63.62999258061601,0.2546198418098199,12.574527394563964,0.1479971185399637,0.41601144504572996,82.54800808248298,51.13870177691611,90.12256013960207,52.00001488937131,,,zaidvideos-16,29
67.93435888148295,164.7751601722702,75.17367451094539,74.42879264662447,158.9832095785006,65.03438036446265,0.28346911053158896,12.120906714513655,0.14108173952544759,0.41631878554702634,83.8968773676147,50.33020737290345,92.17154672928726,50.50009204195067,,,zaidvideos-16,30
67.6062355431268,163.6009951751709,77.46918864243018,73.64019236516948,158.52120842441568,66.53553029857417,0.31279072620621934,11.643375120121817,0.13489233540310994,0.4158430224198087,85.39479703444242,49.4493199828678,94.38985088262203,48.854604738413826,,,zaidvideos-16,31
67.17461545507713,162.07854681469954,79.51982088601477,73.1123275578174,157.29042971545203,68.29068087713095,0.34335225263210994,11.103077375583473,0.13060861537274093,0.41331161226774177,87.28397395322207,48.378401004521805,97.05261364053695,46.82701073757194,,,zaidvideos-16,32
66.74299536702746,160.55609845422816,81.57045312959937,72.58446275046532,156.0596510064884,70.04583145568775,0.37391377905800055,10.56277963104513,0.12632489534237193,0.4107802021156748,89.17315087200173,47.30748202617581,99.71537639845185,44.79941673673006,,,zaidvideos-16,33
66.31137527897779,159.0336500937568,83.62108537318397,72.05659794311323,154.82887229752478,71.80098203424454,0.4044753054838913,10.022481886506784,0.12204117531200291,0.4082487919636078,91.0623277907814,46.236563047829804,102.37813915636679,42.77182273588816,,,zaidvideos-16,34
65.82366644371075,158.4658142337072,85.19650529573929,71.39020839862889,153.3313012877475,73.48108915846704,0.4407836287188078,9.410308267872715,0.11919333053111464,0.40477390440933814,93.06534993921176,44.98954888660991,104.81477177915407,40.74727092522661,,,zaidvideos-16,35
65.32698340888894,158.0507163737251,86.69589124692992,70.70165489620338,151.79104350984002,75.14918932999606,0.47801143944316826,8.786634509383331,0.11657522579014327,0.401148060470716,95.08658732438624,43.714359496130186,107.21522358032094,38.723205864993915,,,zaidvideos-16,36
64.83030037406711,157.635618513743,88.19527719812056,70.01310139377787,150.25078573193252,76.8172895015251,0.515239250167529,8.162960750893943,0.1139571210491719,0.3975222165320938,97.10782470956073,42.43917010565046,109.61567538148783,36.6991408047612,,,zaidvideos-16,37
64.23321080856014,157.45256161816496,89.38728877223541,69.31077492216045,148.21418367456116,78.3296558113731,0.555968717714493,7.551806789587736,0.1127946132360667,0.39258461820221713,99.3141648201638,41.10945016122333,111.81862802664936,34.80092164369225,,,zaidvideos-16,38
63.51254397451763,157.55509360185346,90.20099342071849,68.59149710384528,145.56669635015732,79.65034967607525,0.6010079167354304,6.9560618094300555,0.11342360933418137,0.3860325529292579,101.7483236697559,39.71261568886093,113.77850478749664,33.0575897431325,,,zaidvideos-16,39
62.791877140475115,157.65762558554195,91.01469806920157,67.87221928553012,142.91920902575347,80.9710435407774,0.6460471157563678,6.360316829272375,0.11405260543229603,0.3794804876562987,104.182482519348,38.31578121649853,115.73838154834394,31.314257842572765,,,zaidvideos-16,40
62.09504598112077,157.74589971599138,91.80961055548336,67.20379229823293,140.32592221447197,82.29367670299325,0.6910481378805681,5.768497783462043,0.11473104006301475,0.37295446499837387,106.6334883223753,36.910409314029394,117.7132030560668,29.56694524675909,,,zaidvideos-16,41
62.06561371303525,157.43495395574786,92.07834250012858,67.95918857943866,139.25024977061574,83.67061019559272,0.7349802068961201,5.2866048993775605,0.11679375360664654,0.36715763556141207,109.5562088215875,35.26598936857202,120.10647747630583,27.708173183835616,,,zaidvideos-16,42
62.036181444949726,157.12400819550433,92.34707444477382,68.71458486064441,138.1745773267595,85.04754368819219,0.7789122759116722,4.804712015293078,0.11885646715027832,0.36136080612445026,112.47892932079972,33.62156942311465,122.49975189654486,25.849401120912145,,,zaidvideos-16,43
62.00674917686421,156.8130624352608,92.61580638941905,69.46998114185016,137.09890488290327,86.42447718079167,0.8228443449272246,4.322819131208593,0.12091918069391011,0.35556397668748846,115.40164982001195,31.97714947765727,124.8930263167839,23.99062905798866,,,zaidvideos-16,44
62.148187024477444,156.9142809093196,93.49827557819268,71.73659482173967,135.66464913805962,88.68698497573855,0.8711691209315885,3.9032292963407498,0.12275686700735552,0.35076330836073266,118.54819505463558,30.25898135719229,127.51733319789724,22.4128900176945,,,zaidvideos-16,45
62.39404549835103,157.26737752656314,94.75580641615588,74.92673024526925,134.01125915372364,91.4906770665644,0.9221783289846707,3.521713547105297,0.12445703668013147,0.34657140515688056,121.83152207201066,28.49574490755599,130.28282658287822,21.00689338011826,,,zaidvideos-16,46
62.63990397222463,157.62047414380672,96.01333725411908,78.11686566879887,132.35786916938767,94.29436915739028,0.9731875370377532,3.140197797869842,0.12615720635290745,0.3423795019530284,125.11484908938576,26.732508457919685,133.04831996785921,19.60089674254201,,,zaidvideos-16,47
62.92083326134721,158.02432615651387,97.21348143935764,81.37341917394922,131.20295589472352,96.94424495062576,1.023977440328948,2.7699589929027444,0.12690023712380932,0.3383673541758557,128.34231638608068,24.97527725249611,135.64311936150966,18.330086022728945,,,zaidvideos-16,48
63.336200675590945,158.6227405184982,98.19364345581842,84.88457532531243,131.9588700071346,99.00449160309815,1.073926675366242,2.442948474297678,0.1239742354375272,0.33504426886762045,131.3556547535017,23.24106614988797,137.583591788393,17.57748798767473,,,zaidvideos-16,49
63.75156808983467,159.22115488048257,99.1738054722792,88.39573147667566,132.71478411954567,101.06473825557056,1.1238759104035358,2.1159379556926097,0.12104823375124507,0.3317211835593853,134.36899312092274,21.50685504727982,139.52406421527638,16.824889952620513,,,zaidvideos-16,50
64.16693550407841,159.8195692424669,100.15396748873998,91.90688762803887,133.47069823195676,103.12498490804295,1.1738251454408297,1.7889274370875432,0.11812223206496296,0.3283980982511501,137.38233148834377,19.77264394467168,141.46453664215971,16.072291917566297,,,zaidvideos-16,51
65.48372330208586,159.8652718431508,101.20658677704984,95.17648801329933,135.01879588731416,104.86983741780443,1.2204169974410564,1.4929167689350042,0.11407707977172984,0.3261145312321012,140.221891422773,18.19119869704042,143.9484740923172,15.25300643515975,,,zaidvideos-16,52
67.03566424368385,159.76678876697372,102.2781079623638,98.38307385088083,136.77355011909233,106.53241319468484,1.2661330103881354,1.2049930182918183,0.10973997514624861,0.32410214289718786,143.01611785294355,16.649605411577035,146.57418502680713,14.416324227356936,,,zaidvideos-16,53
68.58760518528186,159.66830569079661,103.34962914767776,101.5896596884623,138.5283043508705,108.19498897156521,1.311849023335214,0.9170692676486341,0.10540287052076741,0.32208975456227457,145.81034428311406,15.108012126113657,149.19989596129702,13.579642019554129,,,zaidvideos-16,54
70.65400511482986,159.95889230324656,104.71451771923988,105.4003687277699,141.15297615576597,110.26658227291797,1.3535866524892728,0.6507992604203057,0.10062329289482036,0.32058238218672863,148.56396400434446,13.648905603798129,151.91459701575434,12.751945425097075,,,zaidvideos-16,55
73.56224702465974,160.88613840617708,106.55946201375356,110.19964300626572,145.20114944394433,113.00747697795283,1.388814199072935,0.4199626515071946,0.09511966854083821,0.3199013995628748,151.25113638367287,12.324777421179071,154.77491826652204,11.938952561569433,,,zaidvideos-16,56
76.4704889344896,161.81338450910758,108.40440630826721,114.99891728476149,149.2493227321226,115.74837168298765,1.4240417456565968,0.18912604259408627,0.08961604418685615,0.3192204169390209,153.93830876300126,11.00064923856003,157.63523951728968,11.125959698041802,,,zaidvideos-16,57
79.37873084431948,162.7406306120381,110.24935060278088,119.7981915632573,153.29749602030097,118.48926638802251,1.459269292240259,-0.04171056631902481,0.084112419832874,0.31853943431516707,156.62548114232965,9.676521055940974,160.49556076805735,10.31296683451416,,,zaidvideos-16,58
84.69340447228629,163.910092086748,112.9794279181797,124.42589463100646,154.39806702666579,120.48685989664567,1.487164561196006,-0.31273362743431526,0.07977886063557943,0.31492841201920246,158.9783821277602,8.676268552764002,162.6962390263149,9.697779125024494,,,zaidvideos-16,59
90.09402209018651,165.08820411045,115.74111712718152,129.0474701555146,155.39336652296583,122.45790693396837,1.5147979630936128,-0.5851919189853946,0.07548708947959519,0.31121274544923394,161.31934484912296,7.687583038138545,164.87335860626854,9.089655885321905,,,zaidvideos-16,60
95.4946397080868,166.26631613415202,118.50280633618338,133.6690456800228,156.38866601926588,124.42895397129112,1.54243136499122,-0.8576502105364773,0.0711953183236109,0.30749707887926536,163.66030757048574,6.698897523513076,167.0504781862222,8.481532645619309,,,zaidvideos-16,61
101.31626215494293,166.3044967384727,120.46776278395508,137.44482064378775,158.1944695571002,125.631801203543,1.559313867088085,-1.1755695549296137,0.06725835178956328,0.3039033275404254,165.5290903129943,5.919292298789273,168.68320730808082,7.854510373919409,,,zaidvideos-16,62
107.47995102532565,165.41648306454604,121.78537386322724,140.53338265194873,160.65880762868105,126.21048609417483,1.5674612630968474,-1.530426004756914,0.06360966401083926,0.30040863232687753,167.0142268226838,5.30956480961058,169.8736191827372,7.212132638721706,,,zaidvideos-16,63
113.64363989570843,164.52846939061936,123.10298494249942,143.62194466010976,163.12314570026192,126.78917098480665,1.5756086591056095,-1.8852824545842188,0.059960976232115194,0.2969139371133296,168.49936333237332,4.69983732043188,171.0640310573936,6.569754903523996,,,zaidvideos-16,64
119.78754663412803,163.5457721173808,124.40158740848679,146.6288762826945,165.20768845215065,127.36278862104706,1.5829606278960477,-2.238631568180927,0.057013499407863426,0.29350412348243665,169.91694052971943,4.13868988009579,172.27579164348276,5.922486766319176,,,zaidvideos-16,65
125.80781504777768,161.97130234844286,125.58138604144409,149.12561799542758,164.91851045596349,127.90473591734114,1.5853411765719598,-2.5825598303364012,0.058448591049063345,0.29062481974313736,170.9122720249193,3.881167745026015,173.62098167602662,5.2446536165699325,,,zaidvideos-16,66
131.8280834614274,160.3968325795049,126.76118467440142,151.62235970816067,164.62933245977632,128.44668321363523,1.587721725247872,-2.92648809249188,0.05988368269026328,0.287745516003838,171.90760352011915,3.623645609956237,174.9661717085705,4.56682046682068,,,zaidvideos-16,67
137.84835187507713,158.82236281056694,127.94098330735874,154.11910142089377,164.34015446358913,128.9886305099293,1.590102273923784,-3.2704163546473586,0.06131877433146322,0.2848662122645387,172.90293501531903,3.366123474886458,176.31136174111438,3.8889873170714275,,,zaidvideos-16,68
143.01898221814406,158.38701591197926,128.99328190871245,156.63747624813558,164.10621892685876,129.65935489107358,1.5878992064542692,-3.5304820160247052,0.06290241837898784,0.2808939742762951,173.59464255960276,3.235722018061493,176.97574263161565,3.4526100521699346,,,zaidvideos-16,69
147.86594091527482,158.3856205830488,129.99700906945526,159.16409226185698,163.89332813658808,130.37913720930365,1.5839499995007822,-3.758600019962768,0.06454265381939808,0.2765053803836917,174.1706838368708,3.153747486282169,177.3807676584817,3.108215981496152,,,zaidvideos-16,70
152.71289961240558,158.38422525411835,131.00073623019807,161.69070827557834,163.68043734631743,131.0989195275337,1.5800007925472952,-3.9867180239008304,0.06618288925980832,0.27211678649108834,174.74672511413885,3.071772954502844,177.7857926853477,2.7638219108223687,,,zaidvideos-16,71
157.3085447279236,158.0758692354326,131.91477370886128,163.66262011337858,163.49633655310666,131.50526048627958,1.5755167583766914,-4.205203996151147,0.0679709656321599,0.26778622054763784,175.17939616117965,2.981724683961477,178.07406832708605,2.4442673506531483,,,zaidvideos-16,72
161.34571521763567,157.08537835062393,132.62950078290316,164.40185600468746,163.37621353114005,131.2150650906162,1.5698442192791606,-4.402285453539815,0.07008757740882565,0.2635846056023046,175.29346669660436,2.873734771726678,178.10290089076295,2.1799117027162755,,,zaidvideos-16,73
165.38288570734775,156.09488746581528,133.34422785694505,165.1410918959963,163.25609050917348,130.92486969495283,1.56417168018163,-4.599366910928482,0.07220418918549142,0.25938299065697135,175.40753723202903,2.765744859491879,178.13173345443985,1.9155560547794026,,,zaidvideos-16,74
169.42005619705978,155.10439658100663,134.0589549309869,165.8803277873052,163.13596748720687,130.63467429928946,1.5584991410840996,-4.796448368317147,0.07432080096215714,0.2551813757116382,175.52160776745373,2.6577549472570814,178.16056601811675,1.651200406842533,,,zaidvideos-16,75
170.4495402261522,154.69012339799897,133.95874398633308,166.40026094692462,162.45498372069227,130.80545665814273,1.5516621423761048,-4.924435694322425,0.07548115173968199,0.25354373097910043,175.39008478738407,2.5238071386389733,178.05134151562913,1.4720510143596364,,,zaidvideos-16,76
171.13198350978854,154.34233687289142,133.7645017318297,166.89488994519527,161.70928525288366,131.0294287579018,1.5446907829438257,-5.044450620552697,0.07653116470961366,0.2522019289634237,175.23022409398817,2.3868641881304833,177.92618735166099,1.3027331128906605,,,zaidvideos-16,77
171.81442679342484,153.9945503477839,133.57025947732635,167.38951894346593,160.96358678507505,131.25340085766084,1.5377194235115468,-5.164465546782966,0.07758117767954532,0.250860126947747,175.07036340059224,2.249921237621995,177.80103318769284,1.1334152114216867,,,zaidvideos-16,78
172.17205020596663,154.5090005809112,133.61833852989525,167.69426484446953,160.06352450421542,131.52137746557676,1.5313427694489679,-5.238489202975718,0.0790310017689297,0.24983381349325892,174.99858920328197,2.1207138419728797,177.64548781177479,1.0052150668505633,,,zaidvideos-16,79
172.18165232804995,155.94727591214723,133.92604755432734,167.79556456982985,158.99807242365827,131.8365017608036,1.5256032997110678,-5.263236498413984,0.08090919491487054,0.24914552349718727,175.02119339463485,1.999794540815953,177.45738042305328,0.9210696618128545,,,zaidvideos-16,80
172.19125445013324,157.38555124338328,134.23375657875943,167.89686429519017,157.93262034310112,132.15162605603044,1.5198638299731677,-5.287983793852249,0.08278738806081141,0.24845723350111557,175.04379758598773,1.878875239659025,177.26927303433175,0.8369242567751449,,,zaidvideos-16,81
172.1674406325397,158.87465659226316,134.54505047745548,167.9899656055574,156.91988926398685,132.45565916233386,1.5144659816702928,-5.307624033235882,0.08460270472326671,0.24773052614381888,175.07431200178982,1.758564122075814,177.0748049575501,0.7550382338458712,,,zaidvideos-16,82
171.69251162930848,161.04996717933466,134.9047401787151,167.97238831351808,156.61889170435103,132.60996121817095,1.5136800227402576,-5.25831901588196,0.0855691888586668,0.2464851844099846,175.21161444765625,1.6464634827377878,176.79446759195702,0.7036538693804832,,,zaidvideos-16,83
171.21758262607725,163.22527776640618,135.2644298799747,167.9548110214788,156.31789414471524,132.76426327400804,1.5128940638102222,-5.209013998528037,0.0865356729940669,0.24523984267615032,175.34891689352267,1.5343628433997603,176.5141302263639,0.6522695049150946,,,zaidvideos-16,84
170.742653622846,165.4005883534777,135.6241195812343,167.9372337294395,156.01689658507942,132.91856532984514,1.512108104880187,-5.159708981174114,0.087502157129467,0.24399450094231603,175.48621933938907,1.4222622040617328,176.2337928607708,0.600885140449706,,,zaidvideos-16,85
170.28779226635496,166.0605159819725,135.94779517686473,167.99154419977805,155.5739560503138,133.14734388544,1.5131734806095847,-5.115307684396081,0.08832813520963914,0.24301757320044168,175.62229353420463,1.2594012343183087,175.87372519162696,0.5594185126774655,,,zaidvideos-16,86
169.84349282920084,165.922873632269,136.25251598005875,168.08369033452598,155.05630868653247,133.41532059880208,1.5152132430018421,-5.073487293184305,0.08908016273442818,0.24218191598065147,175.75772128109872,1.0698243012036204,175.47169420482484,0.5231717463226704,,,zaidvideos-16,87
169.39919339204675,165.78523128256552,136.55723678325276,168.17583646927392,154.53866132275115,133.68329731216417,1.5172530053940994,-5.03166690197253,0.0898321902592172,0.2413462587608613,175.8931490279928,0.8802473680889321,175.06966321802273,0.4869249799678753,,,zaidvideos-16,88
168.9233935770655,165.53723233887095,136.8344413955602,168.32647670847115,154.03532524864696,133.9968797618568,1.518662847058574,-4.985594013403931,0.09057079095567278,0.24067312706960442,175.99916703718466,0.7281919795603824,174.67581103488894,0.4569548678407383,,,zaidvideos-16,89
168.34859257462747,164.94239838549007,137.02516655079543,168.66095556165192,153.5769675135279,134.45379452573113,1.5180929378643027,-4.926156133142452,0.09126719304879473,0.2405107898965951,176.01275444216967,0.6940614454454054,174.30766366328422,0.44671138328623955,,,zaidvideos-16,90
167.77379157218942,164.3475644321092,137.2158917060307,168.9954344148327,153.11860977840888,134.91070928960545,1.5175230286700314,-4.866718252880974,0.09196359514191668,0.2403484527235858,176.0263418471547,0.6599309113304285,173.93951629167947,0.43646789873174086,,,zaidvideos-16,91
167.1989905697514,163.75273047872835,137.40661686126595,169.32991326801346,152.66025204328986,135.3676240534798,1.51695311947576,-4.807280372619497,0.09265999723503862,0.24018611555057648,176.0399292521397,0.625800377215452,173.57136892007475,0.4262244141772422,,,zaidvideos-16,92
167.0115136357323,163.55800341078253,137.64332591633604,169.60200636442028,152.43521340502315,135.65351641579088,1.5170068129566072,-4.776781675745275,0.09287896213225173,0.24016611140067914,176.07292940638658,0.6546544443502699,173.34857727259282,0.4146021472146139,,,zaidvideos-16,93
166.90472921596714,163.44663194396904,137.8896149505384,169.86110242816588,152.258782911934,135.90377911110963,1.5171904236614375,-4.7523119754100644,0.09299846094698384,0.24017575996393012,176.10997388339638,0.6966303034121288,173.15606806763648,0.40269263391695853,,,zaidvideos-16,94
166.797944796202,163.33526047715557,138.13590398474076,170.12019849191145,152.08235241884483,136.15404180642835,1.5173740343662676,-4.727842275074855,0.09311795976171594,0.2401854085271811,176.14701836040618,0.7386061624739872,172.96355886268015,0.39078312061930337,,,zaidvideos-16,95
166.57523477404698,162.8549290462192,138.2615776025929,170.18290898572562,151.64643228414454,136.29764983930627,1.5184094921361344,-4.711171430944383,0.09343164137547626,0.23983597252574163,176.1438063331892,0.7610798229279706,172.7551962369472,0.39396575192299416,,,zaidvideos-16,96
166.18829681517298,161.85190433277552,138.21637938061556,169.96740658880356,150.84290182382844,136.2901637670597,1.5206517332481362,-4.70554896643729,0.09402041528785986,0.23897783339099068,176.08356425831755,0.7559253686874632,172.52437459844745,0.41852892141192544,,,zaidvideos-16,97
165.801358856299,160.84887961933183,138.1711811586382,169.7519041918815,150.03937136351237,136.28267769481312,1.5228939743601377,-4.699926501930196,0.09460918920024346,0.23811969425623974,176.02332218344594,0.7507709144469559,172.29355295994768,0.44309209090085644,,,zaidvideos-16,98
165.414420897425,159.84585490588813,138.12598293666085,169.53640179495943,149.23584090319628,136.27519162256655,1.5251362154721395,-4.694304037423103,0.09519796311262706,0.2372615551214888,175.96308010857433,0.7456164602064486,172.06273132144793,0.4676552603897877,,,zaidvideos-16,99
104.55526593643155,150.57381109500793,14.761292436576573,103.4245199906834,165.48593603336911,10.979743057130344,-0.002757330928022661,20.668059207453965,0.27242487270040605,0.32534157641859024,89.75104713647636,52.13370570002152,90.47686342572074,60.31941897482665,,,zaidvideos-17,0
104.31543797247316,150.0776162808154,15.034005731028019,103.37415407258831,165.65860744313716,11.062110012758477,-0.00840631461911141,20.653891374153176,0.27274887357693156,0.3256725350913167,89.5705295406892,52.14256912898764,89.82917984349112,60.68103378057927,,,zaidvideos-17,1
104.07561000851477,149.58142146662283,15.306719025479467,103.32378815449324,165.8312788529052,11.144476968386611,-0.014055298310200158,20.639723540852383,0.273072874453457,0.32600349376404314,89.39001194490204,52.151432557953754,89.1814962612615,61.04264858633189,,,zaidvideos-17,2
103.83578204455638,149.0852266524303,15.579432319930913,103.27342223639816,166.00395026267327,11.226843924014744,-0.019704282001288903,20.625555707551595,0.2733968753299825,0.3263344524367696,89.20949434911488,52.16029598691986,88.53381267903188,61.40426339208451,,,zaidvideos-17,3
103.57600962337781,148.77545093970338,15.866071242145185,103.21304812233701,166.0769590468813,11.431419060655323,-0.02474660537718963,20.603682470568017,0.27336094226915975,0.32724772770937616,88.88153917070417,52.24515256149556,87.92370025343749,61.33021139721679,,,zaidvideos-17,4
103.31417398248684,148.48495996161083,16.15415074654182,103.1516386776587,166.13965790430726,11.648636422917876,-0.029726170789450217,20.581012122858635,0.2732877746630941,0.32822124263024616,88.5383318285738,52.337870495961894,87.31747449921916,61.21109042297456,,,zaidvideos-17,5
103.05233834159584,148.1944689835183,16.442230250938454,103.09022923298038,166.20235676173323,11.86585378518043,-0.0347057362017108,20.558341775149252,0.2732146070570285,0.32919475755111616,88.19512448644342,52.43058843042822,86.71124874500082,61.091969448732314,,,zaidvideos-17,6
102.43422118604973,147.71130549590666,16.96671584039689,102.92731063472009,166.65552256238297,12.24035943410328,-0.045020019036964176,20.483502742076876,0.27328597929955106,0.33035278500684306,87.7026592443226,52.52492108047346,85.61061544140178,61.32840498597427,,,zaidvideos-17,7
101.73388521942934,147.18367912148292,17.545756680254204,102.74096684717166,167.19879611916127,12.651162379947735,-0.056565390508292804,20.39662478161304,0.2733907068917478,0.3315533922783062,87.17574987143475,52.61962635719075,84.39588808794566,61.646892025866414,,,zaidvideos-17,8
101.03354925280895,146.6560527470592,18.124797520111517,102.55462305962324,167.74206967593955,13.06196532579219,-0.06811076197962142,20.309746821149204,0.2734954344839446,0.33275399954976936,86.64884049854689,52.71433163390804,83.18116073448954,61.96537906575856,,,zaidvideos-17,9
100.19218529438325,146.67591304279128,18.863286821174867,102.58419257385563,167.44527815600966,13.831404183871834,-0.08220279325015918,20.23523046992108,0.2727944101192263,0.335256659382671,86.02033329819814,52.84505017600948,82.03455389995996,62.41579073579724,,,zaidvideos-17,10
99.29563646959895,146.9100072529322,19.66416899836232,102.69824990182835,166.819765519107,14.741178833695681,-0.09729134357256136,20.16555127013302,0.27177809151049775,0.3382688180439616,85.35207042623425,52.98986086543517,80.9146029206625,62.917825087197606,,,zaidvideos-17,11
98.39908764481464,147.1441014630731,20.465051175549775,102.81230722980106,166.19425288220435,15.65095348351953,-0.11237989389496356,20.09587207034496,0.2707617729017692,0.3412809767052522,84.68380755427036,53.13467155486085,79.79465194136503,63.419859438597975,,,zaidvideos-17,12
97.55283407780213,147.7962429470992,21.57282303317268,102.90191468150633,165.4894742021332,16.81417571244588,-0.12896626052626872,20.012991555523428,0.26891762367965777,0.3441988441358521,83.90744733246936,53.36679639794007,78.78369461886483,63.839265579593516,,,zaidvideos-17,13
96.73675766545269,148.6992127954564,22.864728699056855,102.97685220745115,164.73713589616102,18.129466488833735,-0.14645131694291566,19.922190251681815,0.26657677608951647,0.34706013682803766,83.06622870076612,53.65130973321142,77.83813349044298,64.20909479434616,,,zaidvideos-17,14
95.92068125310324,149.60218264381356,24.156634364941027,103.05178973339595,163.9847975901888,19.444757265221583,-0.16393637335956257,19.831388947840207,0.2642359284993752,0.34992142952022315,82.22501006906286,53.93582306848276,76.89257236202114,64.57892400909878,,,zaidvideos-17,15
94.94392418892257,150.98341500379738,25.52845748247306,103.10316791695597,163.2365566823701,20.86875456423066,-0.1788727837948064,19.705319658492694,0.26111965628883976,0.3527756908006016,81.43759083764138,54.20035905837023,76.15837944060222,64.78709677774329,,,zaidvideos-17,16
93.82539007900844,152.78664369756933,26.970795998517893,103.13375844547056,162.49193112586332,22.388669383199638,-0.19156038895234156,19.548131558404688,0.2573191858838388,0.35562374789409157,80.69764166529207,54.447267978801335,75.61068787830354,64.85263150570414,,,zaidvideos-17,17
92.70685596909432,154.58987239134132,28.413134514562728,103.16434897398517,161.74730556935654,23.908584202168612,-0.20424799410987668,19.39094345831668,0.2535187154788378,0.3584718049875816,79.95769249294274,54.69417689923244,75.06299631600486,64.91816623366499,,,zaidvideos-17,18
91.37642806594668,156.48383343369568,29.969291360208494,102.95460586851244,160.8696860917913,25.56889049197308,-0.21573471649862186,19.23427115423623,0.24914615699367818,0.3611954949071942,79.31006194114269,54.929360189937576,74.6208199515874,65.0302555371657,,,zaidvideos-17,19
89.77356528578453,158.49445035279885,31.671786058198308,102.4358623764846,159.82107443000808,27.409700101423173,-0.22567744675606566,19.078262016451212,0.2440380566911717,0.36375928417467895,78.78112675862026,55.14946767099504,74.31430598444584,65.20220072350337,,,zaidvideos-17,20
88.17070250562237,160.505067271902,33.374280756188114,101.91711888445674,158.77246276822484,29.250509710873263,-0.2356201770135094,18.922252878666193,0.23892995638866527,0.3663230734421637,78.25219157609784,55.369575152052505,74.00779201730425,65.37414590984103,,,zaidvideos-17,21
86.51598967681659,162.5548003845888,35.1878447969683,101.19546315900838,157.92410236680539,31.236748681913802,-0.24352476335993276,18.77960928253038,0.23365756582606917,0.3688620995461218,77.67631665178017,55.60332858103547,73.83883470504747,65.40214744959735,,,zaidvideos-17,22
84.76229039150935,164.67920986684436,37.21345031034829,100.0864295333936,157.4580398260805,33.500625525081546,-0.24753834769440802,18.662481720452142,0.2280715302214837,0.37135385051971104,77.01082949312607,55.86313336514895,73.93248555211618,65.15534748224384,,,zaidvideos-17,23
83.00859110620212,166.8036193490999,39.239055823728286,98.97739590777881,156.99197728535557,35.76450236824929,-0.25155193202888326,18.5453541583739,0.22248549461689823,0.3738456014933002,76.34534233447198,56.122938149262424,74.02613639918488,64.90854751489032,,,zaidvideos-17,24
81.36674247716525,168.64975224155907,41.40267930765792,97.66565052020492,157.00699809454085,38.03055411442115,-0.25502673363926814,18.424049559760356,0.21664045338802215,0.37685048422388584,75.75065191495095,56.36498441341256,74.17231134254146,64.57961937638807,,,zaidvideos-17,25
80.06044581693942,169.66105536462902,43.98035670323649,95.74576984675369,158.4652689534567,40.30313056960536,-0.25688518707738167,18.290213851540898,0.21001839528627425,0.38139476222546076,75.36835171282912,56.553755117672665,74.47605857476162,64.00430672443967,,,zaidvideos-17,26
78.75414915671361,170.67235848769897,46.55803409881506,93.82588917330247,159.92353981237255,42.575707024789565,-0.2587436405154952,18.156378143321437,0.20339633718452638,0.38593904022703573,74.98605151070731,56.74252582193277,74.77980580698178,63.428994072491285,,,zaidvideos-17,27
77.49762106725495,171.40896010329521,49.13371153203509,91.95267758801147,161.06273801502334,44.81846475519733,-0.2590550418229027,18.01099907046734,0.19679538602980962,0.3906083321928524,74.68911737651887,56.884843474868,75.16413236197398,62.8329743662891,,,zaidvideos-17,28
76.50984325993902,170.66217357853347,51.698589168519,90.33147907878575,160.47894387384272,46.900201371812294,-0.2510123616244981,17.803285828586187,0.19030841238906085,0.3959526995655747,74.85316000917061,56.77631465064893,75.98358725993519,62.1251365671165,,,zaidvideos-17,29
75.52206545262307,169.91538705377172,54.26346680500293,88.71028056956001,159.8951497326621,48.98193798842726,-0.24296968142609346,17.59557258670504,0.18382143874831205,0.40129706693829703,75.01720264182237,56.667785826429856,76.8030421578964,61.41729876794389,,,zaidvideos-17,30
74.5420766598716,169.15046867779242,56.83656486479796,87.11820769381482,159.2381621672121,51.074981187862846,-0.2344549029745286,17.384551386324855,0.177333972371373,0.40648214206174926,75.20147449404904,56.547409325942425,77.62468950936685,60.71802371288084,,,zaidvideos-17,31
73.67892308558739,168.11357253354987,59.53296927425955,85.96301932027775,157.48327323772133,53.337623129607685,-0.21885865072556027,17.123910808459176,0.17083911495158027,0.4092778334461501,75.68918463989958,56.249317681429524,78.47922366347568,60.1471898194612,,,zaidvideos-17,32
72.81576951130317,167.07667638930732,62.22937368372114,84.80783094674068,155.72838430823057,55.600265071352524,-0.20326239847659194,16.863270230593493,0.16434425753178752,0.412073524830551,76.17689478575012,55.95122603691663,79.33375781758453,59.57635592604156,,,zaidvideos-17,33
71.95261593701896,166.03978024506478,64.92577809318274,83.65264257320361,153.9734953787398,57.86290701309736,-0.18766614622762365,16.602629652727813,0.1578494001119948,0.4148692162149518,76.66460493160066,55.653134392403736,80.18829197169336,59.00552203262192,,,zaidvideos-17,34
71.23423541064346,164.9534405247977,67.35936600741861,82.70803015579139,153.3017839136937,59.96416616297575,-0.16823926482451865,16.22436248443445,0.150378995626036,0.4184438853094332,77.39961509266638,54.9970706862509,81.50306834035904,58.28012093407568,,,zaidvideos-17,35
70.52052498258762,163.86550585046535,69.78447597019559,81.77021051115739,152.66501365717806,62.060219416342306,-0.1486888147390223,15.842300909998261,0.14287712187987833,0.42204368271714293,78.14260267357773,54.32945949423871,82.83269123207492,57.54973379665441,,,zaidvideos-17,36
69.80681455453175,162.777571176133,72.20958593297257,80.8323908665234,152.0282434006624,64.15627266970887,-0.12913836465352582,15.460239335562068,0.13537524813372062,0.4256434801248527,78.8855902544891,53.66184830222653,84.16231412379082,56.81934665923312,,,zaidvideos-17,37
69.5889794837294,161.22666733372662,74.66580675760945,80.71367565611725,150.00889931031824,66.26165257658823,-0.1048550304603068,15.000749564567368,0.12869215495452743,0.4265400944505555,80.12406808995637,52.743207144944805,85.75900491198128,55.90500665541971,,,zaidvideos-17,38
69.44198374967756,159.60962503873824,77.12647199108345,80.7119753648865,147.79204467228428,68.36836486254084,-0.07989556996598457,14.530198622635735,0.12212603042775777,0.4270505397645431,81.43333024750306,51.78870456405315,87.39384825681095,54.96438767069314,,,zaidvideos-17,39
69.29498801562572,157.99258274374986,79.58713722455744,80.71027507365575,145.5751900342503,70.47507714849345,-0.05493610947166233,14.059647680704105,0.11555990590098811,0.4275609850785307,82.74259240504976,50.83420198316149,89.02869160164062,54.02376868596657,,,zaidvideos-17,40
69.00563098711001,156.6319141218625,81.55776662966795,80.99041307986548,142.571101844706,72.4553083200827,-0.02473155289321159,13.534802565679465,0.11041027346606853,0.42509745453397985,84.40756642649528,49.61558986509575,91.18994542387638,52.70092554514116,,,zaidvideos-17,41
68.67641279614445,155.34303012844344,83.39118600283669,81.34946580935853,139.3465882607388,74.40012477965017,0.00694163058879492,12.994755082188787,0.10565725881686701,0.42180121074903826,86.17213976983246,48.32302707662127,93.49859417978584,51.27105964060809,,,zaidvideos-17,42
68.34719460517887,154.05414613502438,85.22460537600543,81.70851853885159,136.12207467677158,76.34494123921766,0.0386148140708016,12.454707598698107,0.10090424416766544,0.41850496696409667,87.93671311316963,47.03046428814679,95.8072429356953,49.841193736075,,,zaidvideos-17,43
67.84803061003113,154.0149237971456,86.94113039742301,81.95481299095584,134.0370699898734,78.15278565241567,0.07159190798017007,11.864355158364233,0.09752456170706367,0.41444770749073695,90.00750063648151,45.54193107011133,98.2318283062035,48.12921483641596,,,zaidvideos-17,44
67.27161852207334,154.54372948451234,88.60452162259008,82.14985368061066,132.47002389255206,79.89837004453666,0.10516168844743022,11.25113682855618,0.09476912115037085,0.41004453179536904,92.21747642341825,43.964320384093625,100.70911213789294,46.28900275715421,,,zaidvideos-17,45
66.69520643411553,155.0725351718791,90.26791284775715,82.34489437026546,130.90297779523073,81.64395443665764,0.13873146891469038,10.637918498748128,0.09201368059367805,0.40564135610000107,94.42745221035499,42.386709698075904,103.18639596958238,44.44879067789246,,,zaidvideos-17,46
66.05123516085581,155.4996054514789,91.84777895006371,82.27226033190556,129.55663017654769,83.17093311283729,0.1721853463352427,10.013512505138719,0.09125101861945184,0.40229879465888796,96.95867476805344,40.70453886812346,105.82765715466661,42.45440337142241,,,zaidvideos-17,47
65.36103918186318,155.85706729418555,93.3704962840973,82.01648042700927,128.36128678009086,84.54833945705707,0.20555992167120532,9.381451794191541,0.09185183672796587,0.39968191665489655,99.70969774785203,38.95082688705777,108.58111337102092,40.35452775159931,,,zaidvideos-17,48
64.67084320287054,156.21452913689217,94.8932136181309,81.76070052211297,127.16594338363402,85.92574580127685,0.2389344970071681,8.74939108324436,0.09245265483647992,0.3970650386509051,102.46072072765062,37.19711490599208,111.33456958737526,38.25465213177621,,,zaidvideos-17,49
63.95656205367903,156.5131292051612,96.45652641656903,82.37983841881434,126.52338801396944,87.35248659307312,0.27796464817333827,8.148276646711617,0.09460547057831699,0.39188229124293866,105.40982146544052,35.474543878267404,113.99401908360137,36.2456564826037,,,zaidvideos-17,50
63.218195734288614,156.75286749899263,98.06043467941173,83.87389411711337,126.4336206710971,88.82856183244587,0.32265037516971595,7.578108484593308,0.09831028395347707,0.3841336744309972,108.5569999612217,33.783113803883744,116.5594618596993,34.32754080408177,,,zaidvideos-17,51
62.47982941489821,156.99260579282404,99.6643429422544,85.36794981541237,126.34385332822475,90.3046370718186,0.36733610216609325,7.0079403224750045,0.10201509732863713,0.37638505761905583,111.70417845700285,32.091683729500105,119.12490463579718,32.40942512555986,,,zaidvideos-17,52
62.01574872560022,157.73254506612446,101.18860419052103,86.97568705816704,126.70701439582069,91.62492242402038,0.4120802367312951,6.445344829547261,0.10573514546674033,0.3701204369041695,114.9722385116876,30.370935841110562,121.81944038686837,30.46158844547473,,,zaidvideos-17,53
61.952547034129594,159.20354730941804,102.5964582636381,88.74957425051076,127.73214775563952,92.71751486420311,0.4569097362047797,5.89381708389802,0.10947745979683741,0.36602473356190196,118.41697161400073,28.607338839943143,124.7026504859775,28.470313378489468,,,zaidvideos-17,54
61.88934534265898,160.67454955271162,104.00431233675513,90.52346144285447,128.7572811154583,93.81010730438582,0.5017392356782638,5.3422893382487855,0.11321977412693444,0.3619290302196345,121.86170471631381,26.843741838775742,127.58586058508659,26.47903831150423,,,zaidvideos-17,55
61.81155678402855,162.14202653265886,105.31485898668734,92.31644861674107,129.8702362215895,95.07003745854013,0.5466188421575671,4.794334174520562,0.1157266316022108,0.3582096240333905,125.38267618502266,25.035386848388477,130.4778063501627,24.61121881520314,,,zaidvideos-17,56
61.70167711764655,163.60174793324413,106.41132930561288,94.151455750022,131.17639916960786,96.6981105834319,0.5916086840496708,4.254238691018579,0.11551548399688169,0.3553180715903983,129.07137205980206,23.12856428171757,133.38897058036613,23.015001574407243,,,zaidvideos-17,57
61.59179745126455,165.06146933382936,107.50779962453842,95.98646288330292,132.48256211762623,98.32618370832367,0.6365985259417746,3.7141432075165963,0.11530433639155259,0.35242651914740614,132.76006793458146,21.221741715046665,136.30013481056955,21.41878433361134,,,zaidvideos-17,58
61.73574153217276,166.1871992401521,108.55271788894133,97.98673408243032,133.98220453173798,99.9915095376191,0.6798640640339679,3.199161844967091,0.11414316872492541,0.3496418335995779,136.36725492782037,19.359268308740656,139.15534896501222,19.913579827347995,,,zaidvideos-17,59
62.78619899626027,166.12010238125146,109.41352167290631,100.57723408815208,136.1728450390402,101.78988073978462,0.7169713742693359,2.7738737715336015,0.1095890722679482,0.3472388155344784,139.6833387727002,17.655184760880793,141.81074142030928,18.733420801558115,,,zaidvideos-17,60
63.83665646034778,166.05300552235082,110.2743254568713,103.16773409387388,138.36348554634245,103.58825194195016,0.7540786845047044,2.3485856981001065,0.10503497581097095,0.34483579746937887,142.99942261758008,15.95110121302091,144.46613387560637,17.553261775768224,,,zaidvideos-17,61
65.02054372376926,165.98157667485376,111.13886334707342,105.84047810663816,140.71907071223578,105.46247378615925,0.7901580308855348,1.9390873035440155,0.1001983484588545,0.3424346077664477,146.2251649383491,14.28608299134528,147.0895267580185,16.39561862716781,,,zaidvideos-17,62
67.13843958252856,165.87982390718173,112.02953998093571,109.08893016870006,144.22926848826694,107.8676501246732,0.8190416302846032,1.6401166611297096,0.09338400484076341,0.34004621659869516,148.8185165903425,12.894522052959253,149.48892263023617,15.39558661889363,,,zaidvideos-17,63
69.25633544128785,165.77807113950968,112.92021661479798,112.33738223076195,147.73946626429804,110.27282646318713,0.8479252296836711,1.341146018715407,0.08656966122267241,0.33765782543094264,151.4118682423359,11.502961114573242,151.8883185024538,14.395554610619461,,,zaidvideos-17,64
71.50236493788232,165.6935256436496,113.84209794850754,115.60368610169283,151.1872453965404,112.67626139166659,0.8763669283199202,1.0399590302697823,0.07979755255351954,0.3353010186440051,153.98951857213075,10.118037929141385,154.2830842278882,13.39573322443103,,,zaidvideos-17,65
77.720537207368,166.14240557395993,115.7313249774833,119.42339604756307,152.70004657133097,115.02571260907726,0.8911097033087856,0.6700653148531737,0.07433472730144869,0.33392332766233107,156.08042791377144,8.93888508528825,156.53431540304132,12.402441122900436,,,zaidvideos-17,66
83.93870947685359,166.59128550427027,117.62055200645902,123.24310599343328,154.2128477461215,117.37516382648789,0.9058524782976507,0.3001715994365691,0.06887190204937789,0.33254563668065706,158.1713372554121,7.759732241435129,158.78554657819444,11.409149021369851,,,zaidvideos-17,67
90.15688174633927,167.0401654345806,119.50977903543476,127.06281593930352,155.72564892091208,119.72461504389857,0.920595253286516,-0.06972211598003941,0.06340907679730705,0.33116794569898306,160.2622465970528,6.580579397581994,161.03677775334756,10.415856919839255,,,zaidvideos-17,68
96.72276735358639,167.11752312941755,120.82459799114379,131.32700113407415,157.16923851085997,122.04519511873326,0.9338849043103824,-0.560402925318095,0.06023005662078692,0.3270188933830447,162.04269415551008,5.666228208984635,162.80023171500054,9.67866209885135,,,zaidvideos-17,69
103.31183385001769,167.17011267522298,122.10112307530171,135.62081801210485,158.6082139951517,124.3638504507296,0.947077680403249,-1.0591362075842516,0.05720329011597011,0.3226850836448219,163.80244426175514,4.769530464070981,164.5311671957535,8.958540429899612,,,zaidvideos-17,70
109.90090034644892,167.22270222102838,123.37764815945962,139.9146348901355,160.0471894794434,126.68250578272591,0.9602704564961155,-1.5578694898504029,0.05417652361115334,0.31835127390659923,165.5621943680002,3.8728327191573366,166.26210267650646,8.238418760947884,,,zaidvideos-17,71
116.56477278430458,167.37776583912606,124.39487596447061,144.09544414268535,161.76536924313464,128.06054841562207,0.9712419502040064,-1.9653375623343763,0.05412528448379255,0.31284636280395933,166.6693952249228,3.3999020950284153,167.41146690187145,7.587015670622824,,,zaidvideos-17,72
123.24249817427597,167.55180613727785,125.36408575482477,148.25532605718328,163.53525350301098,129.26440351164783,0.9818020953220871,-2.3559046700438775,0.05462506894484952,0.30712458107827917,167.65575362826715,3.0054468636373977,168.45313274660904,6.948338243006401,,,zaidvideos-17,73
129.92022356424727,167.72584643542962,126.33329554517893,152.41520797168113,165.3051377628873,130.4682586076736,0.9923622404401676,-2.7464717777533743,0.055124853405906483,0.30140279935259906,168.64211203161153,2.6109916322463844,169.49479859134664,6.309660815389986,,,zaidvideos-17,74
135.6740062090813,168.47844290197125,127.12768063158447,155.84815331345965,166.86369951778775,131.5188880424259,0.9974294139767362,-3.0820606016305123,0.058564934995909,0.2955246706015333,169.4674938890114,2.351619209586661,170.17639775659455,5.780756898798356,,,zaidvideos-17,75
141.11980793886957,169.4238914246428,127.8637908166738,159.03878646433165,168.35182043769618,132.51844225675376,1.000665596986134,-3.39932333089686,0.06298511562889329,0.28959442617533915,170.2392168977631,2.137274389837369,170.73797469534588,5.28844415254833,,,zaidvideos-17,76
146.5656096686578,170.36933994731433,128.59990100176313,162.22941961520365,169.8399413576046,133.51799647108157,1.0039017799955319,-3.716586060163208,0.06740529626187758,0.28366418174914493,171.01093990651478,1.9229295700880775,171.29955163409724,4.7961314062983025,,,zaidvideos-17,77
151.72929912415154,170.5762382900834,129.26492498134323,164.5952689701457,170.92232600656075,133.84899457427025,1.0050091111046442,-4.025435961398967,0.07190566335429664,0.2785727734028179,171.64517738698777,1.7572312436443793,171.79529568162982,4.31187197853833,,,zaidvideos-17,78
156.74521548358618,170.39627701480833,129.8927133294661,166.52908871769577,171.79218213263718,133.82979661924313,1.005001329313607,-4.3298791431901265,0.07644803287784813,0.2739207553840404,172.20739863836238,1.6170144136940898,172.25655583376212,3.8318309557017285,,,zaidvideos-17,79
161.76113184302088,170.21631573953326,130.52050167758898,168.4629084652459,172.66203825871358,133.81059866421603,1.00499354752257,-4.63432232498129,0.08099040240139967,0.2692687373652629,172.769619889737,1.476797583743799,172.71781598589442,3.3517899328651204,,,zaidvideos-17,80
164.60936837190127,170.17988761272593,130.4256570911756,169.05637533775237,173.5426247185681,133.3984699018227,1.0042249352249852,-4.868251865891458,0.08443901249419482,0.2659066221656765,173.2469339670226,1.3522878835309484,173.07391378482504,2.9514180048210803,,,zaidvideos-17,81
165.77163169923955,170.25509637917133,129.76876466678956,168.60734552966937,174.43155699358337,132.68072828925563,1.0028645658667528,-5.047337463894191,0.08703692080751287,0.2635477647143498,173.6582091311279,1.2399948397805487,173.34821864237657,2.613010928282361,,,zaidvideos-17,82
166.9338950265778,170.33030514561673,129.11187224240354,168.1583157215864,175.3204892685986,131.9629866766886,1.00150419650852,-5.226423061896922,0.08963482912083087,0.26118890726302313,174.0694842952332,1.1277017960301503,173.6225234999281,2.2746038517436453,,,zaidvideos-17,83
167.70230835334212,170.12983263494814,128.64434835264382,167.14035766222256,175.81227346355567,131.07273806753315,0.9982648698233992,-5.325498943650635,0.0910683897319147,0.2596950206479057,174.30048273781532,1.0366868576674615,173.74547446865344,1.9724931254086566,,,zaidvideos-17,84
168.0243583461226,169.61692134355036,128.39144213546058,165.47761425140703,175.8539565011135,129.9869815289109,0.9928960581678047,-5.333897146988793,0.09118235628046646,0.2591814343138254,174.3271675626712,0.9697871054108423,173.6968910300424,1.7115182626378889,,,zaidvideos-17,85
168.3464083389031,169.1040100521526,128.13853591827734,163.81487084059157,175.89563953867128,128.90122499028865,0.9875272465122102,-5.3422953503269515,0.09129632282901821,0.2586678479797451,174.35385238752707,0.902887353154224,173.64830759143138,1.450543399867124,,,zaidvideos-17,86
168.5813695557274,168.62203689385467,128.02770174249562,162.39236601616773,175.68861571762676,128.0065324040472,0.9835517748790352,-5.33790824665857,0.09126655123213612,0.2583980605255179,174.3230361865698,0.8393199721301969,173.49725460321272,1.2637531695747461,,,zaidvideos-17,87
168.67118281262478,168.19162729072318,128.15365430238313,161.37025883572997,175.0670804655784,127.43027973844038,0.9818985366165595,-5.312212297979288,0.09099721605953096,0.2585346045377125,174.19638494259067,0.7813065431604905,173.17541903231466,1.2006039934130144,,,zaidvideos-17,88
168.76099606952212,167.76121768759165,128.2796068622706,160.3481516552922,174.44554521353004,126.85402707283356,0.9802452983540836,-5.2865163493000065,0.09072788088692578,0.258671148549907,174.06973369861151,0.7232931141907836,172.85358346141663,1.1374548172512817,,,zaidvideos-17,89
168.84085197430056,167.47447810254144,128.4502793705551,159.34867911069526,173.74620171995787,126.29636112716328,0.9813241114738076,-5.257262493959314,0.0900617146890172,0.2586362118732166,173.94758752071516,0.7351883859239712,172.5588676904914,1.0607898703291931,,,zaidvideos-17,90
168.8952613125529,167.5548952303656,128.7352361914096,158.40705063546915,172.8480149424916,125.78619457688633,0.9893848336813752,-5.218916210483904,0.08838142475977771,0.2581630467693757,173.8369542894749,0.925739226120102,172.33345807505233,0.9495846203528611,,,zaidvideos-17,91
168.9496706508052,167.63531235818974,129.02019301226412,157.465422160243,171.94982816502528,125.27602802660937,0.9974455558889428,-5.180569927008494,0.08670113483053819,0.2576898816655347,173.72632105823465,1.116290066316235,172.1080484596133,0.8383793703765278,,,zaidvideos-17,92
168.96942408693045,167.85582279882124,129.25249516245012,156.6259332443337,171.11396323788054,124.80297529803174,1.0050362486862252,-5.150437992355978,0.08524511232612553,0.2571532027760289,173.61602939183166,1.2808379923801465,171.89268123776574,0.7351054088401445,,,zaidvideos-17,93
168.8390019471718,168.68340426161788,129.25662707307254,156.22904908546383,170.54815966212905,124.49074913015112,1.010590147372272,-5.155901569269336,0.08476091532929575,0.2563412974819754,173.50721783972347,1.3327066238711147,171.7208310548148,0.6662003638768703,,,zaidvideos-17,94
168.70857980741312,169.5109857244145,129.26075898369498,155.83216492659395,169.9823560863776,124.17852296227049,1.0161440460583189,-5.161365146182694,0.08427671833246599,0.255529392187922,173.3984062876153,1.384575255362082,171.54898087186388,0.5972953189135969,,,zaidvideos-17,95
168.60975180709195,170.25721996668403,129.27946573023135,155.4768678912463,169.39673913393122,123.89889150147575,1.0219002763463017,-5.164344474406039,0.083773378075431,0.2547500397098469,173.28683123872065,1.4406711954417735,171.37021547498134,0.5333179037926158,,,zaidvideos-17,96
168.81633382133325,170.21709774385843,129.43906255726912,155.52357971661334,168.61959287343447,123.93434220917761,1.0296123787863316,-5.143309398625921,0.08308498630307909,0.2542853644528959,173.14854238755674,1.5376311185457936,171.12460301009332,0.5169742438137926,,,zaidvideos-17,97
169.02291583557457,170.1769755210328,129.59865938430693,155.57029154198042,167.84244661293772,123.9697929168795,1.0373244812263618,-5.122274322845803,0.08239659453072716,0.2538206891959449,173.01025353639284,1.6345910416498128,170.87899054520534,0.5006305838349697,,,zaidvideos-17,98
169.22949784981586,170.1368532982072,129.75825621134473,155.61700336734748,167.06530035244097,124.00524362458138,1.0450365836663917,-5.101239247065687,0.08170820275837525,0.25335601393899393,172.87196468522893,1.731550964753832,170.63337808031733,0.4842869238561467,,,zaidvideos-17,99
99.73417063899392,159.2277990163354,26.98330513381153,109.59315496166835,164.7801504625719,25.638214759873506,0.049909585913724484,25.751929528662032,0.2632160057224597,0.3863905991789964,80.07069089295608,56.43774931242715,80.47397220531752,62.537280632082364,,,zaidvideos-18,0
98.73610712423826,159.27162670284508,27.31336728666614,108.86914379516898,163.70962004627364,25.808292104973326,0.05771214533522552,25.547880063379793,0.26065674759250806,0.3856876010071546,79.37674224651256,56.70579034986455,79.89357320125049,62.902796123784626,,,zaidvideos-18,1
97.73804360948259,159.31545438935478,27.64342943952075,108.1451326286696,162.6390896299754,25.97836945007315,0.06551470475672655,25.34383059809755,0.25809748946255645,0.38498460283531283,78.68279360006903,56.97383138730194,79.31317419718346,63.26831161548689,,,zaidvideos-18,2
96.73998009472693,159.35928207586446,27.97349159237536,107.42112146217023,161.56855921367713,26.14844679517297,0.07331726417822758,25.139781132815312,0.25553823133260484,0.3842816046634711,77.98884495362552,57.24187242473934,78.73277519311642,63.63382710718914,,,zaidvideos-18,3
95.74748811844746,159.81926873824446,28.35810513985511,106.711051862127,161.10231458999144,26.450230916393807,0.07941584765443856,24.905380151086206,0.2533823160942738,0.3836886249253529,77.3439514193526,57.47884574881602,78.10600536736085,63.95788340290824,,,zaidvideos-18,4
94.75892899285707,160.5730146777094,28.781225554129076,106.0108233678175,161.06262464344408,26.84498452664124,0.08431162458103302,24.649554569512247,0.25151111348532196,0.38317330525809834,76.73368502308247,57.69388892228513,77.44650319688394,64.25267438381567,,,zaidvideos-18,5
93.77036986726667,161.32676061717436,29.20434596840304,105.310594873508,161.0229346968967,27.239738136888672,0.08920740150762747,24.393728987938292,0.24963991087637014,0.3826579855908438,76.12341862681234,57.90893209575425,76.78700102640703,64.54746536472312,,,zaidvideos-18,6
92.64089478310203,162.11153327835135,29.733439384123912,104.50994995040988,160.80404983441343,27.754192526035318,0.09476203686349477,24.113519999151425,0.24735300481939113,0.38236472214667266,75.44045340390556,58.142405115944335,76.00735171326079,64.87583138742077,,,zaidvideos-18,7
90.83502309778103,163.04523420374616,30.77120320678993,103.22730616912646,159.72502937543786,28.84321065389817,0.10347919267987163,23.716270655742576,0.24307072221188156,0.383137328573302,74.40853381314294,58.464341400395064,74.65099611530178,65.3653576107115,,,zaidvideos-18,8
89.02915141246005,163.978935129141,31.80896702945595,101.94466238784307,158.64600891646228,29.932228781761015,0.1121963484962485,23.319021312333728,0.23878843960437196,0.3839099349999314,73.37661422238031,58.78627768484579,73.29464051734276,65.85488383400221,,,zaidvideos-18,9
87.22327972713906,164.91263605453582,32.846730852121965,100.66201860655966,157.5669884574867,31.021246909623866,0.12091350431262536,22.92177196892488,0.2345061569968624,0.3846825414265608,72.34469463161768,59.10821396929652,71.93828491938375,66.34441005729292,,,zaidvideos-18,10
85.25611710733219,166.05695195333317,34.38398193880752,99.20982217737671,157.28279096165545,32.26202608839994,0.1303790402399051,22.467227911418416,0.229788108027934,0.385491523197771,71.70765813081368,59.345237139593586,71.04617301988759,66.64034976173157,,,zaidvideos-18,11
83.23763464473434,167.26828170730403,36.08016079131747,97.70367717840755,157.2514916813701,33.55109287428476,0.140082697111563,21.994453717608167,0.22493140612582693,0.38631207894225694,71.19626624954198,59.55524250084176,70.3017750244478,66.8746937556264,,,zaidvideos-18,12
81.21915218213651,168.47961146127489,37.77633964382741,96.19753217943838,157.2201924010848,34.84015966016958,0.14978635398322088,21.521679523797918,0.22007470422371983,0.3871326346867429,70.68487436827027,59.76524786208993,69.55737702900801,67.10903774952122,,,zaidvideos-18,13
79.39036159483018,169.67178113111962,39.51844540596609,94.6088681584196,157.67413227838426,36.32202351225268,0.16138092184311076,21.035073298360526,0.21523150972362495,0.3879026476717036,70.38537076914041,59.90097482692188,69.16022682540597,67.15632251485835,,,zaidvideos-18,14
77.9219855705777,170.82754664112466,41.347812296399326,92.86341799550654,159.0500265550949,38.17020179011247,0.17656822058064128,20.52218621283156,0.2104139792873533,0.38857662941356647,70.48845490608004,59.89557283856301,69.42284742629566,66.84819474593587,,,zaidvideos-18,15
76.45360954632521,171.98331215112972,43.177179186832575,91.11796783259346,160.4259208318055,40.018380067972274,0.19175551931817184,20.009299127302597,0.20559644885108164,0.3892506111554293,70.59153904301967,59.89017085020414,69.68546802718534,66.5400669770134,,,zaidvideos-18,16
74.98523352207273,173.13907766113476,45.00654607726582,89.37251766968039,161.80181510851614,41.866558345832075,0.20694281805570242,19.49641204177363,0.20077891841480996,0.38992459289729214,70.69462317995931,59.88476886184527,69.94808862807503,66.23193920809092,,,zaidvideos-18,17
74.25996399311167,173.4356055034692,47.24205182823072,88.31900543060148,161.83454190799577,43.84862219418256,0.22164973916522446,19.046629200538334,0.19581242051022607,0.3925192548062916,71.1149697416479,59.702775783719666,70.31526958159553,65.83181850039621,,,zaidvideos-18,18
73.58973938972775,173.66848611116131,49.507641939235015,87.31674785254732,161.76777482027313,45.84060349219902,0.2363210767467459,18.601520747769236,0.19083488797835974,0.3952561893202641,71.55881722368825,59.50770188412986,70.69019574642203,65.42488350094061,,,zaidvideos-18,19
72.91951478634384,173.90136671885344,51.7732320502393,86.31449027449318,161.7010077325505,47.83258479021548,0.25099241432826735,18.156412295000138,0.18585735544649346,0.39799312383423663,72.00266470572862,59.31262798454005,71.06512191124853,65.017948501485,,,zaidvideos-18,20
72.33764181293115,173.55543648264,54.11956637240901,85.2254212860792,161.261294637188,49.91920995454557,0.26597275244767277,17.7189771940696,0.1807216979436352,0.4005862737317148,72.65479665963164,59.03087077148236,71.70035595988791,64.54994391311487,,,zaidvideos-18,21
71.83823036082498,172.66928279211464,56.5412619583331,84.0553283146627,160.4734986013617,52.09416939410171,0.2812414910691033,17.288703888188376,0.17543845713451786,0.4030452246537983,73.5013274539398,58.668209132521326,72.57854403341933,64.02494104175787,,,zaidvideos-18,22
71.33881890871879,171.78312910158928,58.96295754425718,82.88523534324622,159.6857025655354,54.26912883365785,0.29651022969053376,16.858430582307154,0.17015521632540054,0.4055041755758817,74.34785824824795,58.30554749356028,73.45673210695075,63.49993817040087,,,zaidvideos-18,23
70.89981934910023,170.8548088509392,61.382072131214024,81.77039233863225,158.75180778064797,56.39836926531587,0.3122556042742042,16.41917732034536,0.16483014155320716,0.4078622637334227,75.22438604230125,57.914528423027726,74.47047220745979,62.91279163610447,,,zaidvideos-18,24
70.9843895243744,169.56104507920824,63.77881806045473,81.13438237964006,156.55172383723078,58.13137829519012,0.3321318238639538,15.90209777235192,0.15914250576768818,0.40934620793159554,76.36088783414586,57.27774494554198,76.65899654177477,61.78706668966665,,,zaidvideos-18,25
71.06895969964854,168.26728130747725,66.17556398969542,80.49837242064787,154.3516398938136,59.864387325064364,0.3520080434537033,15.385018224358483,0.15345486998216923,0.41083015212976837,77.49738962599046,56.64096146805624,78.84752087608975,60.66134174322884,,,zaidvideos-18,26
71.1535298749227,166.97351753574628,68.57230991893613,79.86236246165568,152.15155595039639,61.59739635493862,0.3718842630434529,14.867938676365043,0.14776723419665025,0.4123140963279412,78.63389141783507,56.0041779905705,81.03604521040474,59.535616796791025,,,zaidvideos-18,27
71.20581744625142,165.41412764792088,70.79215279810074,79.35590383497333,150.63259158539094,63.450129421861355,0.3944421963116642,14.391240993717297,0.14231826143867268,0.41348594282981505,79.78542596565984,55.27978053158161,83.21344743710691,58.2789743392747,,,zaidvideos-18,28
71.2435778458047,163.73520600785295,72.93238930473112,78.9077433078304,149.4201310306708,65.35673830545592,0.4182069007351832,13.932715150475113,0.1369766870430888,0.41451734536835444,80.94372525367568,54.5159567809163,85.3858447153833,56.96341900177305,,,zaidvideos-18,29
71.28133824535797,162.05628436778505,75.07262581136149,78.45958278068748,148.20767047595066,67.26334718905048,0.4419716051587022,13.47418930723293,0.1316351126475049,0.4155487479068938,82.10202454169153,53.75213303025099,87.55824199365969,55.6478636642714,,,zaidvideos-18,30
71.32153733346878,160.3207944931397,77.23058080019409,78.0588582405336,146.82449699896824,69.12490795253413,0.46418794060382285,13.003177570661965,0.12659240097686278,0.4169381150105346,83.40175046371183,52.8856807479509,89.75139534841489,54.27777910213217,,,zaidvideos-18,31
71.36813797904314,158.4368130027285,79.43504680480751,77.78265316622597,144.99320210104736,70.86821740072659,0.48233980748064736,12.49939036410296,0.12233420395919292,0.41926713909756685,85.07272129999384,51.74982857010953,91.99903340392693,52.76455532531934,,,zaidvideos-18,32
71.4147386246175,156.55283151231734,81.63951280942092,77.50644809191834,143.16190720312647,72.61152684891906,0.5004916743574719,11.995603157543954,0.11807600694152307,0.4215961631845991,86.74369213627584,50.613976392268164,94.24667145943899,51.251331548506506,,,zaidvideos-18,33
71.46133927019186,154.66885002190614,83.84397881403434,77.23024301761072,141.3306123052056,74.35483629711155,0.5186435412342965,11.491815950984943,0.11381780992385318,0.4239251872716313,88.41466297255786,49.478124214426785,96.49430951495104,49.73810777169367,,,zaidvideos-18,34
70.95457030390556,154.34361582880155,85.43298800962718,74.76527202865317,142.51996567190145,74.36389825296254,0.5461134627785321,10.814776627787813,0.11199457123396311,0.42178708190831254,90.5386912812166,47.999168256490925,99.34640938620379,47.6971020932963,,,zaidvideos-18,35
70.35926219972154,154.267781203266,86.92352411577674,71.95009849335165,144.19262276093593,74.0954806100389,0.5750742730695536,10.110016965928583,0.11056092587651782,0.41893423583293765,92.73520878545561,46.465315693739946,102.29522314797504,45.571651310645414,,,zaidvideos-18,36
69.76395409553753,154.19194657773045,88.4140602219263,69.1349249580501,145.86527984997048,73.82706296711527,0.6040350833605752,9.40525730406935,0.10912728051907251,0.41608138975756276,94.93172628969464,44.93146313098896,105.24403690974631,43.44620052799451,,,zaidvideos-18,37
69.2622556739086,154.17646277358116,89.7893845777478,67.49607526895295,145.15683894764612,74.09453143546942,0.6365991397439136,8.702271137168115,0.10822349724713114,0.41325183047436137,97.29322752451978,43.27583835588229,108.24582944881313,41.22643295200727,,,zaidvideos-18,38
68.87576916927054,154.2352569034457,91.02290985624246,67.30500877518423,141.51781590211093,75.02155204078083,0.673597960548565,8.001467733292102,0.1079718519265792,0.4104509318584505,99.85778565852786,41.47034008864555,111.31282663685909,38.89058316883684,,,zaidvideos-18,39
68.48928266463247,154.2940510333102,92.25643513473712,67.11394228141552,137.87879285657573,75.94857264609225,0.7105967813532166,7.300664329416091,0.10772020660602724,0.4076500332425396,102.42234379253594,39.66484182140881,114.37982382490506,36.5547333856664,,,zaidvideos-18,40
68.09910862251675,154.3550001925598,93.47956985427,66.92668500324804,134.4196109755569,76.8747864167787,0.7476962777841767,6.603039610254111,0.10751382638286576,0.4047431465760425,104.99993811162535,37.85937420490941,117.42247277718083,34.234061295090825,,,zaidvideos-18,41
67.60568353102683,154.47629017459073,94.41176892287292,66.84608576191528,135.9959817009972,77.77840881796651,0.7876146917517721,5.99441806308515,0.1085748688866373,0.3988685944931307,107.94254561299134,36.05476480905605,119.78337112789053,32.33836459717171,,,zaidvideos-18,42
67.1122584395369,154.59758015662166,95.34396799147584,66.76548652058251,137.57235242643748,78.68203121915433,0.8275331057193676,5.385796515916188,0.10963591139040882,0.39299404241021896,110.88515311435732,34.25015541320269,122.14426947860024,30.442667899252598,,,zaidvideos-18,43
66.61883334804698,154.7188701386526,96.27616706007876,66.68488727924976,139.14872315187776,79.58565362034214,0.8674515196869632,4.777174968747223,0.11069695389418036,0.38711949032730714,113.82776061572332,32.44554601734933,124.50516782930995,28.54697120133347,,,zaidvideos-18,44
66.21803602831173,155.2864566581938,97.00501804277508,66.97303669667272,139.27458417097787,80.56376669647591,0.9074934077016594,4.151589511374448,0.1119840116295789,0.3811680772555311,117.0185127819402,30.513503053905783,127.17100963787425,26.58771403279094,,,zaidvideos-18,45
65.87384456909324,156.12677995065795,97.60960075075069,67.48653251666862,138.51402259175893,81.58740185174331,0.9476107520784728,3.5156372199882315,0.11340918978430507,0.37516969357944907,120.36090891001041,28.503584021379346,130.02320578179413,24.589614354423,,,zaidvideos-18,46
65.52965310987473,156.96710324312207,98.2141834587263,68.00002833666451,137.75346101254001,82.61103700701072,0.9877280964552865,2.8796849286020114,0.11483436793903125,0.369171309903367,123.70330503808063,26.4936649888529,132.87540192571402,22.59151467605504,,,zaidvideos-18,47
65.27118473572682,157.9349040889541,98.8050588204183,68.57973313838998,137.39699388731538,83.55309095024813,1.0288277035235422,2.2553339248053264,0.1159840881348514,0.3630528606883961,127.02415898981505,24.506703769450137,135.74738576228893,20.665717689717894,,,zaidvideos-18,48
65.3413215210162,159.391368889363,99.34338935468978,69.41323903674547,138.58955550240202,84.18241691403723,1.0736926509089937,1.6754545234351803,0.11607788615486521,0.35647416024101775,130.26243459892905,22.607747500354773,138.69522242070806,19.017081022832123,,,zaidvideos-18,49
65.41145830630558,160.8478336897719,99.88171988896126,70.24674493510096,139.78211711748872,84.81174287782633,1.1185575982944451,1.0955751220650307,0.11617168417487903,0.3498954597936393,133.50071020804305,20.7087912312594,141.64305907912723,17.36844435594634,,,zaidvideos-18,50
65.48159509159495,162.30429849018083,100.42005042323274,71.08025083345645,140.97467873257537,85.44106884161543,1.1634225456798966,0.5156957206948847,0.11626548219489283,0.34331675934626094,136.73898581715702,18.809834962164036,144.59089573754636,15.71980768906057,,,zaidvideos-18,51
66.2483523362073,162.33123283242136,101.0013949994429,73.89020976581843,139.70315541498593,87.4623481261751,1.2054409336923666,0.11994772385179903,0.11472522325868813,0.33904932522828607,139.4509667453453,17.30785819255056,146.98706319751895,14.652488623694849,,,zaidvideos-18,52
67.1968366571648,161.98524618557454,101.59396063007185,77.2157651418343,137.78882733235056,89.84674566832709,1.2467167409988416,-0.22776599354944693,0.11275868859477424,0.3353848301527643,142.02565340894432,15.909441292367134,149.23931695354895,13.736817628290872,,,zaidvideos-18,53
68.14532097812229,161.63925953872769,102.18652626070079,80.54132051785014,135.87449924971517,92.23114321047908,1.2879925483053165,-0.5754797109506908,0.11079215393086037,0.3317203350772426,144.6003400725433,14.511024392183717,151.49157070957895,12.8211466328869,,,zaidvideos-18,54
69.36803118226001,161.36886210304604,102.87280413322719,83.27475983561064,136.3420784710402,94.24271161484629,1.3270881928512694,-0.8825083210229109,0.10789984395645087,0.32898733236822725,147.10041760200724,13.186777284362106,153.71509256779615,11.93556884910036,,,zaidvideos-18,55
71.03947464978356,161.2221561038165,103.71242931067673,85.03928196713514,140.70732418975498,95.64419597556568,1.3626162983345504,-1.122961300920366,0.10349262892850306,0.3277785898953134,149.47840745743207,11.983898927677995,155.89159859322876,11.099234502505976,,,zaidvideos-18,56
72.7109181173071,161.07545010458696,104.55205448812626,86.80380409865963,145.07256990846975,97.04568033628506,1.398144403817831,-1.363414280817818,0.09908541390055531,0.32656984742239953,151.85639731285687,10.781020570993896,158.06810461866132,10.2629001559116,,,zaidvideos-18,57
74.38236158483066,160.92874410535745,105.3916796655758,88.56832623018414,149.43781562718453,98.44716469700445,1.433672509301112,-1.603867260715273,0.09467819887260749,0.32536110494948567,154.23438716828167,9.578142214309782,160.24461064409394,9.426565809317214,,,zaidvideos-18,58
77.26511294691338,161.9661860540597,106.83381611630428,93.31083930771382,149.88361655403673,101.26111574947626,1.4699353903978623,-1.815806025640892,0.09094430420066077,0.323723565675491,156.16467874034552,8.605780517885009,162.0650359010997,8.823455554166415,,,zaidvideos-18,59
80.19112530523032,163.0459190009024,108.2974708267927,98.15970920474362,150.18943730975096,104.1255120409392,1.5062245134808074,-2.0267264257460855,0.08723445668428555,0.32207071223002914,158.07898108800356,7.64165155932665,163.87274398780443,8.228674730852894,,,zaidvideos-18,60
83.11713766354728,164.1256519477451,109.76112553728115,103.00857910177349,150.49525806546518,106.98990833240218,1.542513636563753,-2.237646825851282,0.08352460916791028,0.3204178587845673,159.99328343566165,6.677522600768281,165.68045207450922,7.633893907539366,,,zaidvideos-18,61
87.51840195091836,165.01824067046422,111.47365564554552,107.36421633736303,152.06209979115334,109.18214312140769,1.577418881335812,-2.4256567562504623,0.08008623860033036,0.3177123945394208,161.59349859338838,5.943526934790895,167.1422176232597,7.1456846171369515,,,zaidvideos-18,62
93.11830843064583,165.75877471108296,113.38839701450279,111.31910203553227,154.65352105494526,110.8282466896665,1.6111997249802756,-2.5950519300135033,0.07686844305364667,0.31415168401953064,162.93851790929585,5.396514569035564,168.32290485992232,6.744064697224823,,,zaidvideos-18,63
98.71821491037336,166.4993087517017,115.30313838346007,115.27398773370155,157.24494231873723,112.47435025792534,1.6449805686247394,-2.7644471037765466,0.07365064750696294,0.31059097349964043,164.28353722520333,4.849502203280227,169.50359209658498,6.342444777312688,,,zaidvideos-18,64
104.36749017600606,167.20970689030054,117.1892533029257,119.24227149795864,159.48244398251805,114.09177780017114,1.6778455401593528,-2.925034411429747,0.07056967840618916,0.30691361411577106,165.58290068088996,4.332417661070508,170.62289960494766,5.936793499215216,,,zaidvideos-18,65
110.32532035354596,167.7317556412747,118.89645291306847,123.29429317526458,159.5079481462293,115.52998017983552,1.7049863110074026,-3.0305725558964296,0.06834387459235254,0.302507199332032,166.59691501019603,4.002382016020908,171.35858381143566,5.505946232459381,,,zaidvideos-18,66
116.28315053108592,168.25380439224887,120.60365252321127,127.34631485257056,159.53345230994054,116.96818255949991,1.7321270818554526,-3.136110700363114,0.06611807077851589,0.298100784548293,167.61092933950212,3.6723463709713045,172.09426801792367,5.075098965703542,,,zaidvideos-18,67
122.2409807086259,168.77585314322303,122.31085213335405,131.39833652987653,159.5589564736518,118.4063849391643,1.7592678527035026,-3.2416488448297986,0.06389226696467924,0.29369436976455393,168.6249436688082,3.3423107259217,172.82995222441167,4.644251698947702,,,zaidvideos-18,68
128.0055639149327,169.73700560464337,124.00364760621093,135.46219189185985,160.9496839684429,120.09869823578286,1.7772630073307547,-3.3623689854616847,0.0623883094511158,0.28900532532863016,169.617112802206,3.015538996804955,173.4794990820358,4.2097070316497325,,,zaidvideos-18,69
133.6965292274365,170.8654356700432,125.6909557886732,139.53055532419648,162.8604965417407,121.88781569124113,1.7917741176834177,-3.4888727436803166,0.06115934100432307,0.2842086124537788,170.6009599562102,2.690010664234055,174.09623171152128,3.7737538308118967,,,zaidvideos-18,70
139.38749453994032,171.99386573544305,127.37826397113547,143.59891875653315,164.77130911503846,123.6769331466994,1.8062852280360804,-3.6153765018989485,0.05993037255753034,0.2794118995789275,171.58480711021437,2.364482331663155,174.7129643410068,3.3378006299740606,,,zaidvideos-18,71
144.7510470166627,172.8724411659315,128.9179240204579,147.6406705367112,166.38082109072457,125.35592681255892,1.8182576938713897,-3.725760132604989,0.05943988795169584,0.27404000905474535,172.39311447355584,2.1265850099700967,175.21925875751944,2.94233404910137,,,zaidvideos-18,72
149.38701541387104,173.19578407439462,130.1294771072474,151.62328531209263,167.32077618282923,126.79020094597686,1.8245887274459138,-3.800321257727498,0.06059047854799072,0.2673899459764947,172.81133341320248,2.0834232680055673,175.4801349229813,2.6368377348178744,,,zaidvideos-18,73
154.0229838110794,173.51912698285778,131.3410301940369,155.60590008747405,168.2607312749339,128.2244750793948,1.830919761020438,-3.8748823828500063,0.0617410691442856,0.260739882898244,173.22955235284908,2.040261526041038,175.74101108844317,2.3313414205343794,,,zaidvideos-18,74
158.6589522082877,173.84246989132092,132.5525832808264,159.58851486285545,169.20068636703857,129.65874921281272,1.837250794594962,-3.9494435079725143,0.06289165974058047,0.2540898198199934,173.6477712924957,1.9970997840765092,176.00188725390504,2.025845106250888,,,zaidvideos-18,75
162.3230469805125,172.54260983763373,133.1330357941702,160.62448880896864,169.82628717910657,129.61200964206972,1.8338485176109875,-4.026271087665808,0.06426189695598346,0.2500085221994539,173.86478855802267,1.9760972120473965,176.10549813858213,1.7628725734692023,,,zaidvideos-18,76
165.8750024883161,171.05545713446762,133.64066901057797,161.3204657363201,170.41561634347804,129.39438387469278,1.829323166331802,-4.103360181348038,0.06565747801205278,0.24622362059326577,174.05859024576657,1.9576514673185244,176.19096302932252,1.5048066308608026,,,zaidvideos-18,77
169.42695799611968,169.56830443130156,134.1483022269857,162.01644266367157,171.00494550784947,129.17675810731583,1.824797815052616,-4.180449275030268,0.06705305906812206,0.24243871898707767,174.2523919335105,1.9392057225896524,176.2764279200629,1.2467406882524061,,,zaidvideos-18,78
171.6920841466758,168.52237308216036,134.43518902263605,162.91248750464518,170.576244684038,129.3205241996659,1.8173487009893425,-4.2413601599434045,0.06837765959593647,0.24015129753820164,174.40397412831945,1.86844796438035,176.24868579773903,1.0521504038265195,,,zaidvideos-18,79
172.5784645573238,167.94917889804583,134.4855617960463,164.02289082449963,169.05679744431626,129.8514958560092,1.806766983943118,-4.284937249746798,0.06962620955776348,0.23946831911501718,174.5103211521267,1.7416416202991596,176.09965044713203,0.9255697531676133,,,zaidvideos-18,80
173.46484496797183,167.37598471393127,134.53593456945657,165.1332941443541,167.53735020459447,130.3824675123525,1.7961852668968934,-4.328514339550191,0.0708747595195905,0.23878534069183274,174.61666817593394,1.6148352762179674,175.95061509652504,0.7989891025087055,,,zaidvideos-18,81
174.28069627850113,166.7720429606243,134.58202013882823,166.23856539529464,166.0665660866991,130.92894248781477,1.7853249285077628,-4.369813470752575,0.07211738290789682,0.2382196402970965,174.7115193411726,1.4931739097630194,175.79056163956184,0.6804726638658863,,,zaidvideos-18,82
174.1444047374274,165.7530090232193,134.5702284536785,167.27455371589764,165.25273411346006,131.68471227138306,1.770703201989401,-4.380360160841333,0.07327999755367368,0.23923719328641116,174.65117641573553,1.4409697412623637,175.48176374678954,0.670823087440263,,,zaidvideos-18,83
174.00811319635372,164.7339750858143,134.55843676852882,168.31054203650064,164.43890214022105,132.44048205495136,1.756081475471039,-4.39090685093009,0.07444261219945054,0.24025474627572582,174.59083349029845,1.3887655727617072,175.17296585401724,0.6611735110146394,,,zaidvideos-18,84
173.87182165528003,163.71494114840928,134.5466450833791,169.34653035710363,163.625070166982,133.19625183851963,1.7414597489526769,-4.4014535410188484,0.0756052268452274,0.2412722992650405,174.53049056486137,1.336561404261051,174.86416796124493,0.6515239345890158,,,zaidvideos-18,85
173.5193996617756,162.95963615634656,134.58423284251595,170.20549996134082,162.31592042138868,133.67801045924983,1.7292365056764003,-4.422335678181388,0.07715074648314975,0.24242180342332148,174.41653481689497,1.2959396345720355,174.46948082434793,0.6157738050000034,,,zaidvideos-18,86
173.0532247985708,162.34313587235872,134.64780978285623,170.97130182012233,160.74607711139834,134.0155526784863,1.7182756220012212,-4.4486575243301285,0.07889779506430658,0.24364075556526898,174.2743617939131,1.2614138642575672,174.02958882212215,0.5662865421671015,,,zaidvideos-18,87
172.587049935366,161.72663558837087,134.7113867231965,171.73710367890382,159.17623380140802,134.35309489772277,1.7073147383260419,-4.474979370478869,0.08064484364546341,0.2448597077072165,174.13218877093126,1.226888093943099,173.58969681989637,0.5167992793341996,,,zaidvideos-18,88
172.1638394906593,161.35889452671992,134.79325898921195,172.3630166142914,157.65469701918562,134.62611621542243,1.69721116468989,-4.509212850457333,0.08229506740757939,0.24598625333798282,174.03386199683155,1.170781384209285,173.16944767467334,0.47941651801896534,,,zaidvideos-18,89
171.87566007551814,161.77296816384217,134.9326308502064,172.54927864758392,156.28498075280527,134.69635755686366,1.6898019940335376,-4.568311465329216,0.08364098459556708,0.246822378505037,174.07333771921859,1.0468488648718082,172.81093322288743,0.48007647575925744,,,zaidvideos-18,90
171.587480660377,162.1870418009644,135.07200271120087,172.73554068087643,154.9152644864249,134.76659889830486,1.6823928233771852,-4.6274100802010985,0.08498690178355478,0.24765850367209116,174.11281344160562,0.9229163455343314,172.45241877110152,0.4807364334995495,,,zaidvideos-18,91
171.29930124523585,162.60111543808662,135.21137457219533,172.92180271416893,153.54554822004457,134.83684023974607,1.674983652720833,-4.68650869507298,0.08633281897154245,0.24849462883914533,174.1522891639927,0.7989838261968563,172.0939043193156,0.4813963912398415,,,zaidvideos-18,92
171.01586166051422,163.27650594772672,135.27141975217918,173.09426724172366,152.56758689141708,134.9240309194902,1.6714096103250544,-4.726326923955745,0.08697152521957928,0.2491848766046834,174.20122688375776,0.7179492288616719,171.83698513904312,0.45712306276509823,,,zaidvideos-18,93
170.73340954046336,164.0063374724747,135.31493854028585,173.26385728891634,151.67124117482143,135.01475271138077,1.668634552983562,-4.762128405757444,0.08746289585512634,0.24984473324490558,174.2521358529766,0.6458516986102987,171.6012316403359,0.42765529966222243,,,zaidvideos-18,94
170.45095742041246,164.73616899722268,135.35845732839252,173.43344733610903,150.77489545822579,135.10547450327132,1.6658594956420696,-4.7979298875591425,0.0879542664906734,0.25050458988512775,174.30304482219546,0.5737541683589265,171.3654781416287,0.398187536559347,,,zaidvideos-18,95
170.16537855429942,165.1263661810203,135.3577912515764,173.58266294672228,150.29761152745672,135.18830967571577,1.6635124110635897,-4.8332265433632315,0.08841708298678884,0.25098332010520547,174.3486447389745,0.5341890928892548,171.1950454855725,0.37583038359568427,,,zaidvideos-18,96
169.87537013126493,165.03541471513827,135.29452994945302,173.70301477218126,150.4139984599419,135.25997213727823,1.6617716212327112,-4.867808029004039,0.08883944778537618,0.25120545456341187,174.38672349813052,0.5407116616936606,171.11715068993863,0.36354659499590675,,,zaidvideos-18,97
169.58536170823044,164.94446324925624,135.23126864732964,173.82336659764027,150.5303853924271,135.33163459884065,1.6600308314018326,-4.902389514644847,0.08926181258396351,0.2514275890216183,174.42480225728656,0.5472342304980662,171.03925589430474,0.3512628063961294,,,zaidvideos-18,98
169.29535328519594,164.85351178337422,135.16800734520626,173.94371842309928,150.6467723249123,135.4032970604031,1.658290041570954,-4.936971000285655,0.08968417738255084,0.2516497234798247,174.46288101644257,0.553756799302472,170.96136109867086,0.3389790177963519,,,zaidvideos-18,99
105.17189275853416,152.31776734076718,26.169160167134482,110.78457133214435,152.41866635407698,22.901170238077537,-0.006962282311451832,29.462126748442344,0.2763178982724938,0.4104032317422786,79.92983994672453,56.76262846756691,79.12612662282893,62.70736626698416,,,zaidvideos-19,0
104.71073668720915,152.51806350190134,26.426216750507354,110.26601762619077,152.54392569889276,23.183610226997914,-0.0025123773734442873,29.2751048770745,0.2751620478560861,0.4093042290648489,79.53547237597553,56.79643484079283,78.68345264687,62.9185157836944,,,zaidvideos-19,1
104.24958061588414,152.7183596630355,26.683273333880223,109.74746392023721,152.66918504370852,23.466050215918294,0.0019375275645632578,29.088083005706658,0.27400619743967847,0.4082052263874192,79.14110480522653,56.83024121401875,78.24077867091104,63.12966530040464,,,zaidvideos-19,2
103.78842454455915,152.91865582416966,26.940329917253095,109.22891021428363,152.7944443885243,23.74849020483867,0.006387432502570802,28.901061134338814,0.27285034702327077,0.4071062237099895,78.74673723447754,56.86404758724466,77.7981046949521,63.34081481711488,,,zaidvideos-19,3
103.2442403679118,153.1926679032942,27.24412975573011,108.64511240138475,152.88695925947067,24.025191532821317,0.010967795168746101,28.714326931207353,0.2716151653157458,0.406035346214457,78.37129688384657,56.90420735970269,77.40747465186246,63.503051198679536,,,zaidvideos-19,4
102.53399998061978,153.6141118183994,27.64141610441541,107.93082637459524,152.9139851826782,24.290415538928507,0.01580907329125691,28.528168064548648,0.2702213210259864,0.40502071908271886,78.03371097345168,56.95707393062492,77.12093247451143,63.56746130995303,,,zaidvideos-19,5
101.82375959332776,154.0355557335046,28.03870245310071,107.21654034780572,152.94101110588576,24.555639545035692,0.02065035141376772,28.342009197889944,0.268827476736227,0.40400609195098075,77.6961250630568,57.00994050154715,76.83439029716041,63.63187142122652,,,zaidvideos-19,6
101.11351920603575,154.4569996486098,28.43598880178601,106.50225432101621,152.9680370290933,24.820863551142878,0.025491629536278527,28.15585033123124,0.26743363244646756,0.4029914648192426,77.3585391526619,57.06280707246938,76.54784811980939,63.69628153250002,,,zaidvideos-19,7
99.87768674145632,155.40663797609534,29.056816068046547,105.43744691294141,153.63873215061128,25.299094137124772,0.03162814719408778,27.852451581809728,0.26568599888562855,0.4019462944163893,76.91090641603533,57.0736438215663,76.14255077025838,63.7896810446558,,,zaidvideos-19,8
98.37905823823318,156.62037350977099,29.7894137930947,104.19737881422395,154.63126187128447,25.88382801304402,0.038412284619546246,27.490432891006808,0.2637614706892498,0.4008858523779784,76.40825026629292,57.06346565975055,75.67787583460739,63.89757525725273,,,zaidvideos-19,9
96.88042973501004,157.83410904344666,30.522011518142854,102.9573107155065,155.62379159195768,26.468561888963265,0.04519642204500472,27.12841420020389,0.26183694249287104,0.39982541033956753,75.90559411655052,57.053287497934804,75.21320089895639,64.00546946984967,,,zaidvideos-19,10
95.38180123178691,159.0478445771223,31.25460924319101,101.71724261678904,156.61632131263087,27.053295764882513,0.051980559470463206,26.76639550940097,0.25991241429649226,0.39876496830115665,75.40293796680811,57.04310933611905,74.7485259633054,64.1133636824466,,,zaidvideos-19,11
93.80174689696632,159.99552499927597,32.18323587031634,100.1319920761809,156.9413606242459,28.299751711508417,0.06553842405831972,26.311851899113325,0.2563595611128929,0.3982071597963674,74.96693547446415,57.10757382939583,74.41244444098868,64.04412700438348,,,zaidvideos-19,12
92.22169256214572,160.94320542142964,33.11186249744167,98.54674153557275,157.26639993586096,29.54620765813432,0.07909628864617625,25.85730828882568,0.2528067079292935,0.3976493512915782,74.53093298212019,57.17203832267261,74.07636291867196,63.97489032632036,,,zaidvideos-19,13
90.64163822732513,161.8908858435833,34.040489124567,96.9614909949646,157.591439247476,30.79266360476023,0.09265415323403278,25.402764678538034,0.24925385474569411,0.39709154278678893,74.09493048977622,57.236502815949386,73.74028139635523,63.90565364825724,,,zaidvideos-19,14
89.099105072191,162.82462584842898,35.04166163007101,95.35793113768749,158.04389783953857,32.08594352681451,0.10592166914966555,24.93701243776339,0.2455448519012478,0.3967409017773118,73.69007947404552,57.280775575895724,73.48651697465468,63.77044318600471,,,zaidvideos-19,15
87.63161427642979,163.7304850186587,36.187925892332366,93.71775264707244,158.7511949924963,33.472871399725534,0.11860848772085072,24.448842936014746,0.24152354973510756,0.3968045957584588,73.34753141154134,57.284664869181164,73.39738675418643,63.503285155373376,,,zaidvideos-19,16
86.16412348066858,164.6363441888884,37.33419015459371,92.0775741564574,159.458492145454,34.859799272636565,0.1312953062920359,23.960673434266102,0.23750224756896732,0.3968682897396057,73.00498334903718,57.288554162466596,73.30825653371816,63.23612712474203,,,zaidvideos-19,17
84.69663268490736,165.5422033591181,38.48045441685506,90.43739566584236,160.16578929841168,36.24672714554759,0.14398212486322107,23.47250393251746,0.2334809454028271,0.39693198372075267,72.662435286533,57.292443455752036,73.21912631324992,62.96896909411069,,,zaidvideos-19,18
83.34008361454865,166.66229340052442,40.022525696487804,88.81116432243573,161.1129436528793,37.76500302053666,0.15557510323488438,23.01725027886973,0.2291330509801406,0.3980530500441485,72.62013675145683,57.16472247947957,73.37000835647997,62.52735750979488,,,zaidvideos-19,19
82.03900540689119,167.8894988775191,41.76250048480624,87.19190655263331,162.18002660810183,39.348952896564754,0.16662116150678669,22.578454549272465,0.22462186042918103,0.3997028025386687,72.72796298009467,56.97119636842815,73.64089653155918,61.998519148636845,,,zaidvideos-19,20
80.73792719923374,169.11670435451373,43.50247527312467,85.5726487828309,163.2471095633244,40.93290277259285,0.177667219778689,22.139658819675198,0.22011066987822142,0.4013525550331889,72.8357892087325,56.77767025737674,73.91178470663839,61.46968078747881,,,zaidvideos-19,21
79.43684899157628,170.34390983150837,45.24245006144311,83.95339101302847,164.31419251854692,42.51685264862094,0.18871327805059135,21.700863090077927,0.2155994793272618,0.4030023075277091,72.94361543737035,56.58414414632532,74.1826728817176,60.94084242632077,,,zaidvideos-19,22
78.57217502163971,169.92892757357683,47.05233900802042,83.26795490404578,162.13532927615842,44.26420444275371,0.20240327947707315,21.19951459230215,0.21102244856280405,0.4038359432870119,73.3612361026068,56.192820145450945,75.13760238676562,60.058605809615585,,,zaidvideos-19,23
77.70750105170313,169.5139453156453,48.862227954597735,82.5825187950631,159.9564660337699,46.01155623688647,0.21609328090355492,20.69816609452638,0.20644541779834627,0.4046695790463147,73.77885676784324,55.80149614457657,76.09253189181364,59.1763691929104,,,zaidvideos-19,24
76.84282708176656,169.09896305771375,50.672116901175045,81.89708268608042,157.7776027913814,47.75890803101924,0.22978328233003673,20.196817596750602,0.2018683870338885,0.4055032148056174,74.19647743307969,55.41017214370219,77.04746139686166,58.294132576205214,,,zaidvideos-19,25
76.08948822203715,168.4846832860414,52.550829672592975,81.12532508868951,155.83192327342616,49.457627903067376,0.24311893487895153,19.700650311569795,0.19725132397805234,0.4066296383666375,74.72963729622374,54.97194239569103,78.1473988239432,57.31495877571434,,,zaidvideos-19,26
75.55881958272208,167.47180848688737,54.56719009369214,80.18092451448213,154.35261120433734,51.05908393094628,0.25574588967273243,19.21484545157893,0.19255419633945936,0.40834163753109215,75.49387555518301,54.439901153406325,79.5373520950918,56.141910607652065,,,zaidvideos-19,27
75.02815094340701,166.45893368773338,56.5835505147913,79.23652394027476,152.87329913524854,52.66053995882517,0.26837284446651327,18.729040591588067,0.1878570687008664,0.4100536366955468,76.25811381414228,53.90785991112161,80.9273053662404,54.9688624395898,,,zaidvideos-19,28
74.49748230409195,165.44605888857936,58.599910935890456,78.29212336606739,151.39398706615975,54.261995986704065,0.2809997992602941,18.243235731597203,0.18315994106227343,0.4117656358600014,77.02235207310154,53.37581866883691,82.31725863738899,53.79581427152753,,,zaidvideos-19,29
74.10889968445399,164.55848729916474,60.61146491530878,77.37059266989435,150.57863221126328,55.806370720640544,0.2955986960107101,17.732569268816867,0.17836586527492942,0.4125846551354487,78.06737826501607,52.71582140242366,84.5398609666896,52.268390973569915,,,zaidvideos-19,30
73.79136007465459,163.7335673146198,62.62061567388666,76.46049691273849,150.095255963463,57.3222048076058,0.3111835637394436,17.209472004641793,0.17352331541320992,0.4129571844663923,79.25279842340822,51.99184612394614,87.1787878250662,50.56378011066463,,,zaidvideos-19,31
73.4738204648552,162.90864733007484,64.62976643246455,75.55040115558262,149.61187971566272,58.83803889457106,0.3267684314681772,16.686374740466718,0.16868076555149042,0.41332971379733585,80.43821858180037,51.267870845468615,89.81771468344282,48.85916924775934,,,zaidvideos-19,32
73.1562808550558,162.0837273455299,66.63891719104245,74.64030539842675,149.12850346786243,60.35387298153633,0.34235329919691077,16.163277476291643,0.1638382156897709,0.4137022431282794,81.62363874019253,50.54389556699109,92.45664154181944,47.15455838485404,,,zaidvideos-19,33
72.38398932085016,161.46196202565176,68.53908154012822,73.7282400198652,149.4490510989619,61.93507007655932,0.3613755264766616,15.577690497231936,0.15936636874783564,0.4132775922796092,83.18133877629855,49.54291718478284,95.51722675836135,45.27405774185505,,,zaidvideos-19,34
71.61169778664453,160.8401967057736,70.43924588921402,72.81617464130365,149.76959873006135,63.51626717158233,0.3803977537564126,14.992103518172225,0.15489452180590033,0.4128529414309389,84.73903881240457,48.541938802574585,98.57781197490326,43.39355709885606,,,zaidvideos-19,35
70.83940625243889,160.21843138589546,72.33941023829979,71.9041092627421,150.0901463611608,65.09746426660533,0.39941998103616344,14.406516539112518,0.15042267486396507,0.4124282905822687,86.29673884851059,47.54096042036633,101.63839719144516,41.51305645585707,,,zaidvideos-19,36
70.03129937915034,159.3133493617222,74.07282111223567,70.77158956399278,150.3046431487881,66.29233002917873,0.42131005243144004,13.788968747423933,0.14631695007007764,0.4111080206521991,87.96052379415572,46.50979848926551,104.70336946644284,39.64485361097468,,,zaidvideos-19,37
69.151561827696,157.8416339289587,75.47272503587173,69.1981612248679,150.30703824947102,66.71453312685288,0.44893581205776806,13.107499330477605,0.14294346957228599,0.40799651255933067,89.83647855887911,45.41826946037958,107.777115858352,37.80124636232549,,,zaidvideos-19,38
68.27182427624166,156.36991849619517,76.8726289595078,67.62473288574304,150.30943335015397,67.13673622452706,0.4765615716840959,12.42602991353128,0.13956998907449436,0.40488500446646225,91.71243332360248,44.32674043149364,110.85086225026114,35.95763911367632,,,zaidvideos-19,39
67.39208672478732,154.89820306343168,78.27253288314385,66.05130454661817,150.31182845083688,67.55893932220121,0.5041873313104239,11.74456049658495,0.13619650857670268,0.4017734963735939,93.58838808832587,43.2352114026077,113.92460864217031,34.11403186502714,,,zaidvideos-19,40
66.77826679458155,154.42449345362198,79.8041677151342,65.1120699184459,150.59847127708855,68.58113982678395,0.5323349269562941,11.064734983765476,0.13366641899535026,0.3997059903896263,95.63810656809385,42.0743567444669,116.47341246896804,32.441922633081845,,,zaidvideos-19,41
66.29740567500008,154.44978675528918,81.40166800130169,64.48993214574993,151.02723796612457,69.90333903482097,0.5607434406119353,10.38573142300943,0.1315580248722175,0.3981604854601091,97.77470690538411,40.878839271698666,118.75974501321004,30.85556240948851,,,zaidvideos-19,42
65.81654455541859,154.47508005695641,82.99916828746917,63.867794373053954,151.45600465516063,71.225538242858,0.5891519542675766,9.70672786225338,0.1294496307490847,0.3966149805305919,99.91130724267437,39.68332179893043,121.04607755745205,29.269202185895164,,,zaidvideos-19,43
65.33568343583711,154.50037335862362,84.59666857363666,63.24565660035798,151.88477134419665,72.54773745089503,0.617560467923218,9.027724301497331,0.1273412366259519,0.39506947560107475,102.04790757996464,38.48780432616219,123.33241010169407,27.68284196230182,,,zaidvideos-19,44
64.91288252848173,154.864082486838,85.81473725528399,63.211126896936655,151.45931667448588,73.80340065927669,0.652435602486792,8.2557963674041,0.12713668812391643,0.3910714334363929,104.4461390342283,37.143840244407954,125.54358417217809,26.129335358778807,,,zaidvideos-19,45
64.49008162112636,155.22779161505235,87.03280593693131,63.176597193515335,151.03386200477507,75.05906386765835,0.6873107370503663,7.483868433310864,0.12693213962188096,0.38707339127171103,106.84437048849196,35.7998761626537,127.75475824266212,24.575828755255785,,,zaidvideos-19,46
64.06728071377098,155.59150074326672,88.25087461857864,63.14206749009401,150.60840733506427,76.31472707604,0.7221858716139403,6.711940499217633,0.1267275911198455,0.3830753491070292,109.24260194275561,34.455912080899466,129.96593231314614,23.022322151732773,,,zaidvideos-19,47
63.641605567840514,155.93094720142122,89.29732834729299,63.107734126286786,150.19078458170756,77.5125332090522,0.7589683181347949,5.969268037570918,0.12675260768325208,0.3790961655488791,111.69458116481961,33.06815953964654,131.84263922456125,21.620867122917648,,,zaidvideos-19,48
63.21018194475986,156.22186831945595,90.00055217014142,63.07379344170778,149.78882566105898,78.59462519132539,0.7995653885702103,5.28510652081725,0.1272367543775428,0.37515469920379263,114.25405592248426,31.592830079396233,133.05041181783855,20.523515243518318,,,zaidvideos-19,49
62.778758321679206,156.5127894374907,90.70377599298983,63.03985275712878,149.38686674041037,79.67671717359859,0.8401624590056255,4.600945004063586,0.12772090107183354,0.37121323285870617,116.8135306801489,30.11750061914594,134.25818441111585,19.426163364118995,,,zaidvideos-19,50
62.34733469859856,156.80371055552544,91.40699981583825,63.00591207254977,148.9849078197618,80.7588091558718,0.880759529441041,3.9167834873099174,0.12820504776612424,0.3672717665136197,119.37300543781355,28.64217115889564,135.46595700439312,18.328811484719665,,,zaidvideos-19,51
62.47786205766797,156.69832623154858,91.85625368544932,63.50928660039918,147.4790198529498,81.67894091910624,0.922298506094196,3.324190982287632,0.12809194255714634,0.3638249495520761,122.02742389056331,27.208633877767873,136.7365685181558,17.31875266116515,,,zaidvideos-19,52
62.88936490781242,156.39478918656587,92.1785225784417,64.2813187344628,145.4211673630561,82.51809257282132,0.9643084358562212,2.777382983131033,0.12768021139653413,0.36062545728230394,124.72931419085565,25.795992686201362,138.03859949216118,16.352340365533028,,,zaidvideos-19,53
63.30086775795688,156.0912521415832,92.5007914714341,65.05335086852642,143.36331487316238,83.35724422653638,1.0063183656182464,2.2305749839744338,0.1272684802359219,0.35742596501253177,127.431204491148,24.38335149463485,139.34063046616657,15.385928069900906,,,zaidvideos-19,54
63.71237060810133,155.7877150966005,92.82306036442648,65.82538300259004,141.30546238326866,84.19639588025144,1.0483282953802713,1.6837669848178383,0.1268567490753097,0.3542264727427596,130.1330947914403,22.97071030306835,140.64266144017196,14.419515774268792,,,zaidvideos-19,55
64.26605352968446,156.37625735541914,93.68842791651676,67.6523344396625,140.19391337611327,86.0183478369233,1.088979929654379,1.2190946772396805,0.1270545138773542,0.3517761805790142,132.85125899866935,21.48381352339526,142.36724367834861,13.50451419242849,,,zaidvideos-19,56
64.81973645126759,156.96479961423782,94.55379546860703,69.47928587673495,139.08236436895785,87.84029979359516,1.1296315639284866,0.7544223696615231,0.12725227867939867,0.3493258884152688,135.56942320589837,19.99691674372217,144.09182591652527,12.589512610588189,,,zaidvideos-19,57
65.3734193728507,157.55334187305647,95.41916302069731,71.3062373138074,137.97081536180247,89.66225175026702,1.170283198202594,0.28975006208336884,0.12745004348144318,0.3468755962515234,138.2875874131274,18.51001996404909,145.8164081547019,11.674511028747894,,,zaidvideos-19,58
65.9016923269226,158.18313098984316,96.14521795122285,72.90542873274309,137.80601469338825,91.2591167997681,1.2116803090922383,-0.10841119809997943,0.127241626164768,0.345024762337624,140.91110839957236,17.076249793144083,147.5467964668353,10.844191594282167,,,zaidvideos-19,59
66.37914534597202,158.89541382256593,96.59264763861889,74.04910011540527,139.5347107024565,92.4058080349276,1.2545683732129562,-0.3735503634937068,0.12622084461065347,0.3443728449234167,143.34534294444924,15.74873283977525,149.28879692688218,10.183236454565591,,,zaidvideos-19,60
66.85659836502145,159.60769665528866,97.04007732601492,75.19277149806744,141.26340671152474,93.55249927008713,1.297456437333674,-0.6386895288874341,0.12520006305653897,0.3437209275092094,145.7795774893261,14.421215886406419,151.0307973869291,9.522281314849016,,,zaidvideos-19,61
67.33405138407086,160.31997948801143,97.48750701341095,76.3364428807296,142.99210272059295,94.69919050524662,1.3403445014543913,-0.903828694281158,0.12417928150242444,0.34306901009500207,148.21381203420293,13.093698933037604,152.77279784697598,8.861326175132447,,,zaidvideos-19,62
68.52099588543092,160.65318294103992,98.25805367440971,77.98462128257894,144.72982967359792,96.04919901679096,1.376191755844692,-1.078454554321749,0.12171732303296409,0.34217575062054145,150.278372476045,11.970695088526746,154.3491560581795,8.36133003536497,,,zaidvideos-19,63
70.06268612794632,160.79684670422128,99.19015882220982,79.88505319402186,146.47207209857126,97.50086616652773,1.4085186053697845,-1.2078237616857699,0.11853477610583078,0.3411618201159542,152.15809586636962,10.949947798444882,155.84269314496134,7.9418133955720425,,,zaidvideos-19,64
71.60437637046172,160.94051046740262,100.12226397000994,81.7854851054648,148.2143145235446,98.9525333162645,1.4408454548948768,-1.337192969049791,0.11535222917869747,0.3401478896113669,154.03781925669426,9.929200508363017,157.3362302317432,7.522296755779115,,,zaidvideos-19,65
73.14606661297711,161.08417423058398,101.05436911781005,83.68591701690772,149.95655694851794,100.40420046600127,1.473172304419969,-1.466562176413812,0.11216968225156418,0.3391339591067796,155.9175426470189,8.908453218281153,158.82976731852506,7.102780115986188,,,zaidvideos-19,66
77.35828179587823,161.46689805852012,103.36320357476725,86.75337456410165,151.78031064799222,102.09896578907262,1.491326733957086,-1.5115212762232728,0.10863733132067306,0.3379398866688664,157.2321821411652,8.222071693917465,160.12953283607874,6.779693251639221,,,zaidvideos-19,67
81.57049697877942,161.84962188645628,105.67203803172448,89.8208321112956,153.6040643474665,103.793731112144,1.5094811634942031,-1.5564803760327344,0.10510498038978192,0.33674581423095307,158.54682163531152,7.535690169553767,161.42929835363242,6.45660638729225,,,zaidvideos-19,68
85.78271216168059,162.23234571439244,107.98087248868171,92.88828965848957,155.4278180469408,105.48849643521538,1.5276355930313203,-1.601439475842196,0.10157262945889076,0.3355517417930398,159.86146112945784,6.849308645190071,162.7290638711861,6.133519522945279,,,zaidvideos-19,69
90.20724060857306,162.50836228263583,110.2906670426605,96.37627215982538,157.39541521248162,107.28979332206521,1.544170898343615,-1.6600843920017214,0.09832586600068206,0.3334726094723206,161.03352091306624,6.243485815304625,163.87531033930043,5.835982715980723,,,zaidvideos-19,70
95.05639558344808,162.57096433149366,112.60238179068244,100.70530456944493,159.65069931015552,109.3041533364719,1.5574679552062647,-1.7461009408613752,0.09565027748783834,0.3296233573859894,161.9204212755988,5.798780374375688,164.71451870853602,5.589546023781,,,zaidvideos-19,71
99.90555055832306,162.6335663803515,114.91409653870436,105.03433697906442,161.90598340782935,111.31851335087858,1.570765012068914,-1.832117489721028,0.09297468897499465,0.3257741052996583,162.80732163813136,5.354074933446756,165.55372707777158,5.343109331581279,,,zaidvideos-19,72
104.75470553319809,162.69616842920934,117.22581128672631,109.36336938868398,164.16126750550325,113.33287336528528,1.5840620689315636,-1.9181340385806818,0.09029910046215092,0.3219248532133271,163.69422200066393,4.909369492517818,166.39293544700718,5.096672639381556,,,zaidvideos-19,73
109.96946039227768,162.47853894119913,119.09517448230528,114.37478744109127,165.86503812274591,115.35535157997408,1.5893831446064015,-1.9937380548401746,0.08716328105328597,0.3183118927943946,164.31963530389106,4.630494069712956,166.84286509573948,4.841716524815858,,,zaidvideos-19,74
115.36701519345957,162.1207936847549,120.74336190166275,119.72739831489244,167.29305199977296,117.38188889480394,1.5907162296873336,-2.064135804799587,0.0837973461964104,0.3148170782091615,164.81430507746543,4.434533655970134,167.09815538422015,4.582500699067175,,,zaidvideos-19,75
120.76456999464143,161.7630484283106,122.39154932102024,125.08000918869362,168.72106587680003,119.40842620963379,1.5920493147682655,-2.134533554758999,0.08043141133953481,0.31132226362392834,165.30897485103984,4.238573242227312,167.35344567270081,4.323284873318492,,,zaidvideos-19,76
126.16212479582332,161.40530317186636,124.0397367403777,130.4326200624948,170.1490797538271,121.43496352446364,1.5933823998491974,-2.204931304718411,0.07706547648265924,0.3078274490386952,165.8036446246142,4.04261282848449,167.60873596118148,4.064069047569809,,,zaidvideos-19,77
130.96966361370573,161.12147757714519,125.47008128627068,134.8793834608157,171.42466991483772,123.04230908807202,1.5885283536188197,-2.3168303275159987,0.07471392417225396,0.30116008654072113,166.2678872822084,3.8522686579126857,168.0800618475147,3.684579015548996,,,zaidvideos-19,78
135.77720243158825,160.837651982424,126.90042583216368,139.32614685913663,172.70026007584838,124.64965465168041,1.5836743073884418,-2.4287293503135876,0.07236237186184864,0.29449272404274696,166.73212993980258,3.6619244873408787,168.55138773384797,3.3050889835281785,,,zaidvideos-19,79
140.58474124947074,160.55382638770283,128.33077037805666,143.77291025745754,173.975850236859,126.25700021528881,1.578820261158064,-2.5406283731111765,0.07001081955144334,0.28782536154477284,167.19637259739676,3.4715803167690718,169.0227136201812,2.925598951507361,,,zaidvideos-19,80
145.06104393511995,160.18107563831853,129.57123195444785,147.7916452446087,174.96019146490212,127.58454751177268,1.5749130976112868,-2.6509080512213967,0.06835295786177141,0.28169983117540337,167.6821462849097,3.265988659813399,169.46569654935055,2.569695082164384,,,zaidvideos-19,81
148.8748743563026,159.63047457960803,130.43192759183538,150.95432340942023,175.36203482701018,128.3524982740075,1.5728996994317117,-2.7579490399568787,0.06808247741356628,0.2766579650632433,168.21098203226003,3.0299020300899953,169.85199356419213,2.260963538177091,,,zaidvideos-19,82
152.68870477748519,159.07987352089754,131.2926232292229,154.11700157423172,175.7638781891182,129.1204490362423,1.5708863012521364,-2.8649900286923593,0.06781199696536115,0.27161609895108335,168.73981777961038,2.7938154003665945,170.2382905790337,1.9522319941898028,,,zaidvideos-19,83
156.50253519866783,158.52927246218704,132.15331886661045,157.27967973904325,176.16572155122626,129.8883997984771,1.5688729030725612,-2.9720310174278413,0.06754151651715602,0.2665742328389233,169.26865352696072,2.5577287706431906,170.62458759387528,1.64350045020251,,,zaidvideos-19,84
158.77574489473866,157.30325651564266,132.31025412619732,160.41038800519118,174.32118156745506,130.59173154443735,1.5672291530595144,-3.1217287433875884,0.068289003976166,0.2625762200361749,169.77384747712443,2.3567072984855706,170.97194291011778,1.4750890852834764,,,zaidvideos-19,85
160.27864422825357,155.73953312518134,132.11530919688383,163.52511132200732,171.3534499107442,131.26275378226035,1.565770227129732,-3.2927548379594693,0.06954547538878353,0.25910013388813247,170.26722052869482,2.173218405110843,171.29982737706072,1.3768378098985754,,,zaidvideos-19,86
161.78154356176847,154.17580973472,131.92036426757033,166.63983463882343,168.38571825403332,131.93377602008331,1.5643113011999494,-3.46378093253135,0.07080194680140106,0.25562404774009,170.7605935802652,1.9897295117361156,171.6277118440037,1.2785865345136744,,,zaidvideos-19,87
163.28444289528338,152.61208634425867,131.72541933825684,169.75455795563957,165.41798659732245,132.6047982579063,1.562852375270167,-3.634807027103231,0.0720584182140186,0.25214796159204755,171.2539666318356,1.8062406183613882,171.95559631094665,1.1803352591287732,,,zaidvideos-19,88
163.80949452096283,152.08002409841632,131.76128741382277,171.165208593808,162.57038411386657,132.8413266625234,1.5592013816694317,-3.7389517603292592,0.07356513935505785,0.2515571813328503,171.6098991452779,1.6586645768518473,172.10918208473572,1.1970034320733147,,,zaidvideos-19,89
164.33454614664228,151.54796185257393,131.79715548938873,172.57585923197644,159.72278163041065,133.07785506714043,1.5555503880686963,-3.843096493555289,0.07507186049609711,0.25096640107365303,171.9658316587202,1.5110885353423045,172.26276785852482,1.2136716050178562,,,zaidvideos-19,90
164.85959777232173,151.01589960673158,131.83302356495466,173.98650987014489,156.87517914695474,133.3143834717575,1.5518993944679609,-3.9472412267813186,0.07657858163713638,0.2503756208144558,172.32176417216246,1.3635124938327616,172.41635363231393,1.230339777962398,,,zaidvideos-19,91
165.15683580633603,150.56249033414727,131.8176476160067,174.89637763532724,154.4156870467878,133.4514631165898,1.5497485629533387,-4.025489191564384,0.07805699551445781,0.2497883518053547,172.6304615086778,1.2291829957678215,172.57031700701964,1.2518923788675775,,,zaidvideos-19,92
164.99844665702003,150.2663870080791,131.69978361803086,174.8046796545374,152.73241571319883,133.38964524185252,1.550598055610943,-4.05194361946152,0.07947879486434356,0.2492081052964459,172.84468849133916,1.1213465845920876,172.7250355835586,1.283213835694033,,,zaidvideos-19,93
164.84005750770405,149.97028368201094,131.58191962005503,174.71298167374758,151.0491443796099,133.32782736711522,1.5514475482685475,-4.078398047358656,0.0809005942142293,0.24862785878753713,173.0589154740005,1.013510173416355,172.87975416009752,1.314535292520488,,,zaidvideos-19,94
164.68166835838804,149.67418035594278,131.46405562207917,174.62128369295775,149.36587304602094,133.26600949237795,1.552297040926152,-4.104852475255792,0.08232239356411505,0.24804761227862834,173.27314245666184,0.905673762240621,173.03447273663647,1.3458567493469438,,,zaidvideos-19,95
164.74678621019422,148.85342282544826,131.43293853467722,174.60790783832715,147.1343511116509,133.10482193054776,1.5516937182328034,-4.169730219462793,0.08404860561221986,0.24829782538837056,173.41022825063087,0.8656961874793402,173.13668455802738,1.4184972907544584,,,zaidvideos-19,96
164.9236575625615,147.77033819274058,131.4451949025622,174.6336930467762,144.6287038768903,132.89394952517114,1.5503639878639786,-4.253819621824728,0.08592702400943421,0.2489632683074383,173.50874345025375,0.8596480309252873,173.21264300184427,1.5117973744525033,,,zaidvideos-19,97
165.10052891492876,146.6872535600329,131.45745127044717,174.65947825522522,142.1230566421297,132.6830771197945,1.5490342574951534,-4.337909024186663,0.08780544240664856,0.24962871122650607,173.6072586498766,0.8535998743712344,173.28860144566116,1.6050974581505484,,,zaidvideos-19,98
165.27740026729603,145.60416892732522,131.46970763833215,174.68526346367426,139.6174094073691,132.47220471441787,1.5477045271263286,-4.421998426548598,0.08968386080386291,0.2502941541455738,173.70577384949945,0.8475517178171815,173.36455988947804,1.6983975418485933,,,zaidvideos-19,99
97.56374588098238,156.96146891700286,26.864938627167096,108.58515587625857,159.30678118527962,25.715495501112418,0.008842858483769275,23.343313268383792,0.2784695929921119,0.3772037014453235,72.30033324325579,57.890582539526356,73.18181127081924,66.49188665998174,,,zaidvideos-2,0
96.81510867423533,157.35747524614496,27.179685035878713,108.26038398333043,158.67168855564464,25.879256760116714,0.010034613330292605,23.21742737193598,0.2761986299523651,0.37705220046731064,72.2937738201508,57.93625248300468,73.118211685541,66.55575868418309,,,zaidvideos-2,1
96.0664714674883,157.75348157528708,27.494431444590326,107.93561209040227,158.03659592600965,26.04301801912101,0.011226368176815936,23.091541475488164,0.2739276669126184,0.3769006994892977,72.28721439704582,57.981922426483,73.05461210026274,66.61963070838445,,,zaidvideos-2,2
95.31783426074125,158.14948790442918,27.809177853301943,107.61084019747413,157.40150329637464,26.206779278125307,0.012418123023339266,22.96565557904035,0.2716567038728716,0.37674919851128486,72.28065497394083,58.02759236996132,72.9910125149845,66.6835027325858,,,zaidvideos-2,3
94.52293733677419,158.75470469883584,28.17785897461086,107.31118516258019,156.92155530167133,26.528915179696252,0.013109788487400919,22.836907082788848,0.26954978562577736,0.37692110520007893,72.25167085247939,58.086265439703055,72.89730264472318,66.7551532432285,,,zaidvideos-2,4
93.6355209783671,159.77834242377165,28.65440952111437,107.06176384375468,156.75189657683137,27.1678003664005,0.012801275186539219,22.702433386929965,0.2677709569639881,0.37773982722248683,72.17783733430505,58.17094476197161,72.74337220449567,66.84236072675395,,,zaidvideos-2,5
92.74810461996,160.80198014870743,29.130960067617885,106.81234252492915,156.5822378519914,27.80668555310475,0.012492761885677517,22.567959691071078,0.26599212830219887,0.3785585492448948,72.10400381613071,58.25562408424016,72.58944176426817,66.9295682102794,,,zaidvideos-2,6
91.86068826155291,161.82561787364324,29.607510614121395,106.56292120610364,156.41257912715145,28.445570739808996,0.012184248584815816,22.433485995212195,0.2642132996404096,0.3793772712673027,72.03017029795637,58.34030340650872,72.43551132404066,67.01677569380485,,,zaidvideos-2,7
90.5936024216394,162.99690294008718,30.27688813070699,105.74242204415278,156.25059436508405,29.13036957853881,0.013360851421622995,22.23819064100946,0.2611167595194463,0.3805703696628298,71.93172845770785,58.42636204628844,72.21646826616593,67.1221004631789,,,zaidvideos-2,8
89.13668184097271,164.24201167728523,31.042679132333625,104.63638396063926,156.09244658440298,29.838125243281407,0.015280012327264617,22.0124844576348,0.25736136366889595,0.38195065624491653,71.82098245642221,58.51311034482374,71.96486889946759,67.23648387547725,,,zaidvideos-2,9
87.67976126030601,165.4871204144833,31.80847013396026,103.53034587712574,155.9342988037219,30.545880908024007,0.01719917323290624,21.78677827426014,0.25360596781834555,0.38333094282700325,71.71023645513658,58.59985864335904,71.71326953276925,67.35086728777561,,,zaidvideos-2,10
86.2228406796393,166.73222915168134,32.574261135586895,102.42430779361223,155.77615102304082,31.253636572766606,0.019118334138547865,21.56107209088548,0.2498505719677952,0.38471122940908997,71.59949045385095,58.68660694189434,71.4616701660709,67.46525070007397,,,zaidvideos-2,11
84.61113829310938,167.97753671275905,33.7580334214802,100.84142111665116,155.69415533030295,32.35676304900223,0.023839760848142703,21.319222456647807,0.2450846854507184,0.38612785336241806,71.57036396360643,58.75107393950129,71.51294558934563,67.26627730560232,,,zaidvideos-2,12
82.99943590657944,169.22284427383678,34.94180570737351,99.25853443969011,155.61215963756507,33.45988952523786,0.028561187557737542,21.07737282241013,0.2403187989336416,0.3875444773157461,71.5412374733619,58.81554093710823,71.56422101262037,67.06730391113067,,,zaidvideos-2,13
81.3877335200495,170.4681518349145,36.125577993266816,97.67564776272904,155.53016394482717,34.563016001473486,0.03328261426733239,20.835523188172456,0.2355529124165648,0.3889611012690742,71.51211098311738,58.88000793471518,71.61549643589511,66.86833051665903,,,zaidvideos-2,14
79.884068243967,171.56277280760116,37.39016577683219,96.07138828808306,155.66012184726785,35.81557389784345,0.03896953614003312,20.562462350765326,0.23048225733392425,0.39080807667703155,71.52162141409083,58.91374683172546,71.66539528363347,66.64693758955681,,,zaidvideos-2,15
78.59647718877936,172.3560206035057,38.81638455574169,94.42438321806725,156.21398694006555,37.366994634482076,0.04658744833894563,20.226979107019286,0.22480206512015607,0.3935157549942475,71.60840568750022,58.886029527542405,71.7125409802991,66.38070559719347,,,zaidvideos-2,16
77.30888613359173,173.14926839941023,40.24260333465119,92.77737814805144,156.7678520328633,38.9184153711207,0.05420536053785814,19.891495863273246,0.2191218729063879,0.3962234333114634,71.6951899609096,58.85831222335934,71.75968667696472,66.11447360483014,,,zaidvideos-2,17
76.0212950784041,173.94251619531477,41.66882211356069,91.13037307803563,157.321717125661,40.46983610775932,0.06182327273677066,19.556012619527205,0.21344168069261976,0.3989311116286794,71.781974234319,58.830594919176285,71.80683237363034,65.8482416124668,,,zaidvideos-2,18
74.97250517490596,174.4667648606738,43.42832728306946,89.68684940394137,157.64619536434537,42.1146861395621,0.06989792483955942,19.2278172574422,0.20810681850303,0.40190216246012855,71.92702039829824,58.69177918918276,71.85810240767077,65.45353785676383,,,zaidvideos-2,19
74.04311584725261,174.8565139607601,45.354475647877855,88.34506642780786,157.85598017597306,43.80625081894695,0.07820094689428629,18.903265836187714,0.20294462132552946,0.40500489954869434,72.1011975075624,58.497414246283995,71.91143461039859,64.99459821939107,,,zaidvideos-2,20
73.11372651959924,175.2462630608464,47.280624012686246,87.00328345167438,158.06576498760072,45.497815498331796,0.08650396894901316,18.578714414933227,0.1977824241480289,0.40810763663726013,72.27537461682657,58.30304930338524,71.96476681312642,64.53565858201829,,,zaidvideos-2,21
72.18433719194587,175.6360121609327,49.20677237749465,85.66150047554088,158.2755497992284,47.18938017771665,0.09480699100374004,18.25416299367874,0.19262022697052836,0.4112103737258259,72.44955172609073,58.10868436048647,72.01809901585423,64.0767189446455,,,zaidvideos-2,22
71.70630819675156,174.7858775540629,51.23371968360129,84.31605247667122,157.76482019930594,48.52392120572405,0.10738845259390611,17.92429725784128,0.1868737783338595,0.4137085082677697,73.00099560865773,57.700000999541444,72.42364429402477,63.4958189571202,,,zaidvideos-2,23
71.22827920155726,173.9357429471931,53.26066698970792,82.97060447780156,157.25409059938352,49.85846223373145,0.1199699141840722,17.594431522003816,0.1811273296971907,0.41620664280971353,73.55243949122472,57.291317638596425,72.82918957219529,62.914918969594886,,,zaidvideos-2,24
70.75025020636295,173.0856083403233,55.287614295814556,81.6251564789319,156.74336099946106,51.19300326173885,0.13255137577423828,17.264565786166354,0.17538088106052185,0.41870477735165734,74.10388337379172,56.8826342776514,73.23473485036583,62.33401898206958,,,zaidvideos-2,25
70.3380693036176,172.1921156291162,57.38751862308599,80.51858767810249,155.6254919510807,52.487912895466216,0.14708887435125645,16.885894506532054,0.1695770521466042,0.4209897634798876,74.76275844602361,56.41791174132445,73.96986574594457,61.57501564507842,,,zaidvideos-2,26
70.05758458577019,171.21190670923454,59.63333699268701,79.88977727335363,153.2933440057845,53.70355974063351,0.16553844690197894,16.409612139304073,0.16365846267818898,0.4228484527806908,75.6364958975853,55.841110854233655,75.36416787633978,60.459805609155545,,,zaidvideos-2,27
69.77709986792277,170.23169778935292,61.879155362288024,79.26096686860475,150.9611960604883,54.919206585800794,0.18398801945270138,15.933329772076096,0.15773987320977376,0.42470714208149396,76.51023334914699,55.26430996714286,76.75847000673497,59.344595573232674,,,zaidvideos-2,28
69.49661515007536,169.25148886947127,64.12497373188904,78.63215646385589,148.62904811519212,56.13485343096808,0.20243759200342382,15.457047404848117,0.15182128374135853,0.42656583138229714,77.38397080070868,54.68750908005207,78.15277213713016,58.2293855373098,,,zaidvideos-2,29
69.18869034677127,168.1572623124508,66.26148770127315,78.08167085449293,147.04842031977535,57.60113447643192,0.2218896603530096,14.927421742403695,0.146635572111638,0.427555135782244,78.43840403533659,53.989718729193356,79.84071136337306,56.939455124348434,,,zaidvideos-2,30
68.86704550073884,167.00602693686096,68.34334947054877,77.57034764282291,145.8435525992983,59.19273262204403,0.24184297660202694,14.371124432351055,0.14181629940126486,0.42810974773176275,79.58318516149758,53.231433646450704,81.67546913753979,55.56216452286782,,,zaidvideos-2,31
68.54540065470643,165.8547915612711,70.42521123982442,77.05902443115289,144.63868487882124,60.78433076765616,0.2617962928510444,13.814827122298412,0.1369970266908917,0.4286643596812815,80.72796628765859,52.47314856370805,83.51022691170654,54.1848739213872,,,zaidvideos-2,32
68.223755808674,164.70355618568124,72.50707300910007,76.54770121948287,143.4338171583442,62.37592891326828,0.28174960910006186,13.258529812245769,0.13217775398051854,0.42921897163080025,81.8727474138196,51.71486348096539,85.34498468587329,52.80758331990658,,,zaidvideos-2,33
67.95315460727586,163.79029280753656,74.36207252810978,76.07663068420803,142.0195593415791,63.488255098610765,0.3058852660061474,12.68775045138116,0.1300390432809162,0.4280073564232149,83.23104418261478,50.80759783739296,87.441585888483,51.24071182733402,,,zaidvideos-2,34
67.68255340587773,162.87702942939188,76.21707204711949,75.60556014893318,140.60530152481402,64.60058128395325,0.3300209229122331,12.116971090516545,0.12790033258131386,0.4267957412156295,84.58934095140998,49.90033219382053,89.53818709109272,49.673840334761444,,,zaidvideos-2,35
67.41195220447959,161.9637660512472,78.0720715661292,75.13448961365833,139.19104370804897,65.71290746929573,0.35415657981831866,11.546191729651934,0.12576162188171153,0.4255841260080442,85.94763772020517,48.9930665502481,91.63478829370244,48.106968842188884,,,zaidvideos-2,36
67.11513613977273,161.0405026992995,79.69887483906135,74.58112320215483,138.01095455213803,66.91331023616402,0.38129850259552606,10.941099145530226,0.1241739115217821,0.4234444351906162,87.4317243574046,48.02524066273772,93.93660990078025,46.447547254035605,,,zaidvideos-2,37
66.76589034844842,160.09723939974575,80.86928561983838,73.863165038194,137.2992027179354,68.28986616608391,0.41445295711497687,10.267380114894323,0.1236882018411985,0.4194485931535029,89.16739073141255,46.93629428735144,96.64887231679424,44.603025474720894,,,zaidvideos-2,38
66.4166445571241,159.15397610019198,82.0396964006154,73.14520687423317,136.58745088373277,69.66642209600379,0.4476074116344275,9.593661084258425,0.1232024921606149,0.41545275111638963,90.90305710542049,45.847347911965166,99.3611347328082,42.7585036954062,,,zaidvideos-2,39
66.0673987657998,158.2107128006382,83.21010718139242,72.42724871027232,135.87569904953014,71.04297802592367,0.4807618661538784,8.919942053622524,0.12271678248003128,0.41145690907927635,92.63872347942842,44.75840153657888,102.07339714882218,40.913981916091494,,,zaidvideos-2,40
65.89400242849885,157.65952112938072,84.30333016442438,70.73150308458264,136.3992296187441,72.0666358865187,0.5146539997900051,8.242641610424371,0.12344263676766357,0.40657606910773386,94.39179181152572,43.62061009950125,104.77278474223067,39.04849815641563,,,zaidvideos-2,41
65.80853081820958,157.30436527227135,85.35795924858381,68.54686372802854,137.5404013896663,72.9138447124513,0.5489149729844697,7.5635504609451,0.1247742730394038,0.40125273016897683,96.1535611226677,42.45839613157795,107.4657349243364,37.17253340655922,,,zaidvideos-2,42
65.72305920792031,156.94920941516202,86.41258833274325,66.36222437147443,138.68157316058853,73.76105353838389,0.5831759461789345,6.884459311465824,0.12610590931114404,0.3959293912302197,97.91533043380969,41.29618216365464,110.15868510644216,35.29656865670278,,,zaidvideos-2,43
65.63758759763104,156.59405355805265,87.46721741690268,64.17758501492031,139.82274493151075,74.60826236431649,0.6174369193733993,6.205368161986549,0.12743754558288428,0.3906060522914626,99.67709974495166,40.133968195731335,112.85163528854791,33.42060390684635,,,zaidvideos-2,44
65.1766580675836,157.17360138124118,88.21119689153936,63.53587470935751,142.37646880901596,76.2582015631542,0.6551234413452398,5.643152041037573,0.12978166335198763,0.3851689665741997,102.35196692467512,38.64592147038215,115.26705123196733,31.745572264769528,,,zaidvideos-2,45
64.71572853753617,157.7531492044297,88.95517636617602,62.894164403794704,144.9301926865212,77.90814076199194,0.6928099633170807,5.080935920088593,0.132125781121091,0.3797318808569367,105.02683410439859,37.157874745032956,117.68246717538678,30.070540622692697,,,zaidvideos-2,46
64.25479900748873,158.33269702761822,89.6991558408127,62.25245409823191,147.4839165640264,79.55807996082966,0.7304964852889213,4.5187197991396175,0.13446989889019437,0.3742947951396738,107.70170128412205,35.66982801968378,120.0978831188062,28.395508980615872,,,zaidvideos-2,47
63.98363870810575,158.88770141900395,90.4119404392566,61.93998637746378,149.10833567906496,81.12804779196928,0.771399988622406,3.9818832948667477,0.13688848198406772,0.3689292893924513,110.43628735041071,34.15963216482863,122.45905861472899,26.842857335066647,,,zaidvideos-2,48
64.0920168700517,159.39361894678407,91.06233528531499,62.28600382628503,148.8741452691701,82.53807288771267,0.8187374546791787,3.4958060239460993,0.1394559957274811,0.3637069435853098,113.29031118982974,32.605138050961564,124.71175321565849,25.534965682572643,,,zaidvideos-2,49
64.20039503199763,159.8995364745642,91.71273013137338,62.632021275106275,148.63995485927526,83.94809798345605,0.866074920735951,3.0097287530254535,0.14202350947089448,0.3584845977781684,116.14433502924875,31.050643937094517,126.96444781658798,24.227074030078647,,,zaidvideos-2,50
64.30877319394358,160.40545400234436,92.36312497743175,62.978038723927526,148.4057644493804,85.35812307919943,0.9134123867927237,2.523651482104804,0.14459102321430786,0.3532622519710269,118.9983588686678,29.49614982322746,129.21714241751746,22.919182377584644,,,zaidvideos-2,51
64.45827519498141,160.43669885396082,93.26819404692661,63.564620550924005,147.29671067744215,86.83503101188829,0.9634818866929408,2.0750835183909464,0.14559604918808602,0.34793658877886724,121.90192327334299,27.93925601650745,131.76299582512357,21.626709037811512,,,zaidvideos-2,52
64.6283391155652,160.23060736749548,94.30060022813971,64.2714845670081,145.75022522448216,88.3453803630499,1.0149174035148805,1.6452702082804804,0.14581983127704656,0.3425592668941984,124.83025796064629,26.38116236336095,134.45542863606798,20.341944854398808,,,zaidvideos-2,53
64.79840303614898,160.0245158810301,95.33300640935282,64.97834858309221,144.20373977152218,89.8557297142115,1.0663529203368203,1.215456898170014,0.1460436133660071,0.3371819450095295,127.7585926479496,24.82306871021445,137.14786144701242,19.0571806709861,,,zaidvideos-2,54
64.96846695673277,159.81842439456477,96.36541259056592,65.68521259917631,142.6572543185622,91.3660790653731,1.1177884371587594,0.7856435880595505,0.14626739545496764,0.33180462312486075,130.68692733525288,23.264975057067964,139.8402942579568,17.772416487573402,,,zaidvideos-2,55
65.86114971717369,160.4964770543151,97.37391249651425,67.2244808914,143.37576917136278,92.30054351645401,1.156116387826791,0.41213290946420267,0.14214432686092268,0.3298826656412696,133.60562375120134,21.765476360168805,142.26077601903486,16.968459507412994,,,zaidvideos-2,56
66.75383247761461,161.17452971406547,98.38241240246258,68.7637491836237,144.0942840241634,93.23500796753493,1.1944443384948225,0.03862223086885541,0.1380212582668777,0.3279607081576785,136.5243201671498,20.265977663269645,144.68125778011293,16.164502527252587,,,zaidvideos-2,57
67.64651523805551,161.8525823738158,99.3909123084109,70.3030174758474,144.81279887696397,94.16947241861584,1.2327722891628536,-0.3348884477264894,0.1338981896728327,0.32603875067408744,139.4430165830982,18.766478966370496,147.101739541191,15.360545547092185,,,zaidvideos-2,58
68.545763972949,162.46981007444,100.28104792298325,72.69341761745265,145.15299950546517,95.35767564055675,1.2722029745100332,-0.6980195355763681,0.12900020162734016,0.3246569257278824,142.45207301558094,17.263857895123067,149.52073235167074,14.578635476880745,,,zaidvideos-2,59
69.4581446567476,162.96538785681196,100.93445495480364,76.78608145782103,144.7365716853676,97.05335640421768,1.313839129215509,-1.040391441935309,0.1225523746789525,0.32435536585644936,145.6418494811322,15.754992075179088,151.93674726095387,13.840819226567241,,,zaidvideos-2,60
70.37052534054622,163.46096563918388,101.58786198662403,80.87874529818939,144.32014386527004,98.74903716787861,1.355475283920985,-1.38276334829425,0.1161045477305648,0.3240538059850164,148.8316259466835,14.24612625523511,154.35276217023696,13.103002976253736,,,zaidvideos-2,61
71.28290602434481,163.9565434215558,102.24126901844441,84.9714091385577,143.90371604517247,100.44471793153951,1.3971114386264603,-1.7251352546531864,0.10965672078217721,0.32375224611358333,152.02140241223472,12.737260435291152,156.76877707952005,12.36518672594024,,,zaidvideos-2,62
73.50872427259391,163.48869684550215,103.44732051238995,88.60812636998833,143.05184728650488,102.12599226991689,1.4306488874187167,-2.038888708971835,0.10309237820715912,0.3227387655367426,154.4092481165813,11.59570722794877,158.80029162552063,11.81843374311233,,,zaidvideos-2,63
76.39126130306826,162.5391380902357,104.92969423739808,92.01687029695006,141.98225805855228,103.8000633956525,1.4601369832543634,-2.3383329372703368,0.09646977781882583,0.32136932460719786,156.39612844032555,10.637810326907195,160.6395559898799,11.367212394027217,,,zaidvideos-2,64
79.27379833354262,161.58957933496922,106.41206796240621,95.42561422391178,140.91266883059964,105.4741345213881,1.4896250790900099,-2.637777165568839,0.08984717743049253,0.3199998836776532,158.38300876406979,9.679913425865617,162.4788203542392,10.915991044942103,,,zaidvideos-2,65
82.15633536401697,160.64002057970274,107.89444168741434,98.83435815087351,139.84307960264704,107.1482056471237,1.5191131749256566,-2.9372213938673406,0.08322457704215924,0.3186304427481085,160.36988908781404,8.722016524824042,164.31808471859847,10.46476969585699,,,zaidvideos-2,66
86.59038988542213,160.59472652755753,109.85844978367503,102.97969435265352,141.8179067170563,108.54330021309532,1.5367590148115238,-3.2012059020041046,0.07763486620781955,0.31599036817023946,161.97221907238733,8.015962992590369,165.83556354376543,9.961485376518567,,,zaidvideos-2,67
91.02444440682736,160.54943247541232,111.82245787993573,107.1250305544336,143.7927338314656,109.93839477906695,1.5544048546973912,-3.4651904101408717,0.07204515537347979,0.3133502935923704,163.57454905696065,7.309909460356686,167.3530423689324,9.458201057180139,,,zaidvideos-2,68
95.45849892823257,160.5041384232671,113.78646597619642,111.27036675621366,145.7675609458749,111.33348934503859,1.5720506945832586,-3.7291749182776393,0.06645544453914001,0.3107102190145013,165.17687904153397,6.603855928123004,168.87052119409935,8.954916737841708,,,zaidvideos-2,69
100.11124121399942,160.70645633537322,115.45984723973261,115.68580616107691,148.18532455765413,112.7631798024371,1.5849043034680184,-4.026450593562099,0.062242609378952506,0.30809645388445833,166.70653399215146,5.969360304130078,170.18600302117562,8.474364836489464,,,zaidvideos-2,70
105.2013590284895,161.40399817598194,116.55197483781976,120.64145197210654,151.4889611641733,114.26206204268938,1.588173450350563,-4.390308603141944,0.060783525567069556,0.30553530765006753,168.09083887485735,5.477980496618665,171.09749085207045,8.039277771109585,,,zaidvideos-2,71
110.29147684297953,162.10154001659066,117.6441024359069,125.5970977831361,154.79259777069242,115.76094428294164,1.5914425972331072,-4.754166612721784,0.05932444175518662,0.3029741614156768,169.47514375756322,4.986600689107259,172.00897868296528,7.604190705729713,,,zaidvideos-2,72
115.38159465746962,162.7990818571994,118.73623003399405,130.55274359416575,158.09623437721157,117.25982652319392,1.5947117441156515,-5.118024622301629,0.05786535794330367,0.30041301518128605,170.8594486402691,4.495220881595847,172.9204665138601,7.169103640349834,,,zaidvideos-2,73
120.12892247637478,162.78886431015616,119.77868787030435,135.17457110057364,159.54101255727034,118.77700657297595,1.5994641223271246,-5.431406889726302,0.0590022326203107,0.29663329822724976,171.97810893825735,4.138748524623016,173.614917804864,6.682852678370656,,,zaidvideos-2,74
124.70485529748747,162.42476706928693,120.79631082572622,139.62948945467073,160.05636152409886,120.30333552752285,1.6049581162030617,-5.719551286073388,0.06143708654176277,0.29224429591339074,172.96394694388673,3.849729892919477,174.20085082592246,6.171019768091826,,,zaidvideos-2,75
129.28078811860016,162.0606698284177,121.81393378114811,144.0844078087678,160.57171049092736,121.82966448206976,1.610452110078999,-6.007695682420474,0.06387194046321484,0.2878552935995317,173.94978494951613,3.5607112612159386,174.78678384698088,5.659186857812997,,,zaidvideos-2,76
133.85672093971286,161.69657258754847,122.83155673657,148.53932616286485,161.08705945775588,123.35599343661666,1.6159461039549363,-6.29584007876756,0.06630679438466691,0.2834662912856727,174.9356229551455,3.2716926295124,175.37271686803933,5.1473539475341665,,,zaidvideos-2,77
138.17114784739044,161.75211885702745,123.94634364220146,152.06251451442918,161.18677173963937,124.47826593145146,1.614427986076032,-6.54257539217698,0.07062679922596758,0.277170217262081,175.27378225139344,3.231318989524686,175.77075434683871,4.685519497713978,,,zaidvideos-2,78
142.48557475506811,161.8076651265064,125.06113054783293,155.58570286599354,161.28648402152285,125.60053842628628,1.6129098681971277,-6.789310705586404,0.07494680406726831,0.2708741432384893,175.61194154764135,3.190945349536972,176.16879182563812,4.223685047893782,,,zaidvideos-2,79
146.80000166274576,161.8632113959854,126.1759174534644,159.10889121755793,161.38619630340634,126.7228109211211,1.6113917503182233,-7.036046018995828,0.07926680890856903,0.26457806921489757,175.9501008438893,3.1505717095492582,176.5668293044375,3.761850598073587,,,zaidvideos-2,80
150.62271528719606,162.11669249933502,127.02728716575862,162.36772900434227,161.8520911147863,127.63412391983404,1.6097499058644333,-7.275098568949583,0.08354765427073858,0.2588819830816587,176.26612077467007,3.085788329896321,176.8874248334366,3.349434700685327,,,zaidvideos-2,81
153.4620023451916,162.766043270426,127.35182249137833,165.09786566156657,163.05035098515927,128.12351792630324,1.6078606082608717,-7.498785591992002,0.08775018067464581,0.25438587272912566,176.5378619745166,2.972185470912937,177.053136462835,3.03585590816094,,,zaidvideos-2,82
156.3012894031871,163.41539404151698,127.67635781699803,167.82800231879085,164.24861085553223,128.6129119327724,1.6059713106573104,-7.722472615034418,0.09195270707855296,0.24988976237659266,176.80960317436313,2.8585826119295548,177.21884809223343,2.7222771156365564,,,zaidvideos-2,83
159.14057646118263,164.06474481260796,128.00089314261774,170.5581389760152,165.4468707259052,129.10230593924157,1.6040820130537488,-7.946159638076837,0.09615523348246019,0.2453936520240596,177.0813443742097,2.7449797529461706,177.38455972163183,2.4086983231121692,,,zaidvideos-2,84
160.79273648433553,163.8320337248523,127.98536377343618,172.22962558767375,165.4776805674598,129.45617963014394,1.5984988181680757,-8.147991777474004,0.09966509203665329,0.24285167143356695,177.19183643065594,2.6097293345235513,177.41257200226886,2.195040598658781,,,zaidvideos-2,85
161.85133299006708,163.15829170767327,127.79980205685396,173.37178717654945,164.92476539460515,129.7422931632629,1.5910686746413467,-8.338896475048543,0.10282861666598932,0.24128675572409453,177.22170391540206,2.463655136381314,177.37173460852514,2.031343408240893,,,zaidvideos-2,86
162.90992949579865,162.48454969049428,127.61424034027175,174.51394876542514,164.37185022175052,130.02840669638184,1.5836385311146177,-8.529801172623083,0.10599214129532536,0.23972184001462213,177.25157140014818,2.317580938239076,177.33089721478146,1.8676462178230058,,,zaidvideos-2,87
163.9685260015302,161.81080767331525,127.42867862368954,175.65611035430084,163.8189350488959,130.3145202295008,1.5762083875878887,-8.720705870197623,0.10915566592466139,0.23815692430514973,177.2814388848943,2.171506740096839,177.29005982103774,1.7039490274051183,,,zaidvideos-2,88
164.45629351912103,161.38906259170125,127.91027540931752,175.84248574633202,162.96128897541433,130.57757579210158,1.5716629045173323,-8.633920874656363,0.10909570860485589,0.23696422010410148,177.07525045331425,2.0454976425871623,176.94102057369696,1.7228961052073664,,,zaidvideos-2,89
164.9440610367119,160.9673175100872,128.3918721949455,176.0288611383632,162.10364290193274,130.84063135470237,1.5671174214467758,-8.547135879115103,0.10903575128505039,0.23577151590305323,176.86906202173418,1.9194885450774843,176.5919813263562,1.7418431830096146,,,zaidvideos-2,90
165.43182855430274,160.54557242847318,128.8734689805735,176.21523653039438,161.24599682845115,131.10368691730318,1.5625719383762193,-8.460350883573842,0.10897579396524489,0.23457881170200498,176.66287359015413,1.7934794475678062,176.24294207901542,1.7607902608118626,,,zaidvideos-2,91
165.81057428353253,160.3072899105879,129.28083980936796,176.34826295230042,160.61205176922488,131.31992789203926,1.5588544261685087,-8.390392242949982,0.10889648716276762,0.2335763234954757,176.4736954996114,1.697335281007447,175.96345514619614,1.789278144386124,,,zaidvideos-2,92
165.97127643604017,160.43593252016018,129.53975872449533,176.37459143395623,160.42550873850925,131.44253969104597,1.5567928556864896,-8.354086312160929,0.1087784813949468,0.23295426727798438,176.31853809114344,1.6609209763457269,175.82307284241986,1.8368476395044118,,,zaidvideos-2,93
166.13197858854784,160.56457512973245,129.79867763962272,176.400919915612,160.2389657077936,131.56515149005267,1.5547312852044708,-8.317780381371877,0.10866047562712597,0.2323322110604931,176.16338068267544,1.6245066716840075,175.68269053864358,1.8844171346226988,,,zaidvideos-2,94
166.29268074105548,160.69321773930474,130.0575965547501,176.42724839726782,160.05242267707797,131.6877632890594,1.552669714722452,-8.281474450582824,0.10854246985930513,0.23171015484300178,176.00822327420747,1.5880923670222875,175.5423082348673,1.9319866297409867,,,zaidvideos-2,95
166.48581441794667,160.46633895767732,130.41515607433536,176.35776604053297,160.0127197564081,131.85218307784143,1.5489613525992243,-8.232276176951435,0.10795286572720805,0.2322662413473196,175.83202569936824,1.5255281333228252,175.31201406450162,1.987786857560829,,,zaidvideos-2,96
166.69516385702963,160.06169948045005,130.82203589614957,176.24037826460278,160.04643689076113,132.03750686151116,1.544429594655392,-8.176631731898881,0.10712746241297283,0.23341139921254198,175.6453080413434,1.4498889351044915,175.03676396084128,2.047702451731449,,,zaidvideos-2,97
166.9045132961126,159.65706000322277,131.22891571796382,176.12299048867263,160.08015402511415,132.22283064518086,1.53989783671156,-8.120987286846326,0.1063020590987376,0.23455655707776438,175.4585903833186,1.3742497368861577,174.76151385718092,2.107618045902069,,,zaidvideos-2,98
167.11386273519557,159.2524205259955,131.63579553977803,176.00560271274244,160.11387115946718,132.4081544288506,1.5353660787677281,-8.065342841793772,0.10547665578450238,0.23570171494298678,175.27187272529378,1.298610538667824,174.48626375352057,2.167533640072689,,,zaidvideos-2,99
109.43846191955942,163.04625795552667,22.660983853285774,115.06295289149953,157.88488119760837,14.737840253243183,0.0334301161358305,26.541495034024525,0.3061395812613635,0.35371037678165074,92.53374645678623,49.356738352467225,97.407900386505,52.75938803096572,36.60865077342992,1.8508418948501386,zaidvideos-3,0
109.29573850641955,162.5688130523748,22.566130918996265,114.70192029966354,157.14098306564986,14.627930379378451,0.040983717967699146,26.444138921857096,0.30576292059581234,0.35343239453825875,92.50373070438188,49.3711509646646,96.99653382960257,52.90707122997013,36.06474316079981,1.8519693859836126,zaidvideos-3,1
109.15301509327969,162.09136814922294,22.47127798470676,114.34088770782755,156.39708493369136,14.51802050551372,0.04853731979956778,26.346782809689667,0.30538625993026125,0.3531544122948668,92.47371495197753,49.385563576861976,96.58516727270013,53.05475442897454,35.520835548169686,1.8530968771170866,zaidvideos-3,2
109.01018586865804,161.60375910537027,22.391630153614518,114.00523712538454,155.69346718626662,14.39378020947059,0.056019667262632335,26.25168135803539,0.30495150135154453,0.3528750613114909,92.44625142715586,49.39790324218419,96.19491673612099,53.2108989312632,34.992075057558594,1.8544764636991597,zaidvideos-3,3
108.86684522187444,161.06702338146374,22.3854736546424,113.79226625500753,155.1845379640884,14.200276206231859,0.06315761860981044,26.167477432194698,0.30423593619252753,0.3525890947515256,92.43112366898379,49.4002236642765,95.90672696443777,53.407939732759026,34.53652565670614,1.8570745116161282,zaidvideos-3,4
108.72350457509084,160.53028765755724,22.379317155670282,113.57929538463054,154.67560874191017,14.00677220299313,0.07029556995698855,26.083273506354,0.3035203710335106,0.3523031281915604,92.41599591081172,49.402544086368806,95.61853719275456,53.60498053425486,34.080976255853685,1.859672559533097,zaidvideos-3,5
108.4931237116201,159.86915153630667,22.371996408169938,113.26404806717824,154.2411327707238,13.807060274187968,0.07869732676702963,25.968044531554703,0.30272031634585655,0.3518297473607214,92.41491514548467,49.39025950998586,95.23686828328417,53.86378419125665,33.46009873846832,1.8640796177900418,zaidvideos-3,6
108.09591576616569,158.96958132014672,22.362444184323834,112.75277089283155,153.94935886393841,13.59544982138048,0.08952137738089147,25.793350879584747,0.3017583233949816,0.3509971558440412,92.4407577831106,49.3499820198587,94.67603102638834,54.24096665464486,32.52234233106154,1.8719539458652752,zaidvideos-3,7
107.69870782071126,158.07001110398673,22.35289196047773,112.24149371848488,153.65758495715306,13.383839368572993,0.10034542799475328,25.618657227614793,0.3007963304441067,0.35016456432736087,92.46660042073653,49.30970452973154,94.11519376949252,54.618149118033074,31.58458592365476,1.8798282739405086,zaidvideos-3,8
107.28962931016443,157.0976821122406,22.38203965587777,111.80241680214807,152.89314725426445,13.360762369033246,0.10957546220579535,25.46997125125732,0.29946975944298315,0.3499736035043896,92.42439759173168,49.2646983276326,93.48133141065638,55.0045291669704,31.064920093767622,1.8831555245296054,zaidvideos-3,9
106.86933971036366,156.0566364991075,22.447737275010272,111.43152901837617,151.68230485505615,13.515744742024143,0.117300036480841,25.345848079644973,0.297798864727736,0.35038862722547676,92.31792959979776,49.21522611978255,92.7785008999877,55.3995958244819,30.94011758709348,1.8821883130484627,zaidvideos-3,10
106.44905011056288,155.0155908859744,22.51343489414278,111.06064123460428,150.47146245584784,13.670727115015039,0.12502461075588667,25.221724908032627,0.2961279700124888,0.3508036509465639,92.21146160786384,49.1657539119325,92.07567038931903,55.79466248199339,30.815315080419335,1.8812211015673197,zaidvideos-3,11
105.84458086388246,154.08145987477099,22.693694991833606,110.92000412779637,149.2860271479553,14.057289502307565,0.12949886767087052,25.112147219229264,0.294358448129136,0.3515585255333352,91.9757033623314,49.1832957840958,91.26536200935618,56.21723995688019,30.926713696166345,1.8809888732664792,zaidvideos-3,12
105.15569594571554,153.196331389452,22.926462892196998,110.88489858126366,148.11223675691585,14.54999272948834,0.13248339579582602,25.00923621004668,0.29254372212706814,0.3524691651002117,91.68068708389961,49.231552442931886,90.40579293930017,56.652426556397344,31.146371159689718,1.8810935122566106,zaidvideos-3,13
104.4668110275486,152.311202904133,23.159230792560386,110.84979303473094,146.93844636587636,15.042695956669114,0.13546792392078155,24.9063252008641,0.29072899612500025,0.35337980466708824,91.38567080546784,49.279809101767974,89.54622386924416,57.0876131559145,31.36602862321309,1.881198151246742,zaidvideos-3,14
103.82456262531693,151.98103880557565,23.696067102211405,111.0719555653536,146.6618707750905,16.116045798147027,0.1355207630942233,24.799771931267923,0.28830435540600696,0.3547387090031725,91.09690967544802,49.391896385285975,88.94849306443157,57.486686650554645,31.873730983616777,1.8834446958834643,zaidvideos-3,15
103.19008697574112,151.74336877147857,24.283581480077032,111.33699610883549,146.5348309843469,17.286170075341133,0.13508498744241276,24.692611618269478,0.2857780622341927,0.35617232413412464,90.80919107016352,49.51462210625096,88.39440197049291,57.87974129438196,32.429440826833854,1.8860482247946184,zaidvideos-3,16
102.55524284163039,151.51795557296325,24.880268373254612,111.59590557974755,146.41846514362024,18.46834098650784,0.13451992662177997,24.58435324505436,0.28324141725090873,0.3576095526785767,90.51600687424032,49.63920824726479,87.84118540339048,58.26956213758373,32.98577186942599,1.8886419563002161,zaidvideos-3,17
101.90787023333235,151.70927478422735,25.788820787038624,111.64635858328474,146.66501360346916,20.060097452743012,0.12955917006119141,24.438760824472375,0.28035281067765117,0.35916963728202483,90.03699259660108,49.82704866993915,87.31770274872082,58.54943375951716,33.56322369077015,1.8909025760168947,zaidvideos-3,18
101.2604976250343,151.90059399549145,26.69737320082264,111.69681158682192,146.9115620633181,21.65185391897819,0.12459841350060284,24.29316840389039,0.27746420410439365,0.360729721885473,89.55797831896184,50.014889092613515,86.79422009405114,58.82930538145059,34.14067551211431,1.893163195733573,zaidvideos-3,19
100.54864498084663,152.28108390989524,27.664639766895014,111.62716254487479,147.28096333840332,23.26892010156552,0.11949801182672116,24.129326765819318,0.27447667601647596,0.3623011779229338,89.03737035122268,50.225243493531764,86.24525949609854,59.108040681035625,34.69927487839098,1.895853277033146,zaidvideos-3,20
99.57887219310045,153.4182566368577,28.866762942120832,111.07710532099037,148.14177587443376,24.987225149561475,0.11383902969966707,23.892488257791882,0.27109346186991773,0.36391811969644533,88.35038762308376,50.525653807425584,85.59438712501415,59.38223069122711,35.18246442439763,1.9002612046642973,zaidvideos-3,21
98.60909940535427,154.5554293638202,30.068886117346654,110.52704809710593,149.0025884104642,26.705530197557433,0.10818004757261296,23.655649749764443,0.2677102477233595,0.3655350614699569,87.66340489494483,50.826064121319405,84.94351475392976,59.65642070141858,35.66565397040428,1.9046691322954483,zaidvideos-3,22
97.52071926781704,155.8979110738427,31.358487208017237,109.73244974120068,150.2512073658379,28.375640436630064,0.10093049021632824,23.39844241674845,0.26411156974825983,0.3677113126348535,86.95697381808677,51.14999018054981,84.28754194429423,59.92275245348043,35.71253901265783,1.910260100553282,zaidvideos-3,23
96.2316189998642,157.58783875519748,32.796127847902035,108.52401254649098,152.1561141077924,29.964190229832447,0.09098919016442257,23.106764764521053,0.2601482606787054,0.3708340873851712,86.2176301510886,51.51371211650364,83.62293762326448,60.175785614861354,35.02106258702152,1.9178531375639623,zaidvideos-3,24
94.94251873191133,159.27776643655227,34.23376848778684,107.31557535178128,154.06102084974697,31.552740023034836,0.08104789011251683,22.815087112293654,0.25618495160915095,0.37395686213548884,85.47828648409043,51.87743405245748,82.95833330223472,60.428818776242274,34.329586161385194,1.9254461745746427,zaidvideos-3,25
93.52895807442336,161.0060489019507,35.79288762235052,105.80375214282421,155.83378656744966,33.27894858351279,0.0708752931233134,22.474983910484813,0.25157267747890666,0.37683530064840814,84.78944337998344,52.20499033421033,82.39139103270197,60.66058515502316,33.56226962108092,1.9318495057643659,zaidvideos-3,26
92.01058866785317,162.7666301328595,37.45430443664378,104.03644597450094,157.4952756331508,35.12108031643335,0.06050791976585922,22.094101298502128,0.2464139064554499,0.379507982329834,84.14312706567952,52.50209132821498,81.90669049074566,60.874442664246125,32.73108772105627,1.9372509794206512,zaidvideos-3,27
90.49221926128298,164.52721136376832,39.11572125093706,102.26913980617763,159.15676469885196,36.963212049353906,0.050140546408404985,21.713218686519436,0.2412551354319931,0.38218066401125994,83.49681075137559,52.79919232221964,81.42198994878935,61.08830017346909,31.89990582103161,1.9426524530769365,zaidvideos-3,28
88.84191642794448,166.1836323642659,40.88933629992225,99.66074651477179,160.80916713829285,38.5583157678232,0.04129027447472558,21.278114749198966,0.2358863792923248,0.3854886512469509,82.74823282788884,53.02363030673585,80.84835414038777,61.19672215754909,30.937923531235874,1.946383575115659,zaidvideos-3,29
87.13884022389865,167.798389272599,42.70783064278421,96.71591837413291,162.45793492722964,40.054608280512,0.03304684311055609,20.821322281743385,0.2304336291061719,0.38905076070434796,81.95875026072896,53.21900308745669,80.2391442254081,61.26296993157191,29.923621085531714,1.9494465565073567,zaidvideos-3,30
85.43576401985281,169.4131461809321,44.526324985646184,93.77109023349402,164.10670271616647,41.5509007932008,0.024803411746386558,20.3645298142878,0.22498087892001897,0.392612870161745,81.16926769356908,53.41437586817753,79.62993431042842,61.32921770559473,28.909318639827543,1.9525095378990542,zaidvideos-3,31
83.54676543906113,170.201383882788,46.41895816620224,90.56110258792931,165.36912293886684,43.13610193993969,0.024856848423099657,19.947548656312094,0.2180620488822926,0.39692978867630946,80.57887667872662,53.55457074609233,79.10815205217537,61.358555041291105,28.027329140228357,1.9529854612104285,zaidvideos-3,32
81.63377687417322,170.88297394509848,48.32115764839623,87.31690081269676,166.58169186269802,44.7327751684915,0.02598084871799114,19.535704441495085,0.21095404725081482,0.40134410190792774,80.01417489644123,53.68764589461281,78.59765078188704,61.38312973978407,27.162412278836264,1.9531275705759548,zaidvideos-3,33
79.74841930558641,171.48553759483644,50.241525457368866,84.12258754379367,167.60729214313886,46.340501041994166,0.02749390757603738,19.12337369273937,0.20376194019049404,0.40581145980450084,79.46435623651729,53.810540678188204,78.10697676535041,61.39393313667213,26.298878747996486,1.953069190476612,zaidvideos-3,34
78.31897317596801,170.7841654371281,52.46167065818897,81.75143462932684,165.54790980763934,48.130595557185806,0.03542643272613685,18.703015133995088,0.19518209355426425,0.41115405467282756,79.16010909555702,53.765459440169906,77.9434524357168,61.17751005707936,25.45817017127002,1.9497027342069293,zaidvideos-3,35
76.88952704634961,170.08279327941977,54.68181585900908,79.38028171486,163.48852747213982,49.92069007237745,0.04335895787623634,18.282656575250805,0.18660224691803443,0.41649664954115434,78.85586195459676,53.72037820215161,77.77992810608316,60.96108697748658,24.61746159454355,1.9463362779372466,zaidvideos-3,36
75.51025833169388,169.35518309636575,56.93573753282251,77.22445077079111,161.2209138231357,51.74039236362516,0.05451130105203802,17.85193972570297,0.1776215800064988,0.4214682559146372,78.64272415497824,53.62259327151937,77.66674338179354,60.7592590293334,24.01682666868573,1.9422053225477622,zaidvideos-3,37
74.30033839253711,168.53901957776998,59.303654802988355,75.79533147681524,158.25051949105364,53.66002089906212,0.07653053006458438,17.38626364469316,0.16728814466580624,0.425187776118022,78.7370803823881,53.34693337831511,77.72345482553993,60.606689649788834,24.22644031450961,1.935494182628947,zaidvideos-3,38
73.09041845338035,167.7228560591742,61.6715720731542,74.36621218283938,155.28012515897154,55.579649434499075,0.09854975907713073,16.920587563683352,0.15695470932511366,0.42890729632140684,78.83143660979795,53.07127348511084,77.78016626928633,60.454120270244275,24.43605396033349,1.9287830427101316,zaidvideos-3,39
71.94541932890279,166.8560164173649,63.998338838158375,72.98342062161456,152.53987416811583,57.39044774765939,0.1266835997101528,16.40218925109218,0.14674496001378673,0.431696944065901,79.04554307327226,52.672813266711906,78.02428301395771,60.18688907174021,24.64566760615737,1.9220719027913162,zaidvideos-3,40
70.89780142644402,165.91316259073534,66.26337984541999,71.6701206595163,150.14483818909963,59.03800072740472,0.16398935777388812,15.804707591128981,0.13672073974650842,0.4330917831220591,79.43927489084324,52.090152560520984,78.54950771001658,59.74766514479688,24.85528125198125,1.915360762872501,zaidvideos-3,41
69.85018352398527,164.97030876410577,68.52842085268162,70.35682069741806,147.74980221008343,60.685553707150056,0.20129511583762344,15.20722593116578,0.1266965194792301,0.4344866221782172,79.83300670841422,51.50749185433006,79.07473240607544,59.308441217853556,25.06489489780513,1.9086496229536858,zaidvideos-3,42
68.814229400593,163.5625184245055,70.77260347365748,69.45597499818048,145.9002362559159,62.422536159200234,0.24134552389859368,14.601177772718149,0.11907466629028143,0.4344197779151952,80.60408143602544,50.75532610731606,80.19863492250252,58.39393883162304,25.274508543629008,1.9019384830348705,zaidvideos-3,43
67.78702311150064,161.80602570017717,73.00114230491899,68.86446999608842,144.4597728203849,64.22659071547905,0.2834544194574898,13.988704740407204,0.11325458841008004,0.43325667116278815,81.65816334616683,49.87603157968474,81.77154580420576,57.12297760092713,25.484122189452886,1.8952273431160551,zaidvideos-3,44
66.75981682240828,160.04953297584888,75.2296811361805,68.27296499399635,143.01930938485387,66.03064527175785,0.32556331501638586,13.376231708096258,0.10743451052987867,0.4320935644103811,82.71224525630824,48.996737052053426,83.34445668590898,55.852016370231226,25.693735835276765,1.8885162031972398,zaidvideos-3,45
66.15568195211142,159.05362119642703,77.504492211195,68.18739080641424,141.23244209262708,67.89958820996837,0.36338711995464906,12.612962796179254,0.10340464831337154,0.42950685913071485,84.2469289081264,47.789512578423874,85.4864093472848,54.0274219522161,25.903349481100648,1.8818050632784245,zaidvideos-3,46
65.69799488062839,158.3209874363959,79.79532060135475,68.27694651616251,139.3256657730825,69.79099251115524,0.3997276242934622,11.797495310552463,0.09999447613429707,0.42642736974545886,85.94797470129424,46.46877389271801,87.82533800931651,52.01118527705203,26.112963126924527,1.875093923359609,zaidvideos-3,47
65.24030780914535,157.5883536763648,82.08614899151449,68.36650222591078,137.41888945353796,71.6823968123421,0.43606812863227534,10.982027824925673,0.0965843039552226,0.4233478803602029,87.64902049446206,45.14803520701215,90.16426667134822,49.994948601887955,26.322576772748405,1.8683827834407936,zaidvideos-3,48
64.7143852788096,157.83756165231762,83.99223912732235,68.34829760627835,137.99057869652137,73.2876356511439,0.47492613408324824,10.081079336126358,0.09596632573383243,0.41819384197660714,90.06150774778669,43.47511912006801,92.6948381401552,47.753967768378644,26.532190418572284,1.8616716435219782,zaidvideos-3,49
64.18206567420638,158.17881729101893,85.86226005178473,68.31999045576649,138.7946240859918,74.8660464778471,0.5140201552634864,9.172117003279608,0.09561011569597518,0.4128453146244169,92.54069263800106,41.769186401757764,95.24337612209737,45.49191717002443,26.741804064396167,1.854960503603163,zaidvideos-3,50
63.64976885066417,158.56193468549264,87.71241331177333,68.3693440793447,139.59978159235558,76.50546224380251,0.5538975780818045,8.256632512187766,0.09564413651788486,0.4072660391176673,95.11526669737948,40.01190607868797,97.9703583708927,43.13239696312665,26.951417710220046,1.8482493636843476,zaidvideos-3,51
63.117715025105795,159.3915774748719,89.35064481737501,69.24707929321704,140.416801678915,78.79559736178153,0.6021312850396439,7.271578333148175,0.09984061984397512,0.3992254499622825,98.70732522784152,37.70691797151625,102.60074613278842,39.73320093176389,27.161031356043924,1.8415382237655322,zaidvideos-3,52
62.585661199547424,160.22122026425114,90.98887632297671,70.1248145070894,141.23382176547437,81.08573247976055,0.6503649919974832,6.286524154108584,0.10403710317006537,0.3911848608068977,102.29938375830358,35.401929864344524,107.23113389468413,36.33400490040113,27.370645001867807,1.834827083846717,zaidvideos-3,53
62.14418671882815,160.9587470224855,92.62536333907055,71.20278160001726,141.70938657253234,83.29891271038815,0.6968959854980004,5.3499432453296825,0.10815830936004345,0.3839667708544047,105.9553522081837,33.10545500681978,111.71562013126167,33.04332281404126,27.58025864769169,1.8281159439279018,zaidvideos-3,54
61.96438590097742,161.43016080185694,94.25681071880837,72.85919634354994,141.19852501658607,85.28977882200057,0.7385080290106975,4.553396228414998,0.11206204826791963,0.3791247897102662,109.7959493141605,30.833573981608538,115.77861307247555,30.066125457689733,27.789872293515565,1.8214048040090864,zaidvideos-3,55
61.78458508312668,161.90157458122837,95.88825809854622,74.51561108708265,140.6876634606398,87.280644933613,0.780120072523395,3.756849211500306,0.11596578717579585,0.37428280856612767,113.63654642013735,28.561692956397273,119.84160601368949,27.088928101338173,27.999485939339444,1.814693664090271,zaidvideos-3,56
61.827812827593874,162.80583067013234,97.3703077768223,76.42901088574791,139.63030557688242,89.21313298123715,0.8246542511954367,3.0017518330745743,0.11859943152454427,0.36943856269090736,117.80414382805553,26.179909889478026,123.77155590590897,24.41425723749654,28.209099585163322,1.8079825241714558,zaidvideos-3,57
62.16841198848498,164.28720983841302,98.65316051981607,78.68505742458994,137.8442859227102,91.06778361021028,0.8730846100799377,2.3019206393007785,0.11953961646112235,0.36459129717424477,122.4077416385622,23.65159076694811,127.52411506613592,22.142955030334758,28.418713230987205,1.8012713842526404,zaidvideos-3,58
62.50901114937609,165.7685890066937,99.93601326280984,80.94110396343197,136.05826626853803,92.9224342391834,0.9215149689644387,1.6020894455269825,0.12047980139770044,0.3597440316575822,127.01133944906888,21.123271644418192,131.27667422636287,19.871652823172976,28.628326876811087,1.794560244333825,zaidvideos-3,59
63.031387049382346,167.09167558203646,101.00397915389813,83.31840890199337,135.50664978628797,94.64673733068963,0.9728999107272622,1.0081279520180575,0.11972433101885631,0.35473798655390437,131.48011805760606,18.760659635428045,135.11769307961237,17.929007906218715,28.837940522634966,1.78784910441501,zaidvideos-3,60
63.67494744213203,168.30923376208727,101.9286871437161,85.77655277370101,135.77796875198604,96.2841420638846,1.0262545744089675,0.48474625868571364,0.11783842376306405,0.3496260883922165,135.85901719816357,16.508519035464413,139.01768506154355,16.205467849402805,29.047554168458845,1.7811379644961947,zaidvideos-3,61
64.31850783488171,169.52679194213812,102.8533951335341,88.23469664540869,136.04928771768408,97.92154679707959,1.0796092380906732,-0.038635434646635325,0.11595251650727176,0.34451419023052854,140.2379163387211,14.256378435500757,142.91767704347475,14.481927792586877,29.257167814282727,1.7744268245773793,zaidvideos-3,62
65.80665103728207,169.59564529665647,103.84422099157665,91.03527439086757,136.26653725260232,99.78909295969694,1.1305937851812273,-0.3993170610679365,0.11215928668524759,0.34304083175973793,144.08509797626,12.34069179663259,146.90116912821514,12.883608007614297,29.466781460106606,1.767715684658564,zaidvideos-3,63
67.54504099809742,169.32414166583186,104.85463732909318,93.93731402484534,136.46776621543762,101.72482917547649,1.1808760755040328,-0.711791260256337,0.10780092425100656,0.3426455591232872,147.77473368697855,10.524695220311227,150.90940198415828,11.32239052541011,29.676395105930485,1.7610045447397487,zaidvideos-3,64
69.28343095891279,169.05263803500728,105.8650536666097,96.8393536588231,136.66899517827292,103.66056539125604,1.2311583658268384,-1.0242654594447373,0.10344256181676552,0.34225028648683653,151.46436939769708,8.708698643989864,154.9176348401014,9.761173043205922,29.886008751754364,1.7542934048209333,zaidvideos-3,65
73.43230294104612,168.1238307247073,107.7477486565334,100.16128683844272,136.67032921272377,105.63265822827915,1.2696302640433124,-1.1795806193368588,0.09615225576642562,0.3421124587859378,154.11554625690468,7.623302001931586,157.026453635564,9.102256987288818,30.095622397578243,1.7475822649021182,zaidvideos-3,66
77.72726474265332,167.15518682777244,109.6833090193303,103.50866811173765,136.6595484030301,107.60695449689281,1.3073863809200088,-1.3253709889686007,0.08868425616359481,0.34199023380840593,156.70378621602075,6.582184143768032,159.0201564273611,8.498025866298201,30.305236043402125,1.7408711249833029,zaidvideos-3,67
82.20988395563133,166.3899072604897,111.64843150468869,107.10885594836523,136.9002255332138,109.65505807363964,1.3449687184922896,-1.4781653542605662,0.08168051604374633,0.34119244820552747,159.2521681895805,5.566978780015044,161.0608941238162,7.883281284260077,30.514849689226004,1.7341599850644875,zaidvideos-3,68
88.14684810673342,167.20070124801094,113.84266043989886,112.66829465082108,139.08970169744705,112.27516828841864,1.381204266455352,-1.6852406859192732,0.07827478691701038,0.33515906775621324,161.49165077507902,4.752595247943862,163.46615233137115,7.187057379103738,30.724463335049883,1.7274488451456722,zaidvideos-3,69
94.08381225783549,168.0114952355322,116.03688937510904,118.22773335327693,141.2791778616803,114.89527850319766,1.4174398144184148,-1.89231601757798,0.07486905779027443,0.32912568730689906,163.7311333605776,3.93821171587268,165.87141053892606,6.490833473947399,30.934076980873765,1.7207377052268569,zaidvideos-3,70
100.26078888559303,168.20220076358268,118.10778072466107,123.87560156433332,143.03563345507132,117.3582458619094,1.4495302324852017,-2.147262421217586,0.07208089143480924,0.3225931506389177,165.67823053521315,3.2599480729689057,168.11945879500024,5.78116732626158,31.143690626697644,1.7140265653080415,zaidvideos-3,71
107.0377967049892,166.84268514295627,119.87032811006772,129.74454354689107,143.70953762135676,119.42835608045296,1.4712578258112996,-2.521886504809441,0.07083663200752095,0.3148127234242683,166.89436418269116,2.921984152983654,169.97448217237257,5.037895572252061,31.353304272521527,1.7073154253892264,zaidvideos-3,72
113.81480452438545,165.48316952232983,121.6328754954744,135.6134855294489,144.38344178764223,121.49846629899655,1.492985419137398,-2.8965105884013003,0.06959237258023265,0.30703229620961886,168.1104978301692,2.5840202329983986,171.8295055497449,4.294623818242535,31.56291791834541,1.7006042854704109,zaidvideos-3,73
120.55592922021933,164.21993459259969,123.41701793139438,141.28078667675865,144.74807508698933,123.4395407511764,1.509657257502083,-3.2503978946027083,0.06982420945738459,0.3001064174303991,169.1157318979764,2.323613442305504,173.17202059827534,3.6705881635682633,31.772531564169288,1.6938931455515958,zaidvideos-3,74
127.25444270682294,163.07103298330892,125.22680448979897,146.7086393322115,144.74544923184715,125.22738523079933,1.5203253868500903,-3.579660277652961,0.07180891069605927,0.294195314918252,169.87052271492445,2.155305742647283,173.90593200630605,3.1881453768545978,31.982145209993167,1.6871820056327804,zaidvideos-3,75
133.9529561934266,161.92213137401816,127.03659104820353,152.13649198766433,144.742823376705,127.01522971042226,1.5309935161980979,-3.908922660703214,0.07379361193473395,0.28828421240610486,170.62531353187248,1.986998042989062,174.63984341433675,2.7057025901409317,32.19175885581704,1.680470865713965,zaidvideos-3,76
139.97916522719376,160.41633511555858,128.505286116429,157.20691112666023,144.32864193890308,128.5520227029375,1.537662513367533,-4.249465056645378,0.07733251341816773,0.27963827412680353,171.2743803301776,1.8367891057784462,175.0767288635651,2.398136647366761,32.40137250164092,1.67375972579515,zaidvideos-3,77
145.60810344792122,158.69964656440834,129.77242712227593,162.06611955138612,143.67126856589312,129.9404670894346,1.5419683869769027,-4.596672914750945,0.08178980595532277,0.26937629653054734,171.8609738447391,1.6972748918323246,175.33809897350116,2.1939070214659293,32.6109861474648,1.6670485858763346,zaidvideos-3,78
151.23704166864871,156.98295801325807,131.03956812812285,166.92532797611207,143.01389519288315,131.3289114759317,1.5462742605862727,-4.943880772856516,0.08624709849247786,0.2591143189342911,172.44756735930065,1.5577606778862017,175.59946908343719,1.9896773955650955,32.820599793288686,1.660337445957519,zaidvideos-3,79
155.32845340503928,154.85846929117216,131.50588788138685,170.45618791835014,143.501426885695,131.94137099897273,1.5427376162450268,-5.274352145014846,0.09162117089566597,0.2521197479548925,172.85697122452902,1.3971705914032357,175.73316939632485,1.8358403460121344,33.030213439112565,1.6536263060387038,zaidvideos-3,80
159.03548352034562,152.63203052635234,131.77200232150514,173.65496073996624,144.2751848449623,132.35983430614974,1.5372403424161274,-5.6006393956863665,0.09722443826536234,0.24594202862970824,173.2220776774241,1.2313115367860588,175.83495225995043,1.6946014405461407,33.239827084936444,1.6469151661198884,zaidvideos-3,81
162.74251363565196,150.4055917615325,132.03811676162343,176.85373356158235,145.04894280422957,132.77829761332674,1.5317430685872278,-5.926926646357888,0.1028277056350587,0.239764309304524,173.58718413031917,1.065452482168882,175.936735123576,1.5533625350801472,33.44944073076032,1.640204026201073,zaidvideos-3,82
164.62170818215773,148.25650093350274,131.8519744054467,177.53714732312113,144.1149813954001,132.55610618239567,1.5178739709269615,-6.11349615609804,0.10531885546255089,0.23882287925277115,173.8502606158792,0.9224189517041596,175.69421000885833,1.3172625629848782,33.55767063951123,1.6417766335813522,zaidvideos-3,83
166.4471428589929,146.10968504479035,131.6525303787907,178.14657993583413,143.1307929463325,132.31507196504964,1.503758643154008,-6.295956320516681,0.1077184724211547,0.23803545770906037,174.11033622004703,0.7800567601850976,175.4415581888953,1.07837255951816,33.66291867364234,1.6435928805880755,zaidvideos-3,84
168.0892893834277,144.20490929590795,131.50476391338992,178.6312522003501,142.27800253622067,132.1078500657814,1.4898920735879597,-6.445398877283829,0.10982133444112041,0.23762095820609327,174.33726739972653,0.6577507492736359,175.16069707850917,0.8706888206129392,33.75659397797079,1.6464362880694707,zaidvideos-3,85
168.63170699346034,143.75237438600573,131.66706281552035,178.36736237568385,142.2136003598438,132.10350207498004,1.4775180532633454,-6.39673578814201,0.11014366682925729,0.239443990947588,174.36533203247623,0.6557818220077807,174.7105802255846,0.8502426690767145,33.78083290348326,1.655442658398898,zaidvideos-3,86
169.17412460349297,143.2998394761035,131.82936171765078,178.10347255101757,142.14919818346695,132.09915408417865,1.4651440329387309,-6.348072699000191,0.11046599921739418,0.24126702368908273,174.39339666522594,0.6538128947419255,174.26046337266,0.82979651754049,33.80507182899573,1.6644490287283253,zaidvideos-3,87
169.5571771835455,142.6987518013481,131.94530781286133,177.84648844540501,141.94775924364467,132.1180671210264,1.4542423703933076,-6.288101934902743,0.11048394193540623,0.2429124404388674,174.41054031273188,0.6628558896115113,173.83636621903452,0.8177301969712722,33.85962144209567,1.6741970045574963,zaidvideos-3,88
169.59252424364144,141.77354900327666,131.9601205111557,177.60457136318232,141.44733100175964,132.18773149092672,1.446553124820665,-6.203459879993013,0.10983776173678227,0.2441703313885574,174.40385635606967,0.6959248964129684,173.46903931842516,0.823947143966433,33.980303464477394,1.685563028749745,zaidvideos-3,89
169.62787130373738,140.84834620520525,131.97493320945009,177.3626542809596,140.9469027598746,132.25739586082707,1.4388638792480224,-6.1188178250832825,0.10919158153815832,0.24542822233824738,174.39717239940745,0.7289939032144255,173.1017124178158,0.8301640909615937,34.100985486859116,1.6969290529419934,zaidvideos-3,90
169.6401703456439,140.3276468895846,132.1174986564832,177.0522637358138,140.8870667235463,132.3518552493107,1.4323527450065692,-6.010068266886661,0.10829812997626725,0.2470794090101172,174.39979729403746,0.7740676382754215,172.7807287201966,0.8213251060290333,34.17298034964361,1.705081144792779,zaidvideos-3,91
169.62806560358518,140.2352453789118,132.39533171982796,176.66937187698474,141.29374008133692,132.47256818688243,1.4270890227628463,-5.8757931169745055,0.10714286167679922,0.2491470264466481,174.41227861944748,0.8318522620818123,172.50881429633174,0.7965445461141794,34.19342410226635,1.7098302494584858,zaidvideos-3,92
169.61596086152647,140.142843868239,132.67316478317272,176.2864800181557,141.70041343912752,132.5932811244542,1.4218253005191233,-5.741517967062353,0.10598759337733123,0.25121464388317893,174.42475994485747,0.889636885888202,172.23689987246686,0.7717639861993258,34.21386785488908,1.7145793541241925,zaidvideos-3,93
169.40692781870473,140.85410739681302,132.8239659098627,176.04387054821964,141.3272753680921,132.66662954387678,1.4184601779083494,-5.641686584333177,0.10501695354823201,0.25215668500998845,174.43346563899854,0.943750848861554,172.0455895972475,0.7267456487991181,34.19646189285264,1.72283819428622,zaidvideos-3,94
169.09514957548487,141.9846744241245,132.90848950438496,175.87445188987996,140.54727916027787,132.71526604078673,1.4160856290191144,-5.559825862742948,0.10414264161671655,0.2525114689317258,174.4402014385645,0.9959496844437553,171.8963336604519,0.6711684709717689,34.1593082536027,1.732928200794154,zaidvideos-3,95
168.78337133226503,143.115241451436,132.99301309890723,175.70503323154028,139.76728295246366,132.76390253769668,1.4137110801298791,-5.477965141152722,0.10326832968520111,0.25286625285346326,174.44693723813043,1.0481485200259555,171.74707772365628,0.6155912931444207,34.12215461435277,1.743018207302088,zaidvideos-3,96
168.62980026691045,142.87350370417016,133.09514852273827,175.5420598009723,139.3666528552373,132.85349425783804,1.4149532254666355,-5.395452992073026,0.10273023371885101,0.25249585445417466,174.39116032437872,1.1459660054518417,171.6050730729388,0.6095700412537718,34.1507086597701,1.7487593788662388,zaidvideos-3,97
168.50896172111416,142.34784083112973,133.2009277733229,175.38041986580538,139.0445122981326,132.9515594724411,1.4169436523673897,-5.3128060648920625,0.10226169967632824,0.2519754183332945,174.32244974580266,1.2532218322246949,171.46456868830649,0.6138017395569231,34.19285739856687,1.753600791476503,zaidvideos-3,98
168.3881231753179,141.82217795808927,133.30670702390748,175.21877993063845,138.72237174102784,133.04962468704412,1.4189340792681442,-5.230159137711097,0.10179316563380546,0.25145498221241436,174.2537391672266,1.3604776589975505,171.32406430367413,0.6180334378600744,34.23500613736364,1.7584422040867675,zaidvideos-3,99
86.74585074933286,164.12712182449175,31.747262024546234,103.79916571322862,153.34247101844878,29.775289823639724,0.011044569297352721,25.659313068689386,0.2462800795585163,0.3737753929454463,79.83792551185338,53.585329564136885,83.5889706065564,58.0268645903887,,,zaidvideos-4,0
86.10621946089935,164.839776569151,32.332483583184576,103.06624914018627,153.29122936142625,30.26252616449958,0.009133752532877338,25.43188849182136,0.24508674161946506,0.3742479808272505,79.52076137653938,53.68671515568881,82.995607793611,58.195629529196594,,,zaidvideos-4,1
85.46658817246586,165.5524313138103,32.91770514182292,102.33333256714393,153.23998770440372,30.74976250535944,0.007222935768401953,25.204463914953333,0.24389340368041382,0.3747205687090547,79.20359724122537,53.78810074724073,82.4022449806656,58.3643944680045,,,zaidvideos-4,2
84.82695688403236,166.26508605846956,33.502926700461266,101.60041599410158,153.1887460473812,31.236998846219294,0.005312119003926569,24.97703933808531,0.2427000657413626,0.3751931565908589,78.88643310591137,53.889486338792665,81.8088821677202,58.533159406812395,,,zaidvideos-4,3
84.1348541022745,166.8371091040079,34.10902055885559,100.84208594304546,153.06107728675448,31.776490423082027,0.003493964429552426,24.760784539159342,0.24143116354601224,0.37582713440327026,78.60820333193485,53.97571391625002,81.30447304952064,58.666602027568565,,,zaidvideos-4,4
83.33780833386791,167.1278687513044,34.75685901676188,100.03292893596179,152.78055431891943,32.42049247195051,0.0018611342353807665,24.566869296117492,0.2400111328380637,0.376783892076896,78.40784228063335,54.031625465518246,80.97797132081276,58.72940001222127,,,zaidvideos-4,5
82.54076256546134,167.4186283986009,35.404697474668176,99.22377192887814,152.5000313510844,33.064494520819,0.00022830404120910723,24.37295405307564,0.2385911021301151,0.3777406497505217,78.20748122933183,54.08753701478647,80.65146959210486,58.79219799687397,,,zaidvideos-4,6
81.74371679705474,167.70938804589738,36.052535932574465,98.41461492179447,152.21950838324935,33.70849656968748,-0.001404526152962553,24.17903881003379,0.23717107142216656,0.3786974074241474,78.00712017803033,54.143448564054694,80.32496786339698,58.85499598152668,,,zaidvideos-4,7
80.64031816212506,168.35262454908977,37.12997657561541,97.05226505208756,152.4989697388116,34.75345176672362,-0.003994698675133807,23.863989357997376,0.23413308623802553,0.3802442898474612,77.70085585791429,54.219317004525344,79.69055854160538,59.002963916790236,,,zaidvideos-4,8
79.3837430939338,169.17209948023012,38.42221831122367,95.41331875106904,153.05842325607253,35.99888353784359,-0.007063542361304857,23.488372801463676,0.23028612381578828,0.3820862346456191,77.34163990339101,54.30516389059721,78.90219542327193,59.193516827359225,,,zaidvideos-4,9
78.12716802574255,169.99157441137046,39.714460046831945,93.7743724500505,153.61787677333342,37.244315308963564,-0.010132386047475912,23.112756244929976,0.22643916139355103,0.3839281794437769,76.98242394886772,54.39101077666906,78.11383230493848,59.38406973792821,,,zaidvideos-4,10
76.8705929575513,170.8110493425108,41.00670178244022,92.13542614903199,154.17733029059434,38.48974708008353,-0.013201229733646968,22.737139688396276,0.22259219897131377,0.38577012424193474,76.62320799434443,54.476857662740926,77.32546918660503,59.5746226484972,,,zaidvideos-4,11
75.97076604522331,171.69697698217544,42.75593123146868,90.294953052696,155.30818301135687,39.943618645943126,-0.014291221664725674,22.310165736775552,0.2178313910421637,0.38887014135367715,76.53818882908153,54.51254936224873,77.21214428321869,59.497790218146264,,,zaidvideos-4,12
75.07093913289533,172.58290462184007,44.505160680497134,88.45447995636002,156.4390357321194,41.397490211802726,-0.01538121359580438,21.883191785154832,0.21307058311301366,0.39197015846541955,76.45316966381866,54.54824106175653,77.09881937983234,59.420957787795324,,,zaidvideos-4,13
74.17111222056737,173.46883226150473,46.254390129525596,86.61400686002403,157.56988845288194,42.851361777662326,-0.016471205526883085,21.456217833534108,0.2083097751838636,0.3950701755771619,76.36815049855576,54.58393276126433,76.985494476446,59.34412535744439,,,zaidvideos-4,14
73.34066945209489,174.0349975750848,48.08526873955022,84.92810883499367,158.3572401801822,44.322154736173005,-0.01646807879633711,21.03856027918815,0.20340508632680235,0.39866281829143035,76.31676152157567,54.56593124971265,76.91680111102383,59.28523511978935,,,zaidvideos-4,15
72.64899497133341,173.96163823649567,50.079445671567186,83.55136095257456,158.45758992055795,45.82679047998583,-0.014278714742541773,20.639535519391725,0.19821263561391878,0.4032407122107508,76.33263292116118,54.44054331604201,76.93737082153004,59.26222926752611,,,zaidvideos-4,16
71.95732049057195,173.88827889790656,52.07362260358414,82.17461307015543,158.5579396609337,47.331426223798665,-0.012089350688746434,20.2405107595953,0.1930201849010352,0.4078186061300713,76.34850432074667,54.315155382371366,76.95794053203625,59.23922341526287,,,zaidvideos-4,17
71.26564600981047,173.81491955931745,54.067799535601104,80.7978651877363,158.65828940130945,48.8360619676115,-0.009899986634951096,19.841485999798874,0.18782773418815163,0.41239650004939177,76.36437572033218,54.18976744870073,76.97851024254246,59.21621756299963,,,zaidvideos-4,18
70.79434588155706,173.4492485732622,56.15592605782265,79.72635337511095,158.20859672888005,50.55055141397987,-0.004296241262514307,19.460886614090235,0.18214581831849608,0.41679982159480455,76.59393899413519,53.94356192249558,77.31674804027769,59.05205160762561,,,zaidvideos-4,19
70.43323292955769,172.93742176347388,58.29102737514648,78.80745959738249,157.4838828500481,52.369967711626,0.003014694769243197,19.08949991542549,0.1762191698704546,0.42111585695326353,76.93034820504697,53.63694760002319,77.81381988162742,58.8173056006962,,,zaidvideos-4,20
70.07211997755833,172.42559495368556,60.42612869247031,77.88856581965403,156.75916897121616,54.18938400927214,0.0103256308010007,18.718113216760745,0.17029252142241313,0.42543189231172246,77.26675741595875,53.33033327755079,78.31089172297717,58.58255959376679,,,zaidvideos-4,21
69.71100702555896,171.91376814389724,62.561230009794144,76.96967204192556,156.0344550923842,56.00880030691828,0.017636566832758226,18.346726518096,0.16436587297437164,0.42974792767018144,77.60316662687053,53.0237189550784,78.80796356432691,58.347813586837376,,,zaidvideos-4,22
69.65699452497756,171.21218979102304,64.80937232161492,76.24659517127887,155.7347494951623,57.79887480111457,0.031040447135722883,17.94205077603818,0.1577117004849765,0.432725607813218,78.17295947752453,52.55084785960035,79.63003406648275,57.970714612231546,,,zaidvideos-4,23
69.60298202439616,170.51061143814886,67.05751463343569,75.52351830063216,155.4350438979404,59.588949295310854,0.044444327438687536,17.537375033980357,0.1510575279955814,0.43570328795625457,78.74275232817853,52.077976764122305,80.45210456863857,57.59361563762571,,,zaidvideos-4,24
69.54896952381476,169.80903308527465,69.30565694525646,74.80044142998547,155.1353383007185,61.379023789507144,0.0578482077416522,17.13269929192254,0.14440335550618627,0.4386809680992911,79.31254517883252,51.605105668644256,81.27417507079441,57.21651666301988,,,zaidvideos-4,25
69.49984697905528,169.03678813665107,71.51248771216326,74.33819079473622,154.5297504688443,63.16643627256213,0.07456940124151654,16.7066340500846,0.13821463544408522,0.4410702233877976,79.97762400933169,51.09912331829957,82.20290946375269,56.75428641071031,,,zaidvideos-4,26
69.46050434593961,168.12320999652874,73.63669538924218,74.39759263028188,153.3123981676655,64.94852473333451,0.0979252211351804,16.237789808686415,0.13295682023657227,0.442282628967244,80.83327479952123,50.526918458221616,83.34497163831585,56.12179360299325,,,zaidvideos-4,27
69.42116171282396,167.20963185640645,75.76090306632108,74.45699446582753,152.09504586648666,66.73061319410688,0.12128104102884421,15.768945567288235,0.12769900502905934,0.4434950345466905,81.68892558971078,49.95471359814366,84.48703381287902,55.4893007952762,,,zaidvideos-4,28
69.3818190797083,166.29605371628412,77.88511074339998,74.51639630137319,150.87769356530785,68.51270165487927,0.144636860922508,15.300101325890054,0.12244118982154639,0.4447074401261369,82.5445763799003,49.3825087380657,85.62909598744218,54.856807987559144,,,zaidvideos-4,29
69.41012196006707,165.13313167505436,79.80903425484333,74.75847971321045,148.76663899532005,70.20263233889392,0.169364216953699,14.758040404563403,0.11907679494161597,0.44412210114111095,83.61371011390149,48.645810639539945,87.31545812588796,53.69476511577921,,,zaidvideos-4,30
69.47224759716308,163.84553768327086,81.63281568346888,75.09190391319352,146.20873329092777,71.84648413452972,0.19477734105365335,14.179371143272517,0.11665911022547683,0.44263788987384883,84.78958531980848,47.82686592179028,89.27397024627503,52.267947211967844,,,zaidvideos-4,31
69.53437323425908,162.5579436914874,83.45659711209446,75.42532811317658,143.65082758653548,73.49033593016553,0.22019046515360788,13.60070188198163,0.11424142550933768,0.44115367860658666,85.96546052571547,47.00792120404061,91.2324823666621,50.84112930815647,,,zaidvideos-4,32
69.59649887135508,161.2703496997039,85.28037854072002,75.75875231315965,141.09292188214317,75.13418772580133,0.2456035892535624,13.02203262069074,0.11182374079319853,0.43966946733932455,87.14133573162248,46.18897648629095,93.19099448704917,49.41431140434509,,,zaidvideos-4,33
69.41493781479733,160.72838216332525,86.60343537636318,75.70422076088452,139.39762878057923,76.89646550486923,0.2802725044163195,12.36619163928575,0.11021161583484201,0.43433230393274525,88.78569716700096,45.1356451694517,95.39704244680551,47.65258601645165,,,zaidvideos-4,34
69.23337675823956,160.1864146269466,87.92649221200635,75.64968920860939,137.70233567901528,78.65874328393713,0.31494141957907684,11.710350657880756,0.10859949087648549,0.4289951405261659,90.43005860237946,44.082313852612444,97.60309040656188,45.8908606285582,,,zaidvideos-4,35
69.0518157016818,159.64444709056798,89.24954904764951,75.59515765633427,136.00704257745133,80.42102106300503,0.349610334741834,11.054509676475766,0.10698736591812899,0.4236579771195866,92.07442003775795,43.028982535773196,99.80913836631822,44.12913524066476,,,zaidvideos-4,36
68.82153680089745,159.28764464837357,90.53578420087797,75.62080227239224,134.7188472719665,82.01303458198346,0.3860332572066514,10.37911845580879,0.10618803723373349,0.41824244270812605,93.86620458702384,41.88837826616529,101.96089620606406,42.364909813276064,,,zaidvideos-4,37
68.49382221165988,159.30117239454768,91.74837598927698,75.80679922511644,134.24484755863992,83.26451958078293,0.42596419427558896,9.664626756617848,0.10701430109726005,0.4126701662869031,95.95283536406454,40.57322809102008,104.00407380578889,40.595684306896885,,,zaidvideos-4,38
68.1661076224223,159.31470014072175,92.96096777767599,75.99279617784062,133.7708478453133,84.5160045795824,0.4658951313445263,8.95013505742691,0.10784056496078662,0.40709788986568024,98.03946614110524,39.25807791587487,106.0472514055137,38.82645880051772,,,zaidvideos-4,39
67.83839303318473,159.32822788689586,94.173559566075,76.17879313056481,133.29684813198674,85.76748957838188,0.5058260684134639,8.235643358235968,0.1086668288243132,0.4015256134444573,100.12609691814593,37.94292774072966,108.09042900523853,37.05723329413854,,,zaidvideos-4,40
67.54018689783365,159.71014127441651,95.15923898750646,76.62164896268445,132.85967896139684,86.94033211211891,0.5488425294801912,7.520504001655804,0.1106936974230449,0.39620986684032744,102.7667965849754,36.42467568711662,110.6815216702059,35.0778758225813,,,zaidvideos-4,41
67.25673498942581,160.27624748261047,96.03146222545415,77.1929342345018,132.4409250621753,88.07385341332468,0.5934017525458131,6.805040816381031,0.11332086838937915,0.39102238514474413,105.68453069669923,34.80487269426967,113.54657186779453,32.993452368435044,,,zaidvideos-4,42
66.97328308101797,160.8423536908044,96.90368546340183,77.76421950631918,132.02217116295373,89.20737471453047,0.6379609756114353,6.089577631106254,0.11594803935571342,0.38583490344916077,108.60226480842307,33.185069701422705,116.41162206538318,30.909028914288776,,,zaidvideos-4,43
66.68983117261013,161.40845989899836,97.77590870134952,78.33550477813654,131.60341726373218,90.34089601573626,0.6825201986770575,5.374114445831476,0.1185752103220477,0.38064742175357746,111.51999892014692,31.565266708575745,119.27667226297183,28.824605460142504,,,zaidvideos-4,44
66.47698502272034,162.14039364748504,98.37093512514889,79.24803045360875,132.49614395367846,91.43755835750164,0.7301390252131428,4.729950284517017,0.12124859194532099,0.3737992132952591,114.71377161348789,29.77641599236705,122.4840857284286,26.81304176830058,,,zaidvideos-4,45
66.26413887283056,162.8723273959717,98.96596154894826,80.16055612908096,133.3888706436247,92.53422069926702,0.7777578517492284,4.085786123202553,0.12392197356859432,0.3669510048369407,117.90754430682888,27.987565276158342,125.69149919388538,24.801478076458643,,,zaidvideos-4,46
66.05129272294077,163.60426114445838,99.56098797274761,81.07308180455315,134.28159733357097,93.63088304103239,0.8253766782853138,3.4416219618880923,0.12659535519186763,0.36010279637862236,121.10131700016986,26.19871455994965,128.89891265934213,22.789914384616722,,,zaidvideos-4,47
65.85530775566606,164.36555675388158,100.20493193024146,82.02834458430696,135.35393542342638,94.68073998308407,0.8742956532855515,2.8762921877788474,0.12798565112000834,0.35411965066700196,124.2168163194676,24.48232830369029,131.85978429384218,21.045323404212205,,,zaidvideos-4,48
65.69304515362153,165.18557608517781,100.94671095512427,83.06908157262396,136.78549631310005,95.63698612570835,0.9258149252140935,2.4686311880800442,0.12680977565788387,0.34986663044877764,127.17576889067878,22.910870967329636,134.32757226642875,19.834677846682546,,,zaidvideos-4,49
65.53078255157698,166.00559541647402,101.68848998000708,84.10981856094094,138.21705720277373,96.59323226833261,0.9773341971426351,2.0609701883812432,0.1256339001957594,0.34561361023055337,130.13472146188997,21.33941363096899,136.79536023901528,18.624032289152893,,,zaidvideos-4,50
65.36851994953244,166.82561474777026,102.43026900488988,85.15055554925793,139.64861809244744,97.54947841095688,1.0288534690711773,1.65330918868244,0.12445802473363492,0.3413605900123291,133.09367403310114,19.767956294608336,139.26314821160184,17.41338673162323,,,zaidvideos-4,51
65.80827063809444,167.16053876374704,103.1807292212984,86.46982244950209,141.12833999575253,98.35818607168815,1.0753222567669742,1.319784291385929,0.12236371285340865,0.33849429873325926,135.98753413060808,18.293175110951783,141.72347501406273,16.394754643328096,,,zaidvideos-4,52
66.54902797195975,167.25291512206408,103.9355300334698,87.92835430570987,142.63214240587334,99.0931244914729,1.1192658023463993,1.0233274452905614,0.11981018276413145,0.33632137192376665,138.8488479912629,16.866732003647265,144.18007123146077,15.472129289650221,,,zaidvideos-4,53
67.28978530582503,167.34529148038112,104.6903308456412,89.38688616191764,144.13594481599412,99.82806291125767,1.1632093479258245,0.7268705991951938,0.11725665267485426,0.33414844511427405,141.7101618519177,15.440288896342748,146.63666744885882,14.549503935972343,,,zaidvideos-4,54
68.03054263969034,167.43766783869816,105.4451316578126,90.84541801812541,145.63974722611493,100.56300133104244,1.2071528935052493,0.4304137530998282,0.11470312258557708,0.33197551830478145,144.57147571257246,14.01384578903824,149.09326366625683,13.626878582294474,,,zaidvideos-4,55
69.64565825290879,167.1595846677404,106.39725001732022,92.73938881696662,146.3243900510946,101.94535667501849,1.2408928652466913,0.2992778665258624,0.110704164425612,0.33089822635816907,147.1136078323782,12.861315195877479,151.6658169097396,12.720276925384756,,,zaidvideos-4,56
71.26077386612725,166.88150149678262,107.34936837682785,94.63335961580783,147.0090328760743,103.32771201899455,1.2746328369881332,0.16814197995189778,0.1067052062656469,0.32982093441155674,149.6557399521839,11.708784602716717,154.23837015322232,11.813675268475041,,,zaidvideos-4,57
72.8758894793457,166.60341832582486,108.30148673633549,96.52733041464903,147.69367570105396,104.71006736297059,1.3083728087295752,0.037006093377934035,0.10270624810568184,0.32874364246494436,152.1978720719896,10.556254009555964,156.81092339670502,10.90707361156533,,,zaidvideos-4,58
75.1310157159334,166.52349902022385,109.45996456936021,98.87428906851133,148.84443314715475,106.22590849229931,1.3411699226380136,-0.07251457041133455,0.0985701481249764,0.3270538779038378,154.52788276621445,9.507973671565155,159.03665284505934,10.134752317756481,,,zaidvideos-4,59
78.6661631992596,166.8399074453363,111.03116134941912,102.12722343241586,150.9274198354977,108.00872119233341,1.372081320880445,-0.13880478863121015,0.0941597645027903,0.32413916811374277,156.43365060927758,8.668193843914255,160.56873470315674,9.630991750149368,,,zaidvideos-4,60
82.20131068258578,167.1563158704488,112.60235812947802,105.3801577963204,153.01040652384063,109.7915338923675,1.4029927191228766,-0.20509500685108573,0.08974938088060422,0.3212244583236478,158.33941845234068,7.828414016263354,162.10081656125416,9.127231182542255,,,zaidvideos-4,61
85.73645816591194,167.47272429556125,114.1735549095369,108.63309216022489,155.09339321218354,111.57434659240157,1.4339041173653075,-0.27138522507096047,0.08533899725841818,0.3183097485335528,160.24518629540378,6.988634188612464,163.63289841935156,8.62347061493515,,,zaidvideos-4,62
90.40963835158095,167.62850781405064,115.81843657217308,112.10057777187805,156.24400649784985,113.05267047538885,1.457832023066541,-0.33793232968536774,0.0813384412137214,0.3152254595095481,161.72792179726048,6.353045685848895,164.71142943474564,8.262380612171098,,,zaidvideos-4,63
95.65183488842139,167.70397887922852,117.50016067609789,115.67533900740554,156.92843308217783,114.3787499498527,1.4782681824971753,-0.4046078774970409,0.07754279895776929,0.31205638086858845,162.99914112851394,5.819552845528996,165.56318502878807,7.972625891828581,,,zaidvideos-4,64
100.89403142526183,167.77944994440637,119.18188478002271,119.25010024293303,157.6128596665058,115.70482942431656,1.4987043419278094,-0.47128342530871403,0.07374715670181718,0.30888730222762883,164.27036045976737,5.286060005209097,166.41494062283047,7.682871171486063,,,zaidvideos-4,65
106.13622796210227,167.85492100958422,120.86360888394752,122.82486147846052,158.2972862508338,117.03090889878042,1.5191405013584436,-0.5379589731203872,0.06995151444586507,0.3057182235866692,165.54157979102084,4.752567164889198,167.2666962168729,7.393116451143546,,,zaidvideos-4,66
111.63707769989284,167.86874008273415,122.10889114341478,126.83007644041997,159.64189523314067,118.5331526470174,1.5297851912042655,-0.7421677187228111,0.06950171126690195,0.3010124659756239,166.57599157579307,4.296045518876025,168.2666421014362,6.829241738714035,,,zaidvideos-4,67
117.13792743768349,167.88255915588408,123.35417340288205,130.83529140237948,160.98650421544758,120.0353963952544,1.5404298810500878,-0.9463764643252375,0.06905190808793883,0.29630670836457856,167.6104033605653,3.8395238728628454,169.2665879859995,6.265367026284518,,,zaidvideos-4,68
122.63877717547413,167.89637822903404,124.59945566234933,134.84050636433898,162.33111319775446,121.5376401434914,1.55107457089591,-1.150585209927664,0.0686021049089757,0.2916009507535332,168.64481514533753,3.383002226849666,170.26653387056282,5.701492313855,,,zaidvideos-4,69
127.8212080341259,167.894116951988,125.76464483589345,138.57715408994355,163.36050860307608,122.91390291654668,1.5592682323392708,-1.3376638918564157,0.06883719097647933,0.2869445492510627,169.5323699716443,2.9880838742614877,171.13531121182763,5.181651394097347,,,zaidvideos-4,70
132.36680113449987,167.85969497455002,126.7696478375913,141.7766673428382,163.75947685442713,124.03820373923853,1.5625598369777094,-1.490482446437817,0.07044205553691653,0.2823868599657421,170.12621088102014,2.7163721085233137,171.74175146649543,4.749878059683427,,,zaidvideos-4,71
136.9123942348738,167.82527299711202,127.77465083928912,144.97618059573284,164.15844510577818,125.16250456193036,1.565851441616148,-1.6433010010192164,0.0720469200973537,0.27782917068042146,170.72005179039598,2.4446603427851428,172.3481917211632,4.318104725269512,,,zaidvideos-4,72
141.45798733524776,167.79085101967405,128.77965384098695,148.1756938486275,164.55741335712926,126.28680538462221,1.5691430462545866,-1.796119555600618,0.07365178465779089,0.2732714813951008,171.31389269977186,2.1729485770469688,172.95463197583098,3.886331390855591,,,zaidvideos-4,73
145.52681047729908,167.35092969181733,129.48854885673546,150.9500943470461,165.34341921234,126.96873625507565,1.5723601845406765,-1.9825834560853575,0.07548203247615318,0.26808392348635607,171.74189754129452,1.97788021299698,173.4223427143058,3.490652505773334,,,zaidvideos-4,74
149.35724864018903,166.7082586887512,130.04938987950925,153.51193846822667,166.32294386948058,127.42948214940989,1.575540089650592,-2.185870029521767,0.07742497192347801,0.2625814312658993,172.08698434889055,1.8211335497910852,173.82068869468418,3.11302084535691,,,zaidvideos-4,75
153.187686803079,166.06558768568507,130.61023090228306,156.07378258940722,167.30246852662117,127.89022804374413,1.5787199947605073,-2.3891566029581757,0.07936791137080285,0.25707893904544243,172.43207115648661,1.6643868865851905,174.21903467506252,2.7353891849404857,,,zaidvideos-4,76
157.01812496596895,165.42291668261893,131.17107192505688,158.6356267105878,168.28199318376176,128.35097393807837,1.5818998998704228,-2.592443176394585,0.08131085081812768,0.25157644682498564,172.77715796408265,1.5076402233792958,174.61738065544088,2.3577575245240614,,,zaidvideos-4,77
158.9431671330187,163.90321136024258,131.0670074567852,159.93555316372442,166.316813418401,128.39353596818853,1.5765026539950489,-2.780374436542034,0.08354324447983268,0.24827571056292988,172.67747290263728,1.4859557633216922,174.69114929678094,2.1014071375892356,,,zaidvideos-4,78
160.8682093000685,162.38350603786623,130.96294298851356,161.23547961686108,164.35163365304024,128.4360979982987,1.5711054081196747,-2.968305696689486,0.0857756381415377,0.2449749743008741,172.5777878411919,1.4642713032640882,174.76491793812102,1.8450567506544062,,,zaidvideos-4,79
162.79325146711827,160.86380071548987,130.8588785202419,162.53540606999775,162.3864538876795,128.47866002840885,1.5657081622443008,-3.156236956836938,0.08800803180324272,0.2416742380388183,172.47810277974654,1.4425868432064843,174.83868657946107,1.588706363719577,,,zaidvideos-4,80
164.16964998965338,159.15834683440076,130.7412801257854,163.52936309739133,160.59778544665863,128.5341750942741,1.5596650653401647,-3.329245722012205,0.09011999597084813,0.23928600822342397,172.42135674375635,1.4103162800608995,174.9113474910119,1.347065147311665,,,zaidvideos-4,81
164.44876122315915,157.08139583588616,130.59661387895932,163.9113812732987,159.16213965431763,128.6155962316496,1.5523302663785048,-3.4724094972431008,0.09199110115025433,0.23872279130135265,172.4504887586765,1.3568735107393521,174.98179294298427,1.134842271957588,,,zaidvideos-4,82
164.72787245666493,155.00444483737155,130.4519476321332,164.29339944920608,157.72649386197662,128.69701736902505,1.5449954674168451,-3.615573272473995,0.0938622063296605,0.23815957437928137,172.47962077359662,1.3034307414178055,175.05223839495662,0.9226193966035134,,,zaidvideos-4,83
165.00698369017073,152.92749383885695,130.3072813853071,164.67541762511348,156.29084806963562,128.77843850640053,1.5376606684551852,-3.7587370477048907,0.0957333115090667,0.23759635745721006,172.50875278851677,1.2499879720962581,175.122683846929,0.7103965212494362,,,zaidvideos-4,84
165.07733948145233,151.00669350252105,130.37077198205526,164.7377378931917,154.25691206702786,128.87936240627573,1.529422339744256,-3.8188050662582285,0.09698948117684708,0.23764756772825754,172.56393571469076,1.2416275504975474,174.8720775563646,0.6372861120327274,,,zaidvideos-4,85
165.04331755162184,149.16396849727448,130.53834100059055,164.64020920735535,151.92383095928673,128.9900376874008,1.520732246158692,-3.837325206472786,0.09793818308881454,0.23800599159586444,172.6321440964917,1.2558083027602558,174.4609453945318,0.6337319358847056,,,zaidvideos-4,86
165.00929562179135,147.32124349202795,130.70591001912587,164.542680521519,149.59074985154558,129.10071296852587,1.512042152573128,-3.855845346687343,0.098886885000782,0.23836441546347134,172.7003524782926,1.2699890550229642,174.049813232699,0.6301777597366836,,,zaidvideos-4,87
164.97527369196087,145.4785184867814,130.87347903766116,164.44515183568265,147.25766874380446,129.21138824965092,1.5033520589875642,-3.8743654869019,0.09983558691274945,0.23872283933107824,172.76856086009352,1.2841698072856726,173.6386810708662,0.6266235835886617,,,zaidvideos-4,88
165.1234525159654,143.76560665787403,131.28653820886294,164.7535208361372,145.5914377560305,129.44505806322329,1.496419591503927,-3.9345517143089213,0.10030242513919252,0.23916300120561218,172.86582802782652,1.291889992152863,173.38258976036693,0.5947983051300735,,,zaidvideos-4,89
165.2716313399699,142.05269482896665,131.69959738006474,165.06188983659172,143.92520676825654,129.67872787679568,1.4894871240202896,-3.994737941715943,0.1007692633656356,0.23960316308014615,172.9630951955595,1.2996101770200534,173.12649844986763,0.562973026671485,,,zaidvideos-4,90
165.41981016397443,140.33978300005927,132.11265655126653,165.37025883704626,142.25897578048256,129.91239769036804,1.4825546565366523,-4.054924169122965,0.10123610159207867,0.2400433249546801,173.0603623632925,1.3073303618872438,172.87040713936833,0.5311477482128963,,,zaidvideos-4,91
165.54012687744014,138.98498783513597,132.45497377526652,165.67294310523008,140.69415301038816,130.137648208643,1.476840928343202,-4.1036835904505615,0.10163756035830862,0.24041155136056794,173.13848613041085,1.3119299791004828,172.62639864582013,0.5165582238913954,,,zaidvideos-4,92
165.60471936982827,138.34642599818085,132.65580710486293,165.9642579088724,139.33214667565292,130.34606013632302,1.4735646787301262,-4.129589399619307,0.10190826020411231,0.24063590682916358,173.1783230962999,1.3102884610058183,172.4065557861741,0.53644020784407,,,zaidvideos-4,93
165.66931186221638,137.70786416122576,132.85664043445934,166.25557271251478,137.9701403409177,130.55447206400305,1.4702884291170504,-4.155495208788052,0.102178960049916,0.2408602622977592,173.21816006218893,1.308646942911154,172.18671292652806,0.5563221917967444,,,zaidvideos-4,94
165.7339043546045,137.06930232427067,133.05747376405574,166.5468875161571,136.60813400618247,130.76288399168308,1.4670121795039746,-4.181401017956798,0.10244965989571968,0.24108461776635484,173.25799702807797,1.3070054248164897,171.96687006688202,0.576204175749419,,,zaidvideos-4,95
165.87972460897757,136.20976745289676,133.32139868872312,166.62462661037816,136.10288534161435,130.85655873706202,1.4635807460094146,-4.206020470361763,0.10256579981844122,0.2413153728102387,173.3452190248863,1.3357637072488444,171.85894316594258,0.5736887428936731,,,zaidvideos-4,96
166.06615874434314,135.23974606431347,133.61686941092597,166.59557784988857,136.02601551212982,130.89286489129043,1.4600717205741127,-4.229996744384838,0.10260465977962166,0.2415493276417667,173.45613353715427,1.3797218899447097,171.80697424435644,0.5599746016337166,,,zaidvideos-4,97
166.25259287970871,134.26972467573015,133.91234013312885,166.56652908939895,135.9491456826453,130.9291710455188,1.4565626951388106,-4.253973018407914,0.10264351974080212,0.2417832824732947,173.56704804942225,1.4236800726405747,171.75500532277027,0.5462604603737601,,,zaidvideos-4,98
166.4390270150743,133.29970328714685,134.2078108553317,166.53748032890937,135.87227585316077,130.9654771997472,1.4530536697035086,-4.277949292430989,0.10268237970198256,0.2420172373048227,173.67796256169024,1.4676382553364398,171.70303640118414,0.5325463191138036,,,zaidvideos-4,99
106.83422118076078,157.23054835158123,21.406626826736524,108.49406633734934,162.18629775483734,14.787138203940108,-0.0332889954204593,26.715258684844418,0.2928977529051989,0.32435154675348743,88.6070862473124,52.10785473137127,85.71776960002258,61.54473226205052,,,zaidvideos-5,0
106.83209407175598,157.25167123951786,21.529251494224955,108.51070038646671,161.44575438064382,14.921862962570462,-0.03728813227050816,26.66705813122341,0.29327702696369146,0.325246357012036,88.90175435555828,51.960922903040064,86.14310335696676,61.27296043738358,,,zaidvideos-5,1
106.82996696275119,157.2727941274545,21.651876161713385,108.52733443558408,160.7052110064503,15.056587721200817,-0.041287269120557024,26.6188575776024,0.29365630102218404,0.3261411672705847,89.19642246380418,51.81399107470886,86.56843711391095,61.001188612716646,,,zaidvideos-5,2
106.82783985374638,157.2939170153911,21.774500829201813,108.54396848470147,159.96466763225678,15.19131247983117,-0.04528640597060588,26.570657023981394,0.29403557508067657,0.32703597752913327,89.49109057205007,51.667059246377654,86.99377087085512,60.729416788049704,,,zaidvideos-5,3
106.77605922627042,157.1361157554586,21.958543240857324,108.5693583835887,159.63873579757023,15.476800123240608,-0.050491370254375244,26.537167023731282,0.2944031518065769,0.3278099370698319,89.69954412338456,51.58760349808857,87.28408504403211,60.57140850795454,,,zaidvideos-5,4
106.71914202791811,156.95980510091894,22.148939212254255,108.59565406003836,159.35569481179823,15.777883927144432,-0.05582107530715017,26.505198804864367,0.2947695184635884,0.3285713948121322,89.89907892745234,51.51512803394177,87.56043167406077,60.42516887040127,,,zaidvideos-5,5
106.66222482956582,156.78349444637928,22.339335183651187,108.621949736488,159.0726538260262,16.078967731048255,-0.0611507803599251,26.473230585997452,0.2951358851205999,0.3293328525544325,90.09861373152012,51.44265256979497,87.8367783040894,60.27892923284801,,,zaidvideos-5,6
106.53047944924606,156.22787230749407,22.72508741763713,108.77318733427516,158.07226355947378,16.5101729919473,-0.07195957256354583,26.398982670210742,0.29567054972095536,0.33142146018734103,90.45294785096937,51.29164487314945,88.32353500635685,60.03648015138498,,,zaidvideos-5,7
106.38146602693381,155.58471674914452,23.155921866066695,108.9532576831402,156.9063311512028,16.971406281383697,-0.08403276949428481,26.314977901288692,0.29624405230823636,0.3338163331796206,90.84300488935281,51.12251435361961,88.85884787914091,59.77182889055815,,,zaidvideos-5,8
106.23245260462156,154.94156119079494,23.58675631449626,109.13332803200524,155.7403987429318,17.432639570820097,-0.09610596642502378,26.230973132366646,0.29681755489551737,0.3362112061719002,91.23306192773626,50.95338383408977,89.39416075192499,59.507177629731316,,,zaidvideos-5,9
105.86308630904077,154.3758344637925,24.09974995673646,109.43236194007957,155.13866818475827,18.327338336226113,-0.10719913811883197,26.162769400996158,0.29672079707294446,0.3384315097194641,91.32699653646536,50.916879494327105,89.49131797350806,59.46786013074082,,,zaidvideos-5,10
105.40749497609401,153.84040597514326,24.644892848728645,109.77794680610539,154.75771226357938,19.391654027011537,-0.11790882167644982,26.10074868431976,0.29636176343781995,0.3405835034843131,91.3050571509819,50.9322723553429,89.41702298375161,59.516716712468885,,,zaidvideos-5,11
104.95190364314726,153.304977486494,25.190035740720834,110.1235316721312,154.37675634240048,20.455969717796965,-0.12861850523406768,26.038727967643364,0.2960027298026955,0.34273549724916214,91.28311776549845,50.9476652163587,89.34272799399514,59.56557329419695,,,zaidvideos-5,12
104.31728875806272,152.86178158757926,25.907024741102692,110.40098979036034,153.87856895165663,21.56620150052877,-0.1399144952585773,25.977590410143975,0.2948779167982702,0.3451264231754069,90.82601295476738,51.0962028457316,88.85547611783691,59.827540534409266,,,zaidvideos-5,13
103.57525974169549,152.47392524250515,26.727121406518357,110.63757185991147,153.31004267917382,22.703982938428403,-0.151562269163222,25.916982748150794,0.29329363617226434,0.3476607083984891,90.10780888888775,51.32462733611875,88.12045010983762,60.21737416971214,,,zaidvideos-5,14
102.83323072532826,152.08606889743106,27.54721807193402,110.87415392946262,152.74151640669103,23.841764376328033,-0.16321004306786666,25.856375086157612,0.29170935554625854,0.35019499362157125,89.38960482300811,51.553051826505914,87.38542410183834,60.607207805015,,,zaidvideos-5,15
101.6917707632354,152.34034722013257,28.429504671956945,110.89117468469622,152.25349497990177,25.026238186388568,-0.17325579086892925,25.77267281979828,0.2896965657830193,0.35283716362379836,88.54330744548628,51.851590161434416,86.52624505583769,61.106457214419216,,,zaidvideos-5,16
100.19787173138461,153.16121495557726,29.366664743692162,110.71446486847314,151.83650724048917,26.251911148355774,-0.18188798622565466,25.668592961351177,0.2873056797222211,0.35557452607821216,87.58398655769192,52.211993653311154,85.55751921160055,61.70224995391286,,,zaidvideos-5,17
98.70397269953382,153.98208269102193,30.303824815427376,110.53775505225008,151.41951950107656,27.47758411032298,-0.19052018158238007,25.564513102904073,0.28491479366142297,0.35831188853262597,86.62466566989755,52.57239714518789,84.58879336736341,62.2980426934065,,,zaidvideos-5,18
96.99388949400075,155.01877195266565,31.362588976862316,110.09475571361372,151.00951241928055,28.632700080134732,-0.1981413301709039,25.425370646369256,0.28178940542637176,0.3611254152171024,85.47274601272062,52.94879444007324,83.42362349397628,62.97994434665364,,,zaidvideos-5,19
95.00585520801907,156.33294603370814,32.57770125362547,109.30938413187458,150.60848046870584,29.697099917175187,-0.20446256148602565,25.24114770657882,0.2777196572529952,0.3640368673402308,84.07319936633752,53.345755195969666,82.00588272596774,63.77255746044098,,,zaidvideos-5,20
93.01782092203737,157.64712011475058,33.79281353038862,108.52401255013545,150.20744851813112,30.761499754215635,-0.21078379280114737,25.056924766788377,0.2736499090796186,0.36694831946335915,82.67365271995443,53.74271595186608,80.5881419579592,64.56517057422832,,,zaidvideos-5,21
90.89220793917667,159.2244871672447,35.08672508727833,107.61488523708117,150.05088015169437,31.95339990335679,-0.21637403803730226,24.8331355686661,0.269357317419819,0.3695471535487356,81.32607797358948,54.13614077373675,79.20253150564963,65.27327514240945,,,zaidvideos-5,22
88.50394471681969,161.30431352887376,36.531071633500574,106.46949698242527,150.3610149913392,33.38870973923565,-0.2205687643954295,24.533810786455774,0.26463929728593893,0.37154917138022187,80.07772230907732,54.52281517610371,77.8782607469472,65.82004521443324,,,zaidvideos-5,23
86.1156814944627,163.38413989050284,37.97541817972281,105.32410872776937,150.67114983098404,34.824019575114505,-0.22476349075355673,24.234486004245447,0.2599212771520589,0.37355118921170816,78.82936664456516,54.90948957847067,76.5539899882448,66.36681528645701,,,zaidvideos-5,24
83.79232044567996,165.42543630908492,39.5519170009009,103.85647405372487,151.10238002525435,36.295430774729006,-0.22960797289617205,23.932724152887694,0.25459296121296127,0.3758805892213501,77.71257875476255,55.252432394401545,75.38352676890469,66.79148934793027,,,zaidvideos-5,25
81.66366591761997,167.351142898526,41.52487264694657,101.4221001215145,151.89689628340105,37.875146065550425,-0.23640172239225152,23.62365109408766,0.24743375785821073,0.37919213576545874,76.9904941890886,55.464180451024156,74.67448616765148,66.84987537775191,,,zaidvideos-5,26
79.53501138955997,169.2768494879671,43.49782829299224,98.98772618930415,152.69141254154775,39.45486135637185,-0.24319547188833102,23.314578035287624,0.2402745545034602,0.3825036823095674,76.26840962341463,55.675928507646766,73.96544556639827,66.90826140757355,,,zaidvideos-5,27
77.49945462661849,171.04131249316467,45.52202594260946,96.53704198184451,153.58624226888594,41.01965644850334,-0.24942494714154262,22.993724137632903,0.23306267801509356,0.38581876924230485,75.6109052630988,55.86849549427089,73.32375034369406,66.91922573751846,,,zaidvideos-5,28
75.96662579531704,171.93506014344715,47.822930411513,93.9982822880387,155.02276472985807,42.503882467709204,-0.25260734148326763,22.609253710162903,0.22556636660520016,0.3891529742736378,75.30213401171682,55.95748470290318,73.04572016515439,66.67411288812905,,,zaidvideos-5,29
74.43379696401558,172.82880779372965,50.12383488041656,91.45952259423287,156.45928719083022,43.98810848691508,-0.25578973582499265,22.2247832826929,0.2180700551953067,0.3924871793049708,74.99336276033485,56.04647391153548,72.76768998661473,66.42900003873963,,,zaidvideos-5,30
72.9449913642747,173.6238687782291,52.442495038382695,88.9505629828847,157.82776996959134,45.50709674421659,-0.25870594782553036,21.833619349522255,0.21056860544978687,0.3958412654013298,74.70658807698314,56.123121421581395,72.51118049695461,66.16699893764338,,,zaidvideos-5,31
72.1165342379421,172.9386297759829,55.02749053228749,86.88860460840169,158.17565751518694,47.54751857295261,-0.25762942470825884,21.342052830841975,0.20299008066987162,0.39949356747307946,74.74976191408547,56.01464345283165,72.5774813404877,65.65167406094477,,,zaidvideos-5,32
71.28807711160951,172.25339077373664,57.61248602619228,84.82664623391868,158.52354506078257,49.58794040168863,-0.25655290159098726,20.850486312161696,0.19541155588995637,0.4031458695448291,74.79293575118781,55.9061654840819,72.64378218402078,65.13634918424616,,,zaidvideos-5,33
70.45961998527693,171.5681517714904,60.19748152009707,82.76468785943567,158.87143260637816,51.62836223042464,-0.25547637847371574,20.358919793481416,0.18783303111004113,0.4067981716165787,74.83610958829016,55.79768751533215,72.71008302755386,64.62102430754754,,,zaidvideos-5,34
70.02448612257245,170.62563405860038,62.789265004332,81.3656618911997,158.83090609581487,53.92697592071046,-0.24638779856594648,19.71548065212379,0.18075128369871074,0.40918401385288217,75.3888358632583,55.483152388519144,73.43332009496612,63.7349136413224,,,zaidvideos-5,35
69.60204010708178,169.67481703246378,65.38126745599693,79.9880208392943,158.77785009956904,56.23391838072368,-0.23704076521332257,19.06714239390561,0.17368556136378635,0.41152900254610664,75.95799931364145,55.16197025660732,74.17774865347126,62.83684214317706,,,zaidvideos-5,36
69.17959409159111,168.72400000632717,67.97326990766186,78.61037978738887,158.72479410332318,58.54086084073691,-0.22769373186069858,18.418804135687424,0.1666198390288619,0.41387399123933116,76.52716276402462,54.8407881246955,74.92217721197639,61.93877064503171,,,zaidvideos-5,37
68.95090690642319,167.42727786346632,70.4375432865731,76.98656106582659,159.44834353785419,60.68703818166004,-0.20863048456228317,17.75022574645265,0.15896559680750066,0.4161787551243025,77.36492391114672,54.35563167386829,76.03355220974134,61.02959609222124,,,zaidvideos-5,38
68.74989955415849,166.08114070393057,72.88356965509095,75.3275741057419,160.28283660535334,62.810249076998865,-0.1881792067001833,17.078755909929793,0.15122728031664845,0.4184777726080949,78.24105615780294,53.84705032033887,77.19734812740056,60.11883538874432,,,zaidvideos-5,39
68.5488922018938,164.73500354439483,75.32959602360881,73.66858714565723,161.11732967285246,64.93345997233769,-0.1677279288380834,16.407286073406933,0.14348896382579623,0.4207767900918872,79.11718840445918,53.338468966809465,78.36114404505979,59.2080746852674,,,zaidvideos-5,40
68.53684566785749,163.4877093432429,77.64920164557344,72.78498950226503,161.58605134814863,66.44494683722739,-0.1402339653524141,15.625082195626797,0.1377298455403998,0.4219741327902703,80.04914704011246,52.62254688209328,80.06108901699857,57.959158735371346,,,zaidvideos-5,41
68.57770816292512,162.26809117043845,79.93340945850315,72.11850086754673,161.95235703362795,67.78515097359131,-0.11076804989214561,14.811872786294629,0.132524902752531,0.4228630065487388,80.9967370646849,51.84856939264481,81.91115572413563,56.61555931647795,,,zaidvideos-5,42
68.61857065799275,161.048472997634,82.21761727143289,71.45201223282842,162.31866271910727,69.12535510995525,-0.08130213443187694,13.998663376962455,0.1273199599646622,0.4237518803072073,81.94432708925734,51.074591903196335,83.76122243127269,55.271959897584544,,,zaidvideos-5,43
68.44094269027558,159.77422748408722,83.89452763617335,70.59331741037721,158.33955642865297,70.38453432615208,-0.04678793419265061,13.080040948055032,0.12370057060041886,0.4224297369390898,83.21330531398014,50.08324985533272,86.13174775899441,53.48851302843728,,,zaidvideos-5,44
68.16400087583804,158.4751513611121,85.29539370628234,69.6472561389565,152.3852628764107,71.60688403318204,-0.009979059053898114,12.11350351024977,0.12080188733782349,0.42010258578616055,84.62836908422584,48.993105735462215,88.73884518698186,51.50513550008372,,,zaidvideos-5,45
67.8870590614005,157.17607523813697,86.69625977639132,68.70119486753578,146.43096932416842,72.829233740212,0.026829816084854394,11.146966072444506,0.11790320407522811,0.41777543463323125,86.04343285447153,47.90296161559172,91.34594261496933,49.52175797173016,,,zaidvideos-5,46
67.58783230781108,156.66750269524235,87.96619840714067,67.81567439662895,144.01055897579843,74.0108683210205,0.06670999370583049,10.182916355180652,0.11523086062125452,0.41414216814133503,87.74875827360712,46.61992826050798,94.15541340676437,47.323488240696356,,,zaidvideos-5,47
67.27335796427565,156.69980102292914,89.14655510569656,66.97157657870534,144.00806871428836,75.16464518388797,0.10869158881464351,9.220568762497768,0.11271338124686428,0.4096152437859352,89.65268376829897,45.20491806027835,97.10335018432245,44.978187002565555,,,zaidvideos-5,48
66.95888362074021,156.73209935061593,90.32691180425248,66.12747876078171,144.00557845277828,76.31842204675546,0.15067318392345674,8.258221169814881,0.11019590187247402,0.4050883194305353,91.55660926299082,43.78990786004872,100.05128696188055,42.63288576443474,,,zaidvideos-5,49
66.81522206330926,156.89938862161816,91.44969829279958,65.6179077068566,143.30835096399642,77.50044351778489,0.19193347614415543,7.363520801815771,0.10838624994782586,0.40124678750615583,93.61299409405149,42.318420615618216,102.9647787961745,40.28407402592081,,,zaidvideos-5,50
66.84237329198282,157.2016688359359,92.51491457133788,65.44286341693001,141.91638624794277,78.71070959697626,0.23247246547673972,6.536467658500438,0.10728442547291976,0.3980906480127967,95.821838261481,40.79045632698683,105.84382568720433,37.93175178702375,,,zaidvideos-5,51
66.86952452065638,157.5039490502536,93.58013084987617,65.26781912700342,140.52442153188915,79.92097567616761,0.2730114548093236,5.709414515185114,0.10618260099801369,0.3949345085194376,98.0306824289105,39.26249203835546,108.72287257823412,35.57942954812672,,,zaidvideos-5,52
66.93330692378902,157.88368572691184,94.4789289251046,65.36600292035311,138.7678036520617,81.0201192700763,0.3134575839788323,4.879603926992387,0.10594517223660652,0.3912548788235062,100.55300692888963,37.53781789973943,111.92163040453758,33.0553948913806,,,zaidvideos-5,53
67.05062719728494,158.3766280023754,95.13450039549554,65.86352006618354,136.47823114825715,81.95685307780259,0.3537679944484623,4.045763227055755,0.10697109105646697,0.38681014806227676,103.53349499182598,35.525644749607316,115.58765805931802,30.28039593162426,,,zaidvideos-5,54
67.16794747078086,158.86957027783902,95.79007186588646,66.36103721201397,134.18865864445263,82.89358688552888,0.3940784049180918,3.2119225271191327,0.10799700987632742,0.3823654173010474,106.51398305476229,33.51347159947523,119.2536857140984,27.505396971867945,,,zaidvideos-5,55
67.23418942857124,159.22227626069866,96.11918379268036,66.96065188008667,131.9481782598399,83.88505057700245,0.4359755922858058,2.4144007615113443,0.10877062473034202,0.3775909717853925,109.53706971428615,31.524728822185462,122.81295505882942,24.8517412113893,,,zaidvideos-5,56
67.18805909180941,159.26646239982958,95.73008472356086,67.78488109709237,129.81570053744915,84.99692001271997,0.4813636888293038,1.6967806514270176,0.10898917085949572,0.37209115381000174,112.65387328630248,29.58753286514887,126.13735612145166,22.4650404893216,,,zaidvideos-5,57
67.14192875504759,159.3106485389605,95.34098565444135,68.60911031409805,127.68322281505837,86.10878944843749,0.5267517853728019,0.9791605413426905,0.10920771698864944,0.366591335834611,115.77067685831882,27.650336908112273,129.46175718407392,20.078339767253894,,,zaidvideos-5,58
67.11323888937096,159.59712467481052,95.20583739775812,69.60653886342918,127.40679287431105,87.31279918305529,0.5719467152428555,0.31957927985136914,0.10907675927474146,0.3615952934723324,118.8901468798997,25.745583710787542,132.64214088783413,17.854923605974086,,,zaidvideos-5,59
67.14683642042722,160.74892222751453,95.97765632834724,71.22253645677961,133.75910501086148,88.84588141374542,0.6164517641363197,-0.13272037952204796,0.10769757354989891,0.3583984497283118,122.01913993563953,23.956697512433834,135.30817688137253,16.21466659036542,,,zaidvideos-5,60
67.1804339514835,161.90071978021854,96.74947525893637,72.83853405013006,140.111417147412,90.37896364443556,0.6609568130297845,-0.5850200388954698,0.10631838782505634,0.3552016059842912,125.14813299137938,22.167811314080105,137.974212874911,14.574409574756737,,,zaidvideos-5,61
67.30706386565069,162.92679110566525,97.53450236686797,74.51342026944346,145.8114096653462,91.91236412974257,0.7059128013374586,-1.0150215738588377,0.10480117929631286,0.35226502089660433,128.24894303211514,20.414324999443124,140.6920383109406,12.990845836263453,,,zaidvideos-5,62
68.08492046159436,163.07277884031072,98.41198671619694,76.60052687049748,146.9451648529668,93.44799239736777,0.7540253655446022,-1.2889362379518707,0.10231781114026282,0.35115024640325326,131.15247196782244,18.908637870823213,143.7723898444087,11.804135037577808,,,zaidvideos-5,63
68.86277705753803,163.2187665749562,99.28947106552589,78.68763347155146,148.07892004058738,94.98362066499294,0.8021379297517452,-1.5628509020449006,0.09983444298421282,0.3500354719099022,134.05600090352968,17.40295074220332,146.85274137787675,10.617424238892175,,,zaidvideos-5,64
69.65781452787112,163.33540687354494,100.16794306598666,80.80376619582984,149.27560455607556,96.538784961289,0.8500805402447045,-1.8356327687818668,0.09732702317048054,0.348857449235489,136.95635220850963,15.902243927776924,149.94063604700744,9.430204189143929,,,zaidvideos-5,65
70.98545910427629,162.5422766543753,101.07703225153398,83.8197087400641,152.42309823545955,98.69956614638204,0.8927545855979651,-2.073297917480864,0.09407400196859837,0.3457187329481504,139.7581969609434,14.555926853348968,153.26236792168032,8.227197356454667,,,zaidvideos-5,66
72.31310368068145,161.74914643520566,101.9861214370813,86.83565128429832,155.5705919148435,100.86034733147507,0.9354286309512251,-2.310963066179858,0.09082098076671623,0.3425800166608119,142.56004171337713,13.209609778921028,156.58409979635317,7.024190523765419,,,zaidvideos-5,67
73.64074825708661,160.95601621603603,102.89521062262861,89.85159382853257,158.7180855942275,103.02112851656813,0.9781026763044857,-2.548628214878855,0.08756795956483406,0.3394413003734733,145.3618864658109,11.863292704493073,159.90583167102605,5.821183691076158,,,zaidvideos-5,68
76.38381085065394,161.7448318514501,104.57633142260745,94.85459815379197,160.84476104780077,105.74371204636734,1.0208825831086379,-2.641902869698421,0.08318194290236114,0.3341008023156337,147.74052774486273,10.89240661789064,162.08441683453708,5.229038159529387,,,zaidvideos-5,69
79.22123464536543,162.63911054383638,106.30892099688174,99.99007326445306,162.9033819529867,108.50374906581365,1.0636695473428501,-2.725551491592694,0.07872039320918214,0.3286135188064273,150.09095545902247,9.94654926380989,164.18679221730403,4.677616714725437,,,zaidvideos-5,70
82.05865844007688,163.5333892362227,108.04151057115601,105.1255483751141,164.9620028581726,111.26378608525992,1.1064565115770617,-2.8092001134869657,0.07425884351600319,0.323126235297221,152.4413831731822,9.000691909729154,166.28916760007095,4.126195269921491,,,zaidvideos-5,71
86.84005323075633,164.41625929969072,110.62888053231322,110.41837460894384,167.00367571559596,113.66789623660225,1.1393145959803783,-2.839511759280859,0.07097256724617139,0.31796132480459743,154.52685824765194,8.235588183842223,167.91265817582772,3.8100339558267944,,,zaidvideos-5,72
91.98144265031878,165.29701665409982,113.374543157708,115.74033993965674,169.0422100456559,116.00609400496239,1.1703339989335295,-2.8599461872783865,0.06790393420288529,0.31285611301874844,156.56326801847544,7.503957352065246,169.44746637991594,3.5374393326041753,,,zaidvideos-5,73
97.12283206988117,166.17777400850892,116.12020578310278,121.06230527036956,171.08074437571585,118.3442917733225,1.2013534018866805,-2.880380615275914,0.06483530115959925,0.3077509012328995,158.5996777892989,6.772326520288278,170.98227458400413,3.2648447093815594,,,zaidvideos-5,74
103.26056439000611,166.3383430276779,118.29542498314456,126.70639680461224,170.64626268844646,120.39747299278099,1.2228508769985946,-2.9892211211576734,0.06374491083757852,0.3016327653323467,160.27039385649508,6.206781735289974,172.39441313734312,3.0191090504641718,,,zaidvideos-5,75
109.73041101031848,166.25884926843352,120.2804963747353,132.45786374003143,169.387442328734,122.35564869593892,1.2411743761634297,-3.1275303196675077,0.06331393475597957,0.2951769880602259,161.81921202248213,5.696598965884566,173.765661807099,2.78232637964853,,,zaidvideos-5,76
116.20025763063083,166.17935550918912,122.26556776632606,138.20933067545062,168.12862196902154,124.31382439909686,1.2594978753282648,-3.265839518177342,0.06288295867438062,0.2887212107881052,163.36803018846922,5.186416196479158,175.1369104768549,2.5455437088328883,,,zaidvideos-5,77
122.54472056326497,165.80503224685089,124.10294133930483,143.3358039038389,167.1234004515083,125.83727844157481,1.2681122067722141,-3.423779953035427,0.06283991127900233,0.2819904561988147,164.71875714627828,4.7327283095292385,175.93856908637932,2.341316683859632,,,zaidvideos-5,78
128.8235063261628,165.27627448289206,125.86294938824872,148.1348994761633,166.2510164227661,127.13302113798227,1.2716407836956993,-3.5920034164568797,0.06300006462402537,0.2751156658719591,165.96572204266073,4.308632980056013,176.44187099768726,2.15414261623239,,,zaidvideos-5,79
135.1022920890607,164.74751671893324,127.62295743719262,152.93399504848776,165.3786323940239,128.42876383438974,1.2751693606191847,-3.7602268798783336,0.06316021796904839,0.2682408755451035,167.2126869390432,3.884537650582781,176.9451729089952,1.9669685486051458,,,zaidvideos-5,80
140.79500748664776,164.68740822699462,129.08228739205407,156.57661482691165,164.96987489700666,129.1025584254228,1.2762090370993213,-3.8925619472296646,0.06459340652920707,0.2626306755301572,168.24201044663613,3.54226066586972,177.12325796850934,1.8396422256292466,,,zaidvideos-5,81
146.0318903778821,164.99180472440506,130.30775660707366,159.3197534323019,164.92171581355322,129.2926156011647,1.2753129021235203,-3.9969838176375703,0.06701673359002681,0.2580040457578068,169.10205731850382,3.2636201715256723,177.04839658773943,1.7588641484932788,,,zaidvideos-5,82
151.26877326911634,165.29620122181547,131.53322582209321,162.0628920376921,164.8735567300998,129.48267277690658,1.2744167671477193,-4.101405688045475,0.06944006065084653,0.2533774159854565,169.96210419037155,2.9849796771816273,176.9735352069695,1.6780860713573116,,,zaidvideos-5,83
156.0271622110275,164.88318284475332,132.5439217314877,163.77039308753166,164.97740207534375,129.41862992885189,1.267911994988296,-4.2067352877329185,0.07221074794139813,0.25070437401173407,170.52497185432915,2.807917587112695,176.93076463955737,1.5880925989086052,,,zaidvideos-5,84
160.24325801037256,163.65709427662225,133.31120789450708,164.3041715744138,165.25351910644466,129.06660705382777,1.2550507673541005,-4.313093647270508,0.07537511015897926,0.25024539820978986,170.75103641598864,2.745977688555555,176.92436366061733,1.4876550117721266,,,zaidvideos-5,85
164.45935380971758,162.4310057084912,134.07849405752643,164.83795006129594,165.52963613754557,128.71458417880362,1.2421895397199054,-4.419452006808096,0.07853947237656035,0.24978642240784565,170.97710097764815,2.684037789998416,176.91796268167732,1.387217424635649,,,zaidvideos-5,86
167.69676258543257,161.214345093853,134.61987704488462,165.30635613029446,165.4946716506082,128.59449774300614,1.2295773879279472,-4.519443995117327,0.0817414679780385,0.24914057335311093,171.17686834322427,2.5946496210562673,176.8833241330499,1.279525744071778,,,zaidvideos-5,87
169.30302632176418,160.01339773503622,134.78475473947415,165.6658081694869,164.94123796694043,128.86097203925306,1.2173803625397182,-4.608825364712625,0.08500618588601166,0.24818326887705872,171.33280704866138,2.459514334805774,176.80162296827686,1.1597439077955882,,,zaidvideos-5,88
170.9092900580958,158.81245037621946,134.94963243406372,166.02526020867933,164.38780428327266,129.12744633549997,1.205183337151489,-4.698206734307924,0.08827090379398486,0.2472259644010065,171.48874575409852,2.3243790485552798,176.71992180350384,1.0399620715193971,,,zaidvideos-5,89
172.10847226684876,157.77143074338545,135.10080292331384,166.16921418933677,164.12389727293143,129.41811458183466,1.1949657408650545,-4.749698791306383,0.090945078958049,0.24676780197381837,171.63697145075773,2.178515288378334,176.58964739320294,0.9767475647804269,,,zaidvideos-5,90
172.2673350162341,157.13911529917402,135.21694388780767,165.76245090929365,164.59989176109138,129.77061181172698,1.1898066856165392,-4.70436260500181,0.09211008933212349,0.24758522478261621,171.76548612498442,2.0052343170560105,176.33524135544204,1.0580940113032338,,,zaidvideos-5,91
172.42619776561943,156.5067998549626,135.3330848523015,165.35568762925055,165.0758862492513,130.1231090416193,1.184647630368024,-4.659026418697238,0.093275099706198,0.24840264759141406,171.8940007992111,1.8319533457336854,176.08083531768114,1.1394404578260415,,,zaidvideos-5,92
172.51555270218898,156.0206867631259,135.41173188862675,164.9871754429365,165.60664522563323,130.4365963243593,1.1794238421554026,-4.6191820433947255,0.09461143144390698,0.24919432330108668,172.00239117829915,1.6797137337815906,175.84105020060198,1.1950859806914493,,,zaidvideos-5,93
172.3037071165568,156.16811719824642,135.32790523622137,164.78441799611483,166.37471698431034,130.58104050277257,1.1739195444316537,-4.603135515767807,0.09669015575736539,0.24987442824788333,172.02357627845305,1.6186533457671488,175.66462240647704,1.1393608343747998,,,zaidvideos-5,94
172.09186153092463,156.31554763336692,135.244078583816,164.5816605492932,167.14278874298745,130.72548468118583,1.1684152467079048,-4.587088988140888,0.09876888007082377,0.25055453319467996,172.04476137860698,1.5575929577527077,175.4881946123521,1.0836356880581508,,,zaidvideos-5,95
171.91275284544534,156.44051088809013,135.18880871626519,164.42343337012585,167.76749213216794,130.89435457884332,1.1631379593131699,-4.569318122880973,0.10068347494703313,0.25116990227878905,172.07901831958898,1.4878088682015942,175.32502346708475,1.0378689441880724,,,zaidvideos-5,96
172.05010086144418,156.34829139897292,135.40958776897557,164.6956654449501,167.00630128288122,131.2993397625284,1.1600551050989016,-4.534878660502103,0.10101148526316862,0.25115949135691834,172.239636388576,1.3336956637959805,175.28999992744076,1.088366757301506,,,zaidvideos-5,97
172.18744887744302,156.25607190985568,135.63036682168595,164.9678975197743,166.2451104335945,131.70432494621346,1.1569722508846334,-4.500439198123233,0.1013394955793041,0.2511490804350476,172.400254457563,1.1795824593903688,175.2549763877968,1.138864570414939,,,zaidvideos-5,98
172.32479689344186,156.16385242073846,135.85114587439634,165.24012959459853,165.4839195843078,132.10931012989852,1.1538893966703652,-4.465999735744362,0.10166750589543959,0.25113866951317687,172.56087252655,1.0254692549847568,175.21995284815284,1.189362383528372,,,zaidvideos-5,99
109.51862131029327,162.88654342448203,14.691182578170057,110.80010864682315,159.2147767470353,15.953990325566592,0.052114135494347735,22.592794218041814,0.28181219679733904,0.33333907660476814,92.65673671515471,55.156832826295904,90.19027269666891,62.087712194659986,,,zaidvideos-6,0
109.50763158430073,162.793616603947,14.565865427180897,110.11468524725508,159.87189065525433,15.512914629578429,0.0646218144246149,22.43662085742409,0.28109454788689947,0.3323118847018356,92.83470944689809,54.971031221413845,90.71155272346319,61.703896664738565,,,zaidvideos-6,1
109.49664185830818,162.70068978341192,14.440548276191738,109.429261847687,160.5290045634734,15.071838933590266,0.07712949335488206,22.280447496806367,0.28037689897645995,0.33128469279890305,93.01268217864147,54.785229616531794,91.23283275025744,61.320081134817144,,,zaidvideos-6,2
109.47961375982356,162.50907227493315,14.342698348131789,108.77423177130133,161.0752481461371,14.727188757325017,0.08885243496265145,22.14200054489567,0.2797178968552581,0.33062024177020194,93.24964298665915,54.639987096839036,91.73807769669911,61.01425598072901,,,zaidvideos-6,3
109.45712237194135,162.22816319164815,14.269699717007791,108.14670041589021,161.52118048186986,14.469780717951926,0.09986537613578,22.019591772291328,0.2791119561147951,0.33028398486580557,93.539973958925,54.531440892317555,92.22881471329795,60.77899354763289,,,zaidvideos-6,4
109.43808181291215,161.92142819772823,14.193589248434956,107.49066831856054,162.02177846034542,14.196480505259611,0.11140564223029148,21.89031552316465,0.27847539211778444,0.32989463793880414,93.84664524199971,54.41360432967233,92.77158108190373,60.50308143515178,,,zaidvideos-6,5
109.48460700208987,161.12400090174526,14.058353868334146,106.2931221247785,163.56102365093432,13.621228999502037,0.1329650818310788,21.630557220113474,0.2772569862463679,0.32849658058230624,94.46378243044282,54.11925096267593,94.30290513864162,59.454825414355774,,,zaidvideos-6,6
109.5311321912676,160.3265736057623,13.923118488233337,105.09557593099649,165.10026884152322,13.045977493744465,0.15452452143186612,21.370798917062302,0.27603858037495144,0.3270985232258084,95.08091961888594,53.82489759567952,95.8342291953795,58.40656939355977,,,zaidvideos-6,7
109.44430935967533,159.7771069482893,13.786434968330457,104.0285524235805,165.99589641033995,12.539211231084186,0.17515670231261302,21.1411340025604,0.274932904254031,0.3261817283431612,95.58948728891502,53.50867276955229,96.87034188870608,57.71696383594141,,,zaidvideos-6,8
109.25892494751393,159.41091554536715,13.648681084226048,103.05800220608727,166.41580660654247,12.083064495930603,0.19510351805246048,20.933712027420995,0.2739105501226077,0.32562064920205586,96.01780792359462,53.17628208232836,97.54042879168517,57.29244775110653,,,zaidvideos-6,9
109.0840215933892,159.04343571541594,13.520970901752241,102.14134656972055,166.85015733743808,11.677508526415084,0.2150772937499302,20.729125196247125,0.27290114695836665,0.3250284712204558,96.42060180101399,52.857211496624565,98.16474991313211,56.87042689766058,,,zaidvideos-6,10
109.00344776159436,158.66436004220304,13.483654033953862,101.70974216349265,167.41447288057157,11.727269447642136,0.23529370906600017,20.55005466076308,0.27200830249876606,0.3241564036744034,96.5936548630913,52.65802182460195,98.37717900078975,56.470863126715045,,,zaidvideos-6,11
108.92287392979954,158.28528436899015,13.446337166155482,101.27813775726474,167.97878842370503,11.77703036886919,0.2555101243820701,20.370984125279033,0.2711154580391655,0.323284336128351,96.76670792516862,52.45883215257935,98.58960808844739,56.071299355769504,,,zaidvideos-6,12
108.83238441900883,157.8990261627656,13.443008940399949,100.93191058973733,168.36341931675688,11.801366189571164,0.2726322218247616,20.215209959688934,0.27044241658045254,0.3226678504135708,96.9364997881127,52.26066583935834,98.91740198734954,55.56530691539834,,,zaidvideos-6,13
108.7359455008206,157.5084584367341,13.460073899870126,100.6369097654302,168.64023941975975,11.81044694995809,0.287897728543426,20.073413616035204,0.26990125692227207,0.32220471379755394,97.10433493157683,52.06311354141829,99.31441477299838,54.995457273371805,,,zaidvideos-6,14
108.63773337609933,157.04584603120122,13.475490431248192,100.3576161511575,168.89996783111803,11.820629552043492,0.3023266436212525,19.937370409015102,0.26939242012976916,0.3218637077887318,97.23070484238126,51.87479327225265,99.66644193182375,54.427776061907146,,,zaidvideos-6,15
108.52947308102422,156.17498044182753,13.481565870104287,100.16733006041318,169.06284332315713,11.837055923753589,0.31201487273433093,19.833928309585584,0.2690667462427725,0.3222147752206797,97.12210510144729,51.73878783280867,99.76355053864958,53.87238262362646,,,zaidvideos-6,16
108.4212127859491,155.30411485245384,13.487641308960383,99.97704396966886,169.2257188151962,11.853482295463683,0.32170310184740936,19.730486210156066,0.26874107235577577,0.32256584265262767,97.01350536051334,51.602782393364684,99.8606591454754,53.31698918534577,,,zaidvideos-6,17
108.19452202901135,155.08351201558142,13.58843419830422,99.76197323390427,169.43626797973826,11.905718795108697,0.32541633984335183,19.643009930425688,0.26884568702848416,0.3237720214857643,96.88412021042768,51.497361957554894,99.76636267936945,52.955918018251644,,,zaidvideos-6,18
107.91080919784346,155.17599865213552,13.734831786031048,99.53496915053734,169.66977113474476,11.975197208203856,0.326252730264377,19.56322089721712,0.2691574776743839,0.32538992062317695,96.74472727075047,51.406667634606016,99.57990821518526,52.68840942617328,,,zaidvideos-6,19
107.59640323373935,155.21158503791744,13.918833152791715,99.27787097779222,169.91651704926917,12.069450850261463,0.32514726208176803,19.48966981294903,0.26952381988074314,0.3270945297671472,96.58042371073323,51.368452770196356,99.37599883028045,52.506475889923884,,,zaidvideos-6,20
107.15922473789036,155.01957042061065,14.253249635687745,98.90039644753433,170.21623400186544,12.262805408168866,0.3162743594846226,19.441070524442836,0.27010836832894053,0.32914597893734765,96.31647766935578,51.54015573994359,99.1022697624932,52.66684257699041,,,zaidvideos-6,21
106.72204624204134,154.82755580330385,14.587666118583776,98.52292191727645,170.5159509544617,12.456159966076271,0.3074014568874772,19.392471235936643,0.2706929167771379,0.33119742810754804,96.05253162797834,51.71185870969083,98.82854069470595,52.82720926405693,,,zaidvideos-6,22
106.16239085106507,154.5878000718511,14.98587523763463,98.39872546981886,170.32188338416208,12.729518117697431,0.2919855945819452,19.386449771565843,0.27119116203027477,0.33386719200358167,95.7042756174529,52.018960507875285,98.29850533414792,53.34790110112678,,,zaidvideos-6,23
105.55627870676464,154.32993564192915,15.408281563502833,98.3706000192855,169.94051823621234,13.033222460037605,0.2740879199732319,19.396578516349848,0.2716566715887335,0.3367714890714831,95.3240399634575,52.37742048236351,97.67125034529752,54.005267995094435,,,zaidvideos-6,24
104.94741533867398,154.07746729718,15.874486436666283,98.32053450184083,169.36729526921343,13.379718579039073,0.25491239911140107,19.401079560732676,0.27208439719784333,0.33983892669377147,94.85033606537141,52.780384389467066,96.97264422033382,54.70789953070921,,,zaidvideos-6,25
104.33029829921259,153.84118720794902,16.472086951715493,98.20464878366215,168.2184988450669,13.854590028024436,0.2319033394902173,19.38869750391196,0.27239877095890624,0.34339578597922094,94.0962274350132,53.31686009441662,96.05998468703012,55.54632499126533,,,zaidvideos-6,26
103.7131812597512,153.60490711871805,17.069687466764698,98.08876306548348,167.0697024209204,14.329461477009799,0.2088942798690336,19.376315447091244,0.2727131447199692,0.34695264526467035,93.342118804655,53.85333579936617,95.14732515372644,56.38475045182145,,,zaidvideos-6,27
103.32948746013898,153.61732173400375,17.884622129519173,98.42828400540813,166.03040537143738,15.372637779018687,0.18596633188165473,19.345698979980966,0.27293805557862566,0.3498386532787412,92.31107506713403,54.44204711531195,93.93721373045138,57.381457947771004,,,zaidvideos-6,28
103.01356169790235,153.70193803769754,18.762653802897752,98.90001978155634,165.0228984629857,16.58080581255053,0.16306193243312256,19.30978865181888,0.2731369933365835,0.35252989802047635,91.19963081463032,55.045923608643726,92.64074530686203,58.42411829270574,,,zaidvideos-6,29
102.66979042865172,153.59140337116165,19.599929959138045,99.41100364795561,163.96501445173686,17.82050988025261,0.1419998665911692,19.267120304528444,0.2726157191748199,0.35522402267009223,90.0057933232449,55.64935846486483,91.26260638667219,59.4078749704966,,,zaidvideos-6,30
102.26104630970185,153.0255164407565,20.342109908722325,100.0135663916074,162.7895838672948,19.133798027685224,0.12523657916456665,19.208683245938523,0.2704139505337066,0.3579248671047632,88.61970494113548,56.25176283449434,89.69390297441447,60.25418975828505,,,zaidvideos-6,31
101.85230219075197,152.45962951035133,21.084289858306605,100.61612913525919,161.61415328285275,20.447086175117843,0.10847329173796405,19.150246187348603,0.26821218189259327,0.3606257115394342,87.23361655902606,56.85416720412386,88.12519956215677,61.1005045460735,,,zaidvideos-6,32
101.56973344543107,151.9996620091393,21.97114283476039,101.37512198875221,160.35957208363175,21.923212297671267,0.0983446226987419,19.039273934719215,0.2651123075452975,0.3622089913818735,85.7741209950343,57.42629066448249,86.4019808347343,61.8748975515952,,,zaidvideos-6,33
101.31392917330419,151.56216226563492,22.888684029034973,102.16729698675702,159.08820136006372,23.433879808886672,0.08962329695381263,18.917157853051147,0.26182192592699344,0.363555212068385,84.29905421064323,57.99199090166245,84.64598613136783,62.63403442148455,,,zaidvideos-6,34
100.90647472575074,151.44425956483173,23.870128053100782,102.82334049110644,158.01624455076933,25.036569994057174,0.08362521344323817,18.770280143084165,0.25801377263692515,0.3647357018858138,82.90405419247686,58.501981578161484,83.11458777368989,63.243331964084625,,,zaidvideos-6,35
100.21738423811938,151.91989422904496,24.97024876106457,103.22656836438152,157.31462786798306,26.81015943085856,0.08268457979646561,18.577416551990627,0.2532440433850093,0.3656084058035179,81.6577495972992,58.90851164196737,82.00029691514783,63.57435647029035,,,zaidvideos-6,36
99.52829375048802,152.39552889325822,26.070369469028368,103.62979623765662,156.6130111851968,28.58374886765995,0.08174394614969305,18.384552960897086,0.24847431413309332,0.36648110972122194,80.41144500212152,59.31504170577327,80.88600605660575,63.90538097649606,,,zaidvideos-6,37
98.30917924268397,153.39680201894765,27.289634221095483,103.37818161350752,157.03185494940467,30.483562740071957,0.07797698699083822,18.167482451272154,0.24312338509419437,0.368245089109665,79.53227943983423,59.53996408776332,80.10566658991347,63.925260374663615,,,zaidvideos-6,38
97.01434701771238,154.4731663534194,28.52591955089165,103.03301806115496,157.61076449175454,32.40140867471406,0.07380626704454303,17.94695381042845,0.23768942751429786,0.37013639356535655,78.70556231081699,59.73894251520826,79.373034464914,63.90069047168286,,,zaidvideos-6,39
95.35941106053669,155.77264973685647,30.03067297563722,102.09696289087371,158.3126726108217,34.1404633302999,0.06987270119985804,17.712815562995647,0.23153497023211794,0.37248918373156154,78.07376842401546,59.85008692213486,78.82698352858252,63.80189466453867,,,zaidvideos-6,40
93.16431950505486,157.40681169374153,31.938128542806872,100.27457029369945,159.1990785949648,35.61133106730134,0.06629486650758837,17.458262905679195,0.22429976339651295,0.3755342024635367,77.73435940053747,59.82948029828394,78.56080437525297,63.59176000114934,,,zaidvideos-6,41
90.96922794957301,159.04097365062663,33.84558410997654,98.45217769652518,160.0854845791079,37.08219880430279,0.06271703181531865,17.20371024836274,0.2170645565609079,0.3785792211955119,77.3949503770595,59.80887367443303,78.29462522192344,63.381625337760006,,,zaidvideos-6,42
89.1508931711273,161.33735530152953,36.72420288690628,96.55130047461493,161.8641508880817,39.25618361750872,0.0562620033061276,16.91501959530228,0.21035144804196118,0.38243295303252606,77.56119482846871,59.693098944630655,77.98616032543222,63.29068699689775,,,zaidvideos-6,43
87.3631062394683,163.6874304411366,39.681564626789545,94.64405963448286,163.71516262879854,41.487177923379875,0.04957368881178076,16.623560996640954,0.2036806718189597,0.3863522562023812,77.7684382102742,59.5696078819133,77.67426685517115,63.20941322272687,,,zaidvideos-6,44
85.6878218959547,165.38975066204085,42.771912576257876,92.63011361579268,165.32260604930778,43.841987749460976,0.044795633347988376,16.284481579886393,0.19695046121110152,0.39103367728318567,78.10350453015784,59.35234586541838,77.6654365430035,62.99106511256564,,,zaidvideos-6,45
84.15004071572989,166.30037042675286,46.02479922633024,90.48575015664257,166.63235485623,46.34812765579875,0.04235233892154026,15.887198941017864,0.19014760857730717,0.3966465758107061,78.59479888547035,59.020474905417544,78.02701675739446,62.60518170286064,,,zaidvideos-6,46
82.61225953550507,167.21099019146487,49.27768587640261,88.34138669749245,167.94210366315224,48.85426756213651,0.039909044495092146,15.48991630214934,0.18334475594351285,0.40225947433822656,79.08609324078287,58.68860394541671,78.38859697178543,62.219298293155646,,,zaidvideos-6,47
81.28888851138778,165.959313282112,52.634467370899124,86.3069983176886,166.42598750828284,51.30336633389928,0.04426958493925785,15.005441043871839,0.17650650231634155,0.40810503107289264,79.88771665578697,58.14699579386507,78.92029218073792,61.69972970898046,,,zaidvideos-6,48
79.97101518358096,164.65219286829588,55.993912835765485,84.27542981171413,164.83741327747012,53.75100251246781,0.04880458268779829,14.518730077404367,0.16966734097139136,0.4139565534026137,80.69729722616778,57.60000976560699,79.45634931262786,61.17673329981887,,,zaidvideos-6,49
78.97547167683399,163.1036684929891,59.37895190233939,82.75170870759057,162.6215285242736,56.20083178967275,0.06411268368829608,13.933059150029388,0.1626733769759054,0.4175840343536095,81.65535118591214,56.93725479049356,80.28580386060166,60.50086997779173,,,zaidvideos-6,50
78.3022579911469,161.31374015619167,62.78958457062088,81.73583500531784,159.7783332486933,58.65285416551414,0.0901938879407515,13.248428261746893,0.15552461032988352,0.41898747392588015,82.76187853502006,56.15873086852475,81.40865582465929,59.67213974289903,,,zaidvideos-6,51
77.63334759988425,159.53194592253774,66.18966572698625,80.73024797082961,156.97751336947638,61.112969684097685,0.11647729815646114,12.561198414066853,0.14839825613264798,0.420328181634092,83.87900772367826,55.37371957628482,82.54792958034213,58.83410833883049,,,zaidvideos-6,52
77.1322656911748,158.06738171148072,69.17823791862257,80.12584097993663,155.8293339484325,63.88871776962491,0.15064674093908526,11.772609149882555,0.14214598743808068,0.41922234664401226,85.409608654797,54.33570084347131,84.32765320940749,57.63333133690433,,,zaidvideos-6,53
76.63118378246536,156.60281750042373,72.16681011025887,79.52143398904363,154.68115452738863,66.66446585515212,0.18481618372170905,10.984019885698263,0.13589371874351344,0.41811651165393254,86.94020958591572,53.29768211065781,86.10737683847282,56.43255433497818,,,zaidvideos-6,54
76.01980365587053,154.8288342650257,74.67522189906106,78.89028100368073,152.82022622454446,68.92496419953882,0.22260206234901841,10.08493973811295,0.1299775053311934,0.41595304701347413,88.55066369470102,52.037516813554426,88.56348656622691,54.78063524049351,,,zaidvideos-6,55
75.31817953282403,152.8016900097123,76.79077517645351,78.23724493193335,150.37613974568188,70.76389457390147,0.26334684303107025,9.09545795865408,0.124336246240712,0.4129242490227059,90.22645222157712,50.59559523657751,91.57300310199909,52.75959988846096,,,zaidvideos-6,56
74.57025344792154,150.85993537929198,78.88375054065347,77.56167484132597,147.96402856180816,72.58886066729164,0.30474876704197496,8.107444921153158,0.11891597197805759,0.4097631790281888,91.92671492456587,49.12929568227209,94.60655173723727,50.704662629231905,,,zaidvideos-6,57
73.25126983346179,149.97131945588666,80.69826497547965,76.60818518477872,145.94627934946377,74.2416006286881,0.3542554587753969,7.137546367800269,0.11622117725860243,0.40497075432076934,93.92882579961062,47.36233440758179,97.93649626588943,48.23160184791253,,,zaidvideos-6,58
71.93228621900202,149.0827035324813,82.51277941030582,75.65469552823144,143.92853013711937,75.89434059008457,0.4037621505088193,6.1676478144473705,0.11352638253914726,0.4001783296133498,95.93093667465537,45.59537313289148,101.26644079454164,45.75854106659314,,,zaidvideos-6,59
70.93590144685349,149.25700240698927,84.38628114196484,74.85862097244255,143.06388004920598,77.6188538551659,0.4535875429312817,5.238388591151468,0.11139006287239193,0.3937020579770801,98.43741567257695,43.538741732991475,104.6813231573896,43.281187967144675,,,zaidvideos-6,60
70.15458256957913,150.13991114677282,86.29910773817907,74.16748981715922,142.9679627109133,79.39121598937045,0.5036254024797707,4.336222254560228,0.10962605990743653,0.3861032217215768,101.28014008574972,41.288996916285,108.15283074303471,40.80097332227682,,,zaidvideos-6,61
69.30340633608195,150.99876414675595,88.2115056462164,73.47001472712749,142.578414336843,81.14575343333445,0.5524510573711485,3.4441728956704263,0.1083023257583161,0.3789355669765954,104.16963137363432,39.020325883322926,111.63501479248896,38.35174549609462,,,zaidvideos-6,62
67.96322860902501,151.68922696813607,90.12090273701541,72.72813209385684,140.13344871232908,82.7755180456145,0.5927912796627512,2.6229423806906262,0.1100604733200406,0.37478618280526715,107.38649078450183,36.61917133657148,115.19193408860727,36.11942540071187,,,zaidvideos-6,63
66.62305088196806,152.3796897895162,92.03029982781445,71.98624946058618,137.68848308781517,84.40528265789456,0.633131501954354,1.8017118657108264,0.11181862088176511,0.3706367986339389,110.60335019536934,34.218016789820034,118.74885338472558,33.887105305329115,,,zaidvideos-6,64
66.00158954058107,153.33314081484818,93.81388165427613,72.11721959622339,136.57766171054797,85.78914588879695,0.6833878056337643,1.0548491327820895,0.11378368194921246,0.36737880986313926,114.3140809813041,31.66754722938165,122.12173682336244,31.65632117793427,,,zaidvideos-6,65
65.76712932993946,154.42820087307732,95.52971679994079,72.71818737665716,136.18522569718283,87.04060068357292,0.7389835377527634,0.3480305901885401,0.1158601579812798,0.36460080323108573,118.29074250765966,29.036677276957995,125.39552403104774,29.426364110225215,,,zaidvideos-6,66
65.63291724406679,155.41575047105206,97.21440531371455,73.36592103463046,135.9630054851871,88.25733762861559,0.7957558705118002,-0.3158335699496576,0.11768594606727634,0.36169464665171497,122.33366017321826,26.429939315361516,128.66236930032161,27.25339191861098,,,zaidvideos-6,67
65.97130346067624,155.89646504211316,98.75225970571707,74.23412240100447,136.54323119393294,89.31040471062994,0.8580750348595895,-0.7771984985126571,0.11832991955036774,0.3581843546064199,126.68892820930574,23.936966453378748,131.89648828851315,25.349062714300793,,,zaidvideos-6,68
66.30968967728569,156.3771796131743,100.29011409771958,75.10232376737848,137.12345690267875,90.3634717926443,0.9203941992073787,-1.2385634270756567,0.11897389303345916,0.35467406256112477,131.04419624539324,21.44399359139598,135.1306072767047,23.4447335099906,,,zaidvideos-6,69
67.13617025677941,156.88590073966816,101.89560744175496,76.60704954413708,137.70302731831504,91.28003109497057,0.9826677855802644,-1.609644432793591,0.11699468133900337,0.3524267298565791,135.58789280238193,19.03676387885353,138.35440029209553,21.65352645068512,,,zaidvideos-6,70
68.17183413465207,157.40662467563325,103.53008890809011,78.3845714967748,138.2823168940472,92.13808706314481,1.0449218385353336,-1.9420323287207806,0.11389124742559881,0.350720665440926,140.21234443975686,16.66628123035695,141.57376789057173,19.91080031066739,,,zaidvideos-6,71
69.278051829302,157.79437443060843,105.1025646467907,80.09050259958401,139.4237619542242,92.98503245955602,1.1065210925924063,-2.250638728899335,0.1107461404198297,0.34941258994736246,144.62570990457775,14.456316783476147,144.7270951288813,18.24245080544829,,,zaidvideos-6,72
70.62728822618465,157.7241020066184,106.46146510141662,81.54984299742839,142.50152034971123,93.79370810878352,1.1658649282230444,-2.4773310881659114,0.10745749276258282,0.34947536518544053,148.31200077504568,12.799248364383102,147.65295001550564,16.83028748675786,,,zaidvideos-6,73
71.97652462306729,157.65382958262836,107.82036555604255,83.00918339527277,145.57927874519822,94.60238375801102,1.2252087638536828,-2.7040234474324887,0.10416884510533593,0.3495381404235186,151.99829164551363,11.142179945290055,150.57880490213,15.418124168067436,,,zaidvideos-6,74
74.80255577090385,158.70374479648703,109.28532711057402,86.9327116406585,150.52672725257867,96.99492293273943,1.2798579524533662,-2.8491556644274816,0.09958493746967906,0.3481378771508594,155.3809914278074,9.705101707472297,153.33315752715527,13.945001577831857,,,zaidvideos-6,75
78.12085183572509,160.12705588962862,110.78564236507401,91.67763583522472,156.09740579725698,99.91541661596817,1.3329422587093986,-2.9671011673319487,0.09456927650788545,0.34624993437462115,158.66249418070984,8.341353530079619,156.03034273164758,12.451559230414542,,,zaidvideos-6,76
81.99759149631964,161.41164646859335,112.42256659678252,96.4368885193797,160.7213280130823,102.75855689074817,1.3818238596034718,-3.09988506685782,0.08979520673900604,0.343786183173615,161.67829345103644,7.127440594112212,158.6138235979608,11.049416364139354,,,zaidvideos-6,77
87.34659154577116,162.33051932836463,114.41964176840435,101.23391631245053,162.84925627102245,105.39776545234515,1.4196256009069248,-3.2717883756583026,0.08565805920599129,0.33980439158003906,163.9936017218449,6.308547840084163,160.89753848180192,9.88797212996614,,,zaidvideos-6,78
92.69559159522262,163.24939218813591,116.41671694002618,106.03094410552131,164.97718452896257,108.0369740139421,1.4574273422103774,-3.4436916844587837,0.08152091167297656,0.33582259998646313,166.30890999265335,5.489655086056122,163.18125336564304,8.726527895792938,,,zaidvideos-6,79
99.6201509074029,163.18080897177703,118.72765859620677,112.13678142456675,165.78788673935094,111.16741808189975,1.4903666773492983,-3.6053774958341207,0.07814740104322651,0.3306675373296018,168.01837652515925,4.979836882458723,164.91362906286662,7.904446504838597,,,zaidvideos-6,80
106.93860003526524,162.8653617363856,121.117066873527,118.56982112510573,166.26928243785136,114.42067102644751,1.5220904109470859,-3.7645089328531673,0.0749647996392927,0.32521915690691927,169.5763826230895,4.547287316468997,166.50816996343576,7.167205824688992,,,zaidvideos-6,81
114.42732759727437,162.2469792988109,123.39949481957555,125.17702550103225,167.14171227205063,117.47740300513033,1.5489101559694725,-3.9500021016862235,0.07280572929047498,0.3194076027993843,170.89655307630335,4.216306891496383,167.90764408070422,6.528252188208982,,,zaidvideos-6,82
122.26971036866547,160.99942374900934,125.45973284682916,132.14595651045613,168.82628992654753,120.12597605470907,1.5655446939506423,-4.190246559671458,0.07277245420997533,0.31284176488484794,171.7227571904909,4.096277759405469,168.90197949419428,6.093433180888896,,,zaidvideos-6,83
130.11209314005643,159.75186819920776,127.51997087408272,139.1148875198799,170.51086758104444,122.77454910428776,1.582179231931812,-4.430491017656687,0.07273917912947568,0.3062759269703117,172.54896130467847,3.9762486273145576,169.89631490768429,5.658614173568818,,,zaidvideos-6,84
137.44796920494926,160.56178938113882,129.4369276490137,145.97052811659532,170.47439939081298,125.59982913946546,1.5854656887420897,-4.7274370035708,0.07520437623538581,0.3015518412132825,173.18929001503838,3.8341148632089186,170.74083126975674,5.210165291963033,,,zaidvideos-6,85
144.6944617334011,161.7347946921992,131.3285994970642,152.80617628753853,170.1342172279824,128.45629276033705,1.5863966018163276,-5.034389141472356,0.07811048019772115,0.2971527705428722,173.79681718354635,3.688080281688919,171.55890897569668,4.759311138424485,,,zaidvideos-6,86
151.50558425502854,162.52812168833555,133.0780298848097,158.30315741951296,170.2944220369192,130.4743718561055,1.5867506843855126,-5.322050512288986,0.08082419091109695,0.2932292981882201,174.29265229925983,3.5862600170118766,172.14866333278567,4.437253418460424,,,zaidvideos-6,87
157.59109009861533,162.6886514929319,134.59039117204682,161.5690268198727,171.28860513213502,131.09514341003543,1.586143382779609,-5.577560604630744,0.08321724620954021,0.2900984896931646,174.60233399364913,3.5581302804064308,172.3578787751231,4.329856421120509,,,zaidvideos-6,88
163.67659594220206,162.84918129752828,136.10275245928392,164.8348962202324,172.2827882273508,131.71591496396533,1.5855360811737054,-5.833070696972498,0.08561030150798345,0.2869676811981092,174.91201568803845,3.530000543800985,172.56709421746058,4.222459423780596,,,zaidvideos-6,89
167.3416499331775,161.77720138578752,136.87163042491287,167.41086736690198,172.65116585699127,132.42422591552997,1.5764502214468394,-6.012634061675867,0.08789930408519948,0.2859673822256619,175.02961785439783,3.516343050224771,172.80761853943537,4.124716773129594,,,zaidvideos-6,90
170.73776482941844,160.56827595000928,137.55789913258536,169.91018315205048,172.95000954601224,133.1422634668318,1.566422299706533,-6.183758901086086,0.09017674524894587,0.2852038065335044,175.1258778509761,3.5042935836518048,173.05162162581433,4.028046827666247,,,zaidvideos-6,91
173.13318369141427,160.02232506037717,138.06377069760651,171.71947018438345,171.81963545794125,133.72854145073805,1.5549493202454048,-6.349346712651347,0.09292141613905487,0.284429424218971,175.14309300490453,3.469660060653378,173.20485104025732,3.919500324747478,,,zaidvideos-6,92
174.1747196835491,160.37333973317803,138.32557554021705,172.59518890408373,168.75561378909873,134.1365564905208,1.5415212626913994,-6.50744325124991,0.09629822136483107,0.28364042118004673,175.0533651364243,3.404471637785208,173.2352690161987,3.794885538212544,,,zaidvideos-6,93
175.21625567568395,160.7243544059789,138.58738038282758,173.47090762378397,165.69159212025625,134.54457153030359,1.5280932051373946,-6.665539789848471,0.09967502659060722,0.28285141814112247,174.96363726794405,3.3392832149170384,173.2656869921401,3.6702707516776125,,,zaidvideos-6,94
175.35384161883565,162.62204508229632,138.74649863102468,173.31806084610776,164.52158628751516,135.20325953161455,1.5158531761415226,-6.725452794906853,0.1019535648736591,0.2836619086911425,174.9144477938905,3.317447244350338,173.28671325426853,3.6305789627633116,,,zaidvideos-6,95
175.44385124361983,164.6011397587989,138.90021232162107,173.1110790422538,163.4512654987794,135.87514084669016,1.5036756749644995,-6.780198245568386,0.10417429963340974,0.28455658311426485,174.86739191954362,3.2978929817995044,173.30724521566992,3.5953568053027274,,,zaidvideos-6,96
175.61716030889653,165.4491763472799,139.05057788964737,172.99933685922912,162.25545820702067,136.29784779352175,1.4949063239167115,-6.821036915871651,0.10537429435522082,0.2848543475948258,174.84705413815342,3.266104400884242,173.25998431422258,3.5893754578902883,,,zaidvideos-6,97
175.8825371768228,165.04709610163178,139.1972429011488,172.99285952027887,160.92095530665753,136.44515149124155,1.4899038756433414,-6.8465049341999915,0.10544610271930926,0.28449236950729256,174.85624688055745,3.220793678618821,173.13779445910026,3.615712900531061,,,zaidvideos-6,98
176.14791404474911,164.6450158559837,139.34390791265025,172.98638218132862,159.5864524062944,136.59245518896134,1.4849014273699712,-6.871972952528331,0.1055179110833977,0.2841303914197593,174.8654396229615,3.175482956353401,173.01560460397795,3.6420503431718334,,,zaidvideos-6,99
108.12727732541704,157.93725654730054,22.569396041746035,115.95996294824285,148.42209371228077,20.36145933983183,0.0346860129658797,24.66990275214872,0.27581322930145485,0.35695049744380514,91.97888154929821,50.39372181138524,87.7548244801932,54.5954412798858,,,zaidvideos-7,0
107.85011918213277,157.45918000880246,22.58695745193159,115.51139157308737,148.87046440188402,20.037134223476126,0.03876488144596189,24.504994821103036,0.2763623798032589,0.35574279094273714,91.69675079998228,50.43271346737814,87.5845334947299,54.79029328047339,,,zaidvideos-7,1
107.5729610388485,156.9811034703044,22.604518862117143,115.0628201979319,149.31883509148727,19.71280910712042,0.04284374992604409,24.340086890057353,0.276911530305063,0.3545350844416692,91.41462005066636,50.47170512337104,87.4142425092666,54.98514528106099,,,zaidvideos-7,2
107.29580289556425,156.50302693180632,22.622080272302696,114.61424882277643,149.76720578109055,19.38848399076472,0.046922618406126285,24.175178959011667,0.27746068080686703,0.3533273779406012,91.13248930135042,50.51069677936394,87.2439515238033,55.179997281648575,,,zaidvideos-7,3
106.88061455416894,156.13459339299254,22.655027848680078,114.36168639443304,150.2756746900482,18.968316900928794,0.04867759803452727,24.030387335853625,0.2775740894596162,0.3523190527640166,90.84214100772012,50.5760819619001,87.09497575882024,55.392574143032455,,,zaidvideos-7,4
106.3061605995686,155.89267100766068,22.705728693740333,114.33528813548823,150.85348769826092,18.437562918615697,0.047751167449449954,23.908806837181316,0.2771847190557635,0.35154078296183594,90.5423109321886,50.67192121352464,86.97059447900668,55.625602766873584,,,zaidvideos-7,5
105.73170664496824,155.6507486223288,22.75642953880059,114.3088898765434,151.43130070647365,17.906808936302596,0.04682473686437264,23.787226338509008,0.27679534865191074,0.35076251315965523,90.24248085665707,50.76776046514918,86.84621319919312,55.858631390714706,,,zaidvideos-7,6
105.1572526903679,155.40882623699693,22.807130383860844,114.28249161759858,152.00911371468638,17.376054953989495,0.04589830627929532,23.6656458398367,0.27640597824805807,0.3499842433574746,89.94265078112555,50.86359971677372,86.72183191937955,56.091660014555835,,,zaidvideos-7,7
104.06995330596266,155.2614168882585,22.879996021451593,112.72344442906471,152.2377170500611,16.66530202543164,0.04256638029186567,23.398346061847345,0.2761061296442238,0.34958973181344866,89.37371803906935,50.99767184754018,86.66870693727054,56.24202739710724,,,zaidvideos-7,8
102.94320427311087,155.12127777310423,22.954566643083147,111.046501169024,152.4394581029098,15.940703024085726,0.03904941619656277,23.119837108525907,0.2758131673326987,0.34922474013543464,88.78408509189585,51.134684969009875,86.62106320883113,56.38603622263637,,,zaidvideos-7,9
101.81645524025909,154.9811386579499,23.029137264714706,109.36955790898328,152.64119915575853,15.216104022739811,0.03553245210125987,22.84132815520447,0.27552020502117364,0.3488597484574207,88.19445214472235,51.27169809047956,86.57341948039172,56.53004504816549,,,zaidvideos-7,10
100.5976958547732,154.99980577392847,23.26519717149421,108.0288222024456,153.21570796181194,14.896358870414334,0.03111702734009341,22.582342297480277,0.2745944857346565,0.348995971668819,87.59162499566456,51.45465365501189,86.46451527207412,56.67269797020403,,,zaidvideos-7,11
99.23673865158008,155.2639007016578,23.75083142804783,107.20767998768535,154.36631238645447,15.20229693930226,0.025313072458956025,22.3535284965882,0.2726908693049699,0.3499067997093091,86.96840680733104,51.70861117700465,86.26093577667207,56.81325540502984,,,zaidvideos-7,12
97.87578144838695,155.52799562938714,24.23646568460145,106.3865377729251,155.516916811097,15.508235008190185,0.019509117577818626,22.12471469569612,0.2707872528752832,0.35081762774979924,86.34518861899751,51.96256869899741,86.05735628127002,56.95381283985566,,,zaidvideos-7,13
96.51482424519381,155.79209055711647,24.72209994115507,105.56539555816485,156.66752123573949,15.814173077078111,0.01370516269668123,21.89590089480404,0.2688836364455966,0.3517284557902894,85.721970430664,52.21652622099017,85.85377678586796,57.094370274681474,,,zaidvideos-7,14
95.04373964393395,156.6780728769829,25.385040002640608,105.01682228005002,156.67361132394842,16.708372141371008,0.007762883800368377,21.664413994204313,0.26612254879027003,0.35390046497849503,85.00934364693293,52.555045350448424,85.40158172341883,57.33162746591937,,,zaidvideos-7,15
93.55430047632962,157.66770309553883,26.077531031614804,104.51367715804278,156.48894902275174,17.700614704898072,0.001797550901526281,21.432481576986643,0.2632185492640035,0.3562826710246532,84.28181543063562,52.90765808115092,84.9079507331285,57.58500128322594,,,zaidvideos-7,16
92.0648613087253,158.65733331409476,26.770022060589,104.01053203603553,156.3042867215551,18.692857268425133,-0.004167781997315816,21.200549159768972,0.260314549737737,0.35866487707081135,83.55428721433829,53.260270811853424,84.41431974283819,57.83837510053251,,,zaidvideos-7,17
90.50724004238155,159.77654569848383,27.5345491173004,103.2840383747277,156.32194468910657,19.81445709776235,-0.012227268857135001,20.96332446055255,0.25708531345063623,0.3614609012937961,82.84438561140166,53.604803364552616,83.95175396269586,58.06530147234401,,,zaidvideos-7,18
88.80567878981019,161.16932043296515,28.451152232568138,102.08603113045199,156.76672322401527,21.20914448825435,-0.02470774741235027,20.714927166005427,0.2531694662239964,0.365130541667859,82.17169574778207,53.93227776368927,83.55477029286592,58.23639434811036,,,zaidvideos-7,19
87.10411753723882,162.56209516744644,29.36775534783587,100.88802388617626,157.21150175892396,22.603831878746348,-0.03718822596756554,20.466529871458302,0.24925361899735654,0.368800182041922,81.49900588416246,54.259752162825926,83.15778662303599,58.40748722387671,,,zaidvideos-7,20
85.40255628466744,163.95486990192776,30.284358463103608,99.69001664190054,157.65628029383265,23.998519269238344,-0.04966870452278081,20.218132576911177,0.2453377717707167,0.3724698224159849,80.82631602054286,54.58722656196258,82.76080295320605,58.57858009964305,,,zaidvideos-7,21
83.8554952367744,165.43454731724358,31.64664060460375,97.85769123778583,157.98182246711153,25.98322506441844,-0.06036195023652781,19.9548942029019,0.24121233105361686,0.3770266889547988,80.21575683308373,54.86661458014517,82.45007582351897,58.49365851151951,,,zaidvideos-7,22
82.3505706083391,166.9379254636961,33.130471571440005,95.85236997189683,158.27484563267322,28.128844969968018,-0.07056776881169255,19.687608261766584,0.23702972847548248,0.3818255262658175,79.62214237548655,55.132888130794825,82.16287320477996,58.33891479688055,,,zaidvideos-7,23
80.8456459799038,168.44130361014862,34.614302538276256,93.84704870600784,158.5678687982349,30.27446487551759,-0.08077358738685726,19.420322320631264,0.23284712589734813,0.38662436357683616,79.02852791788936,55.39916168144448,81.87567058604094,58.18417108224159,,,zaidvideos-7,24
79.45832899581478,169.82159066026924,36.190176870044695,91.96971157849113,159.04638198406303,32.40856712856884,-0.08927403442781258,19.133181712539294,0.22854506563777233,0.39114990512301434,78.451734770245,55.64689586462488,81.64392536672496,58.06768306962433,,,zaidvideos-7,25
78.42383494476469,170.8326044213941,38.0421812966097,90.47632686609126,160.08136523069044,34.5081164241251,-0.09265836686613954,18.78647710357736,0.2238846323338723,0.39485555937467104,77.92540555245913,55.839011945397495,81.57855234567812,58.06596216307217,,,zaidvideos-7,26
77.3893408937146,171.84361818251898,39.8941857231747,88.98294215369138,161.11634847731784,36.60766571968136,-0.0960426993044665,18.43977249461543,0.21922419902997228,0.3985612136263278,77.39907633467327,56.03112802617011,81.51317932463128,58.06424125652002,,,zaidvideos-7,27
76.35484684266451,172.85463194364388,41.746190149739704,87.48955744129151,162.15133172394528,38.70721501523762,-0.09942703174279346,18.0930678856535,0.21456376572607225,0.4022668678779845,76.8727471168874,56.22324410694272,81.44780630358444,58.06252034996787,,,zaidvideos-7,28
75.4820273432756,173.4794404096915,43.73028499397239,86.4428098691889,161.82842823930807,40.64273554800829,-0.0978739083285141,17.694921348085522,0.20995053018365661,0.4057386339792307,76.6665865014313,56.288493747206545,81.4117775593645,58.037403537848256,,,zaidvideos-7,29
74.67387766455116,173.94976675770823,45.76721600527213,85.57471715320521,160.962370062165,42.51264457566471,-0.0943458025731922,17.27619803907513,0.20535617374583473,0.40911684482031274,76.58849332690713,56.30299681126686,81.38748652587532,58.00292836350166,,,zaidvideos-7,30
73.86572798582671,174.42009310572496,47.80414701657189,84.7066244372215,160.09631188502192,44.382553603321135,-0.09081769681787026,16.857474730064737,0.20076181730801285,0.41249505566139477,76.51040015238294,56.31749987532717,81.36319549238614,57.96845318915506,,,zaidvideos-7,31
73.12703169937825,174.68011374625277,49.88974129967162,83.78909092896197,159.13942867438445,46.24396249557278,-0.08607638064582195,16.433519223439504,0.19591444777393718,0.4157625916277857,76.47456552743412,56.292109555863654,81.3912541883811,57.89471807851142,,,zaidvideos-7,32
72.7078210173993,173.97272813233167,52.199186633051305,82.6441297762336,157.76475030967265,48.06627076496247,-0.07575429655683211,15.985495607785985,0.18990321799709406,0.41852102317059775,76.63312023053203,56.08320967219054,81.66012164000307,57.64038726090135,,,zaidvideos-7,33
72.28861033542034,173.26534251841056,54.50863196643101,81.49916862350521,156.39007194496082,49.88857903435216,-0.0654322124678422,15.537471992132467,0.18389198822025085,0.4212794547134098,76.79167493362992,55.87430978851742,81.92898909162504,57.386056443291274,,,zaidvideos-7,34
71.86939965344139,172.55795690448943,56.818077299810696,80.35420747077683,155.01539358024903,51.71088730374185,-0.05511012837885236,15.08944837647895,0.17788075844340773,0.4240378862562218,76.95022963672781,55.66540990484431,82.19785654324701,57.131725625681206,,,zaidvideos-7,35
71.54647225948955,171.7124913125543,59.12875640041174,79.44027853905578,153.66497751117342,53.49199674885672,-0.034634272874552785,14.620650293096986,0.17133959437384388,0.42491966984914437,77.43634778048727,55.3658903968064,82.98512851494371,56.539512329379285,,,zaidvideos-7,36
71.27703558110835,170.79031462172253,61.44012092724686,78.65470084122771,152.32804049522903,55.25021795826335,-0.008517433250636815,14.140310838754777,0.1645040223638797,0.42475887124768386,78.10444561350316,55.016026653010265,84.06040299779302,55.75958654491524,,,zaidvideos-7,37
71.00759890272714,169.86813793089073,63.75148545408199,77.86912314339963,150.99110347928462,57.00843916766998,0.017599406373279322,13.659971384412565,0.1576684503539155,0.42459807264622335,78.77254344651904,54.66616290921413,85.13567748064234,54.97966076045118,,,zaidvideos-7,38
70.77228075639104,168.9078155609619,66.0666450382108,77.10166191861343,149.83238341279932,58.746717296489805,0.043447419809071706,13.170258800732967,0.15097407899281476,0.42446412159710406,79.47444591347715,54.29350684580563,86.31645431675675,54.14320834023705,,,zaidvideos-7,39
70.82128371043083,167.62961253189084,68.41343009978704,76.48517130250939,150.15880459180624,60.31880308708635,0.06705521501050095,12.602436805908459,0.14545637970557582,0.42455390015082833,80.4580536632873,53.730914785627355,88.3764174300803,52.83570062210553,,,zaidvideos-7,40
70.87028666447063,166.35140950281982,70.76021516136325,75.86868068640536,150.4852257708132,61.89088887768288,0.09066301021193005,12.034614811083955,0.13993868041833693,0.42464367870455266,81.44166141309744,53.16832272544909,90.43638054340384,51.528192903974016,,,zaidvideos-7,41
70.91928961851042,165.0732064737488,73.10700022293949,75.25219007030132,150.81164694982016,63.46297466827942,0.1142708054133593,11.466792816259447,0.13442098113109802,0.424733457258277,82.42526916290757,52.60573066527081,92.4963436567274,50.22068518584249,,,zaidvideos-7,42
70.87831301602881,163.80812859431748,75.29037868943426,75.09912374777093,149.9459314332776,65.24833494563322,0.14246041149315242,10.89485985945079,0.1293289904337331,0.4237199726682058,83.72255149127179,51.86359464001323,94.7025009804004,48.652547421675486,,,zaidvideos-7,43
70.76985174615616,162.55289457711592,77.35120220961797,75.29362564542079,148.18611339507288,67.19365108805495,0.17408637573171873,10.319843681154016,0.1245562811787737,0.421879040720288,85.25508975355157,50.98680064094616,97.01830396183549,46.888937122981844,,,zaidvideos-7,44
70.6613904762835,161.2976605599144,79.41202572980167,75.48812754307065,146.42629535686817,69.13896723047668,0.20571233997028487,9.744827502857245,0.1197835719238143,0.4200381087723702,86.78762801583136,50.11000664187909,99.33410694327057,45.12532682428821,,,zaidvideos-7,45
70.54760924216865,160.0441327999923,81.45939218993766,75.59248293542073,144.76811129141996,71.0459196479798,0.23748479800217995,9.17006627826949,0.11505952487227072,0.41811987395838895,88.32615019891801,49.22218844469797,101.66401903166017,43.35016323964961,,,zaidvideos-7,46
70.29018897351416,158.83667398661558,83.1434180287855,73.26288268467722,145.85404449039675,71.91705149267996,0.27321258845395124,8.602188803825259,0.11164935731295485,0.41411446176069416,90.02623824379015,48.036716898437845,104.37487700782162,41.263060934497275,,,zaidvideos-7,47
70.03276870485968,157.62921517323883,84.82744386763333,70.93328243393371,146.93997768937353,72.78818333738013,0.30894037890572246,8.03431132938103,0.10823918975363897,0.41010904956299943,91.72632628866228,46.85124535217772,107.08573498398307,39.17595862934493,,,zaidvideos-7,48
69.77534843620519,156.4217563598621,86.5114697064812,68.60368218319019,148.02591088835032,73.6593151820803,0.344668169357494,7.466433854936797,0.10482902219432308,0.40610363736530464,93.42641433353444,45.66577380591759,109.79659296014454,37.088856324192584,,,zaidvideos-7,49
69.25895456664527,156.00346248238026,88.09971679132009,67.40858890822403,148.43859791435935,74.9476624871362,0.3801054408519732,6.909360251592771,0.1027259800452672,0.40180910564690675,95.11647786109133,44.40295612004129,112.59186937356571,35.025865338731464,,,zaidvideos-7,50
68.4835870961799,156.37433354079332,89.59218512215007,67.34800260903525,148.17803876740058,76.65322525254786,0.4152521933891605,6.3630905193489475,0.10193006330647134,0.39722545440780566,96.796516871333,43.0627922945488,115.47156422424665,32.986985672961566,,,zaidvideos-7,51
67.70821962571455,156.74520459920637,91.08465345298004,67.28741630984646,147.9174796204418,78.35878801795951,0.4503989459263476,5.816820787105127,0.10113414656767548,0.3926418031687047,98.47655588157467,41.72262846905632,118.35125907492755,30.948106007191676,,,zaidvideos-7,52
66.9328521552492,157.11607565761946,92.57712178381,67.22683001065768,147.656920473483,80.06435078337117,0.4855456984635349,5.270551054861302,0.10033822982887962,0.3880581519296036,100.15659489181634,40.38246464356383,121.23095392560849,28.90922634142177,,,zaidvideos-7,53
66.30265308873001,157.3656112873159,93.74653275829924,67.4942981243491,146.26379382755343,81.53537281182673,0.5222878230994671,4.7257562982911825,0.10182723856788554,0.3835968816258523,102.68674690078339,38.56988182770751,123.74966197230724,27.2591407054872,,,zaidvideos-7,54
65.6778306297644,157.61065301224505,94.90397864551659,67.77391640148053,144.8287202372175,82.99770814632096,0.5590890355909086,4.181016170449715,0.1034008741764397,0.37914014394933615,105.24838457636992,36.739802012208074,126.25500013737702,25.623454848435415,,,zaidvideos-7,55
65.05300817079878,157.85569473717422,96.06142453273395,68.05353467861195,143.3936466468816,84.46004348081519,0.5958902480823499,3.636276042608251,0.10497450978499384,0.37468340627282004,107.81002225195641,34.90972219670865,128.7603383024468,23.98776899138364,,,zaidvideos-7,56
64.21364435038242,158.4643097401873,97.02035481731008,68.70668811823452,142.0925690620106,86.01304516001669,0.6382390878357048,3.1184511395690606,0.1064342406120797,0.3699161877937381,110.51908162285015,33.06556738459226,131.00083396458376,22.60563893578792,,,zaidvideos-7,57
63.088225381365085,159.55768911397897,97.71459763169791,69.8578884411786,140.97015281775953,87.68693529882786,0.6879847639382778,2.636513202932907,0.10774209839720782,0.364734994911235,113.42470325415353,31.202645910319955,132.888206289477,21.561583282133633,,,zaidvideos-7,58
61.96280641234776,160.65106848777057,98.40884044608573,71.00908876412268,139.84773657350848,89.36082543763902,0.7377304400408501,2.1545752662967583,0.10904995618233593,0.359553802028732,116.33032488545686,29.339724436047668,134.7755786143702,20.517527628479357,,,zaidvideos-7,59
60.83738744333043,161.74444786156224,99.10308326047357,72.16028908706676,138.7253203292574,91.0347155764502,0.7874761161434229,1.6726373296606043,0.11035781396746404,0.3543726091462289,119.23594651676022,27.476802961775356,136.66295093926342,19.473471974825067,,,zaidvideos-7,60
60.74011080292242,162.2860451275151,99.91938791743172,73.12721015836269,138.73834524312272,92.11893114813329,0.8322420900302336,1.2345587186409503,0.10992313611541014,0.35172327662971636,122.04696460431207,25.735194303347345,138.45228361890665,18.769184193739108,,,zaidvideos-7,61
60.766211241947545,162.76142854052733,100.75033999549832,74.07201771946083,138.88762309596203,93.132385771761,0.8764104996511528,0.8017432266952766,0.1092793539868944,0.3493777673571227,124.84663026661372,24.00814318282065,140.22985154111987,18.105668557361348,,,zaidvideos-7,62
60.79231168097267,163.23681195353953,101.58129207356491,75.01682528055898,139.03690094880133,94.1458403953887,0.9205789092720713,0.36892773474960827,0.10863557185837866,0.3470322580845291,127.64629592891532,22.281092062293975,142.00741946333306,17.442152920983595,,,zaidvideos-7,63
61.056351853921605,163.7929852466733,102.38354137044273,76.84390860174919,139.14403982728155,95.55877241465984,0.9640698152501272,-0.02181792645646305,0.10708450549302437,0.3446846634300984,130.45625144779885,20.608878209090967,143.78054265290103,16.873909335361045,,,zaidvideos-7,64
61.74868354793342,164.4945803240259,103.13412566118072,80.25908829110516,139.1753285519154,97.69076374608915,1.0063412146710293,-0.3368378923312487,0.10390032750136063,0.34233331508836096,133.28472870852977,19.035371437070598,145.54566532370754,16.477155441097874,,,zaidvideos-7,65
62.44101524194522,165.19617540137844,103.88470995191872,83.67426798046108,139.20661727654928,99.82275507751842,1.048612614091931,-0.6518578582060305,0.10071614950969696,0.33998196674662357,136.11320596926066,17.461864665050246,147.31078799451402,16.080401546834707,,,zaidvideos-7,66
63.133346935957036,165.89777047873102,104.63529424265671,87.08944766981705,139.23790600118318,101.95474640894773,1.090884013512833,-0.9668778240808161,0.09753197151803322,0.3376306184048861,138.94168322999158,15.888357893029877,149.07591066532055,15.683647652571539,,,zaidvideos-7,67
64.74696274285989,165.97820055137777,105.36626340303215,89.63914262376004,140.63990221320105,103.49435366140871,1.1263324185333456,-1.2500337865741635,0.0934465433690691,0.33577700055337883,141.89074176820765,14.47607023631533,150.64516538209003,15.19601177905251,,,zaidvideos-7,68
66.56085770473908,165.9235947534363,106.09296840463311,92.00068872217844,142.3398783137807,104.90518176626787,1.1602975639015995,-1.5262627918106761,0.08916519127286575,0.33403158498235636,144.86601362761616,13.09883021336292,152.17184010885146,14.688618953521337,,,zaidvideos-7,69
68.37475266661824,165.8689889554948,106.81967340623407,94.36223482059683,144.03985441436032,106.31600987112702,1.194262709269853,-1.8024917970471854,0.08488383917666245,0.3322861694113339,147.84128548702463,11.721590190410526,153.69851483561285,14.18122612799017,,,zaidvideos-7,70
70.95035197729516,166.04112852790146,107.91477999681341,97.20279687628022,146.14021408885364,107.92861112687912,1.2253426369887794,-2.053050545485673,0.08033036656545395,0.3308703742590967,150.51473013142146,10.514856330969259,155.23494683834937,13.651174271888475,,,zaidvideos-7,71
75.43021215996646,166.78013152617834,109.9308905598387,101.2408988251261,149.2415326981312,110.04564525986359,1.2492095205843872,-2.2394336519290956,0.07509659266673255,0.33027863015382286,152.43360673828906,9.73438788030587,156.7957720310236,13.06447483936048,,,zaidvideos-7,72
79.91007234263778,167.51913452445524,111.947001122864,105.27900077397199,152.3428513074088,112.16267939284805,1.273076404179995,-2.425816758372518,0.06986281876801116,0.32968688604854907,154.35248334515668,8.953919429642482,158.35659722369783,12.477775406832485,,,zaidvideos-7,73
84.38993252530904,168.2581375227321,113.96311168588927,109.31710272281782,155.44416991668635,114.27971352583248,1.2969432877756022,-2.612199864815938,0.06462904486928983,0.32909514194327527,156.27135995202426,8.173450978979105,159.91742241637203,11.891075974304496,,,zaidvideos-7,74
90.17520476550598,168.3304116705538,115.97591259110743,113.50705407155563,157.15360814702927,115.76797615586516,1.3179063134469697,-2.806498066065262,0.060524747256814296,0.32579447587851046,157.8411458140691,7.529884332465108,161.2498400132111,11.282015253201719,,,zaidvideos-7,75
96.39561435821149,168.1804428682237,117.98761027705655,117.74762188692407,158.39908625106062,117.0466482849139,1.3379013864769238,-3.003434632249887,0.05679694173975407,0.3215908358272487,159.29456809450633,6.9319516206675775,162.50612174477175,10.665500769240682,,,zaidvideos-7,76
102.616023950917,168.03047406589366,119.99930796300565,121.98818970229252,159.64456435509197,118.32532041396264,1.3578964595068779,-3.200371198434512,0.05306913622269384,0.3173871957759869,160.74799037494358,6.334018908870046,163.76240347633242,10.048986285279643,,,zaidvideos-7,77
108.74226245321559,168.0747607830692,121.85180383363112,126.26456625323327,160.97786802764907,119.60289514730599,1.376133489486012,-3.409716857720416,0.050094177471593976,0.31259009619591654,162.1392633778695,5.777448188352049,164.94937773525086,9.430763674816362,,,zaidvideos-7,78
114.5232069573559,168.83131773843206,123.1205597147367,130.67224150127274,162.63319878480064,120.87644609639626,1.3879243616121413,-3.6645625250443583,0.04987965686234868,0.30561697834354806,163.30265569658744,5.37253810252565,165.88222459448124,8.806277933844818,,,zaidvideos-7,79
120.3041514614962,169.58787469379493,124.38931559584226,135.07991674931222,164.28852954195222,122.14999704548654,1.3997152337382706,-3.919408192368301,0.04966513625310338,0.2986438604911796,164.46604801530535,4.9676280166992495,166.81507145371162,8.181792192873274,,,zaidvideos-7,80
126.08509596563644,170.34443164915777,125.65807147694782,139.48759199735167,165.9438602991038,123.4235479945768,1.4115061058643996,-4.17425385969224,0.04945061564385809,0.2916707426388112,165.62944033402326,4.562717930872855,167.74791831294198,7.55730645190174,,,zaidvideos-7,81
131.68264536091903,170.24119039701452,126.92895629570624,143.72864693154324,166.7364696318921,124.55591675634116,1.4147079741593338,-4.45500037986787,0.05201504862109453,0.2862253419350457,166.39829408057366,4.357824531053805,168.4773711039578,6.957580308550647,,,zaidvideos-7,82
137.19332338884797,169.73067630973677,128.20084955861603,147.8907764539121,167.1204214478768,125.62140974516167,1.4138413669552805,-4.748015725078508,0.05589582803403291,0.2815035967227237,166.9802611350447,4.247675877238241,169.11047933634566,6.3695823956513475,,,zaidvideos-7,83
142.70400141677692,169.220162222459,129.4727428215258,152.052905976281,167.50437326386148,126.68690273398218,1.4129747597512274,-5.041031070289147,0.05977660744697129,0.2767818515104017,167.56222818951574,4.137527223422676,169.74358756873355,5.781584482752047,,,zaidvideos-7,84
148.04363407438652,168.64965931079524,130.67687620962192,156.06984222569366,167.89672763980914,127.66677634860972,1.412219060357871,-5.330109593666162,0.06367045539386754,0.27207330292814974,168.12934981821135,4.026536613271578,170.38953792005321,5.194105539925025,,,zaidvideos-7,85
152.3569945100806,167.71922345281519,131.47445034883611,159.21561883736922,168.33949737553462,128.13293371807947,1.4121288078286955,-5.595567186041458,0.06764271454451133,0.2674439341263179,168.60739889225437,3.9104942651072596,171.11254098496372,4.609740417531622,,,zaidvideos-7,86
156.67035494577468,166.78878759483513,132.2720244880503,162.3613954490448,168.78226711126013,128.59909108754923,1.41203855529952,-5.861024778416754,0.07161497369515514,0.2628145653244861,169.08544796629735,3.7944519169429425,171.83554404987424,4.025375295138219,,,zaidvideos-7,87
160.98371538146876,165.85835173685507,133.0695986272645,165.50717206072036,169.2250368469856,129.06524845701898,1.4119483027703446,-6.126482370792051,0.07558723284579894,0.25818519652265426,169.56349704034037,3.678409568778625,172.55854711478474,3.4410101727448157,,,zaidvideos-7,88
163.7876205663473,164.83135312378,133.2297796709607,167.52319052961218,169.06130125371578,129.02518183920782,1.4089912283177273,-6.362189976996742,0.07973317125104867,0.2541334603956036,169.99153746402953,3.504260867627895,172.9767908409481,3.005097791192701,,,zaidvideos-7,89
165.6148194124629,163.74187272799637,132.97752988814526,168.80818902376163,168.50512103580192,128.65755852374429,1.4041791514440594,-6.57864759214987,0.08399149035045526,0.2504554865875289,170.38721934925445,3.2925139380741886,173.19783734792207,2.6652430654790584,,,zaidvideos-7,90
167.44201825857854,162.6523923322127,132.72528010532983,170.09318751791108,167.94894081788806,128.28993520828075,1.3993670745703914,-6.795105207302998,0.08824980944986185,0.24677751277945423,170.78290123447937,3.080767008520482,173.41888385489608,2.325388339765416,,,zaidvideos-7,91
169.178164328157,161.58523567208758,132.45774644693319,171.32887652478695,167.40260758610268,127.94956057907609,1.3943549010296359,-7.00705368934741,0.09238376747031274,0.24328107589115533,171.15796329092817,2.8811202792334503,173.63300554102156,1.998762677304321,,,zaidvideos-7,92
169.73062430275294,160.80828757552302,131.99152240598116,171.92354219710646,166.98428517398784,127.96341887123704,1.3867414708167431,-7.1603834409785145,0.09490103146433954,0.24214461895994127,171.2649675732875,2.8387761534131895,173.75710455611645,1.844114837126333,,,zaidvideos-7,93
170.28308427734885,160.03133947895847,131.5252983650291,172.518207869426,166.56596276187298,127.97727716339799,1.3791280406038504,-7.31371319260962,0.09741829545836636,0.2410081620287272,171.37197185564682,2.7964320275929277,173.88120357121133,1.689466996948343,,,zaidvideos-7,94
170.83554425194478,159.25439138239392,131.05907432407707,173.11287354174553,166.14764034975815,127.99113545555893,1.3715146103909575,-7.467042944240726,0.09993555945239319,0.23987170509751315,171.47897613800617,2.754087901772666,174.00530258630621,1.5348191567703529,,,zaidvideos-7,95
171.06310046712562,157.9970699722246,130.8067360485981,173.69314151726374,165.6685963837535,128.06178339728461,1.365030451990251,-7.570153540195356,0.10217655987680345,0.23962560982725392,171.53224351281983,2.713539638096583,174.07880419312139,1.43853858250567,,,zaidvideos-7,96
171.00907342414672,156.32342502359782,130.73976543652913,174.26093148888754,165.13692707104443,128.18164903529976,1.359524995826772,-7.629740867897042,0.10417813187421274,0.24015116132982217,171.53893890109393,2.6745477882787876,174.10845471276085,1.392842972032519,,,zaidvideos-7,97
170.95504638116785,154.64978007497103,130.67279482446017,174.8287214605113,164.60525775833534,128.30151467331487,1.3540195396632935,-7.689328195598729,0.10617970387162201,0.24067671283239045,171.54563428936802,2.635555938460992,174.13810523240028,1.3471473615593683,,,zaidvideos-7,98
170.90101933818895,152.97613512634425,130.60582421239118,175.39651143213507,164.07358844562626,128.42138031133,1.3485140834998148,-7.748915523300415,0.1081812758690313,0.2412022643349587,171.55232967764212,2.5965640886431967,174.16775575203974,1.3014517510862174,,,zaidvideos-7,99
97.47050659619241,161.40847490906313,30.188203631070305,107.5947637722635,157.5465327649915,25.735851890613105,0.01971180972858762,26.62823829950356,0.2734015538634981,0.3808495508488851,78.66030805977516,61.20710658836385,84.41627163686587,65.83362427623969,,,zaidvideos-8,0
96.7406590275589,161.87172610855595,30.561378777931747,107.30987545261041,157.2592899309214,26.263709953298818,0.020308445579096262,26.49876025805934,0.2723299481673252,0.3811644244129168,78.35885493252673,61.307985007242436,84.09633980668178,65.87989458679235,,,zaidvideos-8,1
96.01081145892542,162.33497730804876,30.934553924793185,107.02498713295732,156.9720470968513,26.791568015984534,0.0209050814296049,26.369282216615122,0.2712583424711523,0.3814792979769485,78.05740180527827,61.40886342612103,83.77640797649768,65.926164897345,,,zaidvideos-8,2
95.28096389029191,162.7982285075416,31.307729071654627,106.74009881330421,156.6848042627812,27.319426078670247,0.02150171728011354,26.239804175170903,0.2701867367749794,0.3817941715409802,77.75594867802984,61.50974184499962,83.45647614631359,65.97243520789766,,,zaidvideos-8,3
94.55111632165843,163.26147970703443,31.68090421851607,106.45521049365112,156.39756142871113,27.847284141355964,0.022098353130622177,26.110326133726684,0.26911513107880647,0.3821090451050119,77.4544955507814,61.610620263878204,83.1365443161295,66.0187055184503,,,zaidvideos-8,4
93.56276279490696,163.97702560119404,32.077939493717196,105.72613214450276,156.44536047663456,28.46092198902751,0.021478708395989747,25.98348930171096,0.2676670392743466,0.38285673415464694,77.21825465485608,61.674631461917976,82.80948619271533,66.06684879491812,,,zaidvideos-8,5
92.53747984556722,164.72861359459176,32.478383358681135,104.93359807685508,156.5410226505571,29.08681409169704,0.020685309292051448,25.857029785327878,0.2661651637401314,0.3836662539879396,76.99132979197692,61.733375914123634,82.48141002741116,66.11525963794524,,,zaidvideos-8,6
91.51219689622748,165.48020158798948,32.878827223645075,104.14106400920738,156.6366848244796,29.712706194366564,0.01989191018811315,25.7305702689448,0.26466328820591617,0.3844757738212322,76.76440492909776,61.792120366329286,82.15333386210698,66.16367048097236,,,zaidvideos-8,7
90.48691394688774,166.2317895813872,33.27927108860902,103.3485299415597,156.73234699840214,30.338598297036093,0.019098511084174853,25.604110752561716,0.26316141267170096,0.3852852936545248,76.53748006621862,61.850864818534944,81.82525769680281,66.21208132399948,,,zaidvideos-8,8
89.06834177115134,167.11534081321958,34.1083112672103,102.23588007651281,156.64151488268155,31.347336412122022,0.019393351617189258,25.413294510743288,0.26012654848146693,0.3870149210285774,76.12120249142959,61.965104686000245,81.22489826961404,66.35003633816119,,,zaidvideos-8,9
87.51867318661606,168.04287979119687,35.08021688369068,101.01652494566619,156.4885180037466,32.483689864680095,0.020050938695854566,25.201026027113077,0.25658068807255996,0.3890512509162166,75.64180734600393,62.09784302521876,80.53377775513043,66.51783940936777,,,zaidvideos-8,10
85.96900460208077,168.97041876917413,36.052122500171066,99.79716981481957,156.33552112481163,33.62004331723816,0.02070852577451987,24.988757543482865,0.25303482766365304,0.3910875808038558,75.16241220057827,62.23058136443728,79.84265724064682,66.68564248057434,,,zaidvideos-8,11
84.41933601754548,169.8979577471514,37.02402811665146,98.57781468397295,156.1825242458767,34.756396769796225,0.02136611285318518,24.776489059852654,0.24948896725474606,0.39312391069149505,74.68301705515262,62.36331970365579,79.1515367261632,66.85344555178092,,,zaidvideos-8,12
82.92155368655492,170.7469968568314,38.277826912423116,97.22791357539734,156.1641974999186,36.06334968355641,0.02380917722963678,24.527303408736312,0.2443017069527626,0.3953811126703137,74.27327212314795,62.447214849653285,78.76512418468133,66.88620940440546,,,zaidvideos-8,13
81.45490310769117,171.54893604553305,39.70076161576954,95.79968488018433,156.22667283374662,37.47266227403787,0.027323527984760163,24.255967457128286,0.23812960671493327,0.39777083790384,73.90531731919589,62.50180407971817,78.56153642700048,66.83794972588078,,,zaidvideos-8,14
79.98825252882742,172.3508752342347,41.12369631911596,94.37145618497132,156.28914816757464,38.881974864519336,0.03083787873988355,23.98463150552026,0.23195750647710392,0.40016056313736625,73.53736251524381,62.556393309783054,78.35794866931963,66.7896900473561,,,zaidvideos-8,15
78.52160194996368,173.15281442293636,42.54663102246238,92.94322748975831,156.35162350140266,40.29128745500079,0.03435222949500693,23.713295553912232,0.2257854062392746,0.4025502883708925,73.16940771129174,62.61098253984794,78.15436091163878,66.74143036883142,,,zaidvideos-8,16
77.28307604492062,173.95159696160118,44.10314326372121,91.3551682757637,156.7832453498006,41.818721794674346,0.039686053773876954,23.418064000117344,0.21950383524928715,0.4043785160124449,72.96519358051613,62.544984798278016,78.06354846395091,66.5784668142829,,,zaidvideos-8,17
76.27267481369826,174.74722285022924,45.793233042892446,89.60727854298747,157.58401371276855,43.46427788354,0.04683935157649362,23.098936844135586,0.21311279350714163,0.4056452460620234,72.92472012291698,62.358400085073285,78.08551132625604,66.30079938371055,,,zaidvideos-8,18
75.26227358247588,175.5428487388573,47.483322822063684,87.85938881021124,158.38478207573647,45.10983397240565,0.053992649379110316,22.77980968815383,0.20672175176499608,0.4069119761116019,72.88424666531783,62.17181537186855,78.10747418856117,66.0231319531382,,,zaidvideos-8,19
74.25187235125352,176.33847462748534,49.173412601234915,86.11149907743501,159.18555043870438,46.75539006127131,0.06114594718172699,22.460682532172072,0.20033071002285055,0.4081787061611804,72.84377320771868,61.98523065866381,78.1294370508663,65.74546452256585,,,zaidvideos-8,20
73.36012970598726,176.68317474475944,50.927665542751896,84.60747469073999,159.1915389514693,48.34850012244168,0.07033734988176402,22.152476497805928,0.19336304171358493,0.40986385468831527,72.93318716302312,61.72224609140674,78.27546411645685,65.413641280989,,,zaidvideos-8,21
72.66615137064781,176.27633190977699,52.78885708817846,83.50989254751367,157.87289438056257,49.854200137453276,0.08292559407750172,21.86247233279914,0.18543432912578572,0.41224636734471076,73.23908013983358,61.331928434062434,78.62826485418978,64.99155835440463,,,zaidvideos-8,22
71.97217303530836,175.86948907479453,54.65004863360501,82.41231040428734,156.55424980965583,51.35990015246486,0.09551383827323937,21.57246816779235,0.17750561653798655,0.4146288800011062,73.54497311664403,60.94161077671812,78.98106559192271,64.56947542782027,,,zaidvideos-8,23
71.27819469996892,175.46264623981207,56.51124017903157,81.31472826106102,155.23560523874912,52.86560016747645,0.10810208246897701,21.282464002785563,0.16957690395018737,0.4170113926575017,73.85086609345447,60.55129311937382,79.33386632965563,64.1473925012359,,,zaidvideos-8,24
70.647036249797,174.9707404083799,58.38168561731841,80.32135144552562,153.8446254852981,54.31700282436206,0.12177276811331458,20.985612524140237,0.16169126632587164,0.41920000861688994,74.2075688861042,60.112800352922946,79.77884019913685,63.6999184362398,,,zaidvideos-8,25
70.20433745512761,174.22364558759853,60.27989273418613,79.64059061306297,152.23664018421434,55.60551340686975,0.13869077810345187,20.66821910457929,0.15393485359200607,0.4208069344852567,74.71670112627179,59.52978225915237,80.50033346386294,63.176270956008466,,,zaidvideos-8,26
69.76163866045823,173.47655076681716,62.17809985105385,78.95982978060033,150.62865488313057,56.89402398937743,0.15560878809358925,20.35082568501834,0.1461784408581405,0.4224138603536234,75.22583336643937,58.94676416538179,81.22182672858904,62.65262347577713,,,zaidvideos-8,27
69.31893986578885,172.7294559460358,64.07630696792157,78.27906894813768,149.02066958204682,58.18253457188511,0.17252679808372653,20.033432265457392,0.13842202812427495,0.42402078622199013,75.73496560660696,58.36374607161122,81.94331999331513,62.1289759955458,,,zaidvideos-8,28
68.93526776680959,171.9177384153429,65.97761081378349,77.61927139837795,147.5525371066201,59.485514470492774,0.18958111759673593,19.70001822515744,0.13078081653848928,0.42564712636820257,76.28817345619872,57.76281970380146,82.75224215333095,61.55325577256331,,,zaidvideos-8,29
68.96478253766104,170.65366191526945,67.90059176260485,77.10621682753863,147.06337441079268,60.889779581800354,0.2075896037698501,19.254459839684458,0.1239460129892627,0.4274093664593352,77.14991057175972,57.03653541771743,84.17316658037501,60.61302635032267,,,zaidvideos-8,30
68.9942973085125,169.389585415196,69.82357271142621,76.59316225669933,146.5742117149653,62.29404469310793,0.2255980899429642,18.808901454211473,0.11711120944003614,0.4291716065504679,78.0116476873207,56.31025113163341,85.59409100741907,59.672796928082036,,,zaidvideos-8,31
69.02381207936395,168.1255089151225,71.74655366024757,76.08010768586001,146.0850490191379,63.698309804415494,0.2436065761160783,18.36334306873849,0.11027640589080959,0.4309338466416005,78.8733848028817,55.58396684554938,87.01501543446312,58.7325675058414,,,zaidvideos-8,32
69.05332685021541,166.86143241504905,73.66953460906892,75.5670531150207,145.59588632331048,65.10257491572307,0.2616150622891924,17.91778468326551,0.10344160234158303,0.43269608673273313,79.7351219184427,54.85768255946535,88.43593986150718,57.79233808360077,,,zaidvideos-8,33
68.97035445391262,165.86033914441342,75.35738453704569,75.06838958179762,144.80342659229103,66.3773694719229,0.2824399709900189,17.445469231079592,0.09873841348014593,0.4329867446724194,80.97421707181954,54.123924353953974,89.78462196809225,56.66761418261988,,,zaidvideos-8,34
68.88738205760983,164.85924587377778,77.04523446502245,74.56972604857454,144.01096686127158,67.65216402812274,0.30326487969084537,16.97315377889368,0.09403522461870885,0.4332774026121056,82.21331222519639,53.390166148442596,91.13330407467733,55.54289028163899,,,zaidvideos-8,35
68.80440966130703,163.85815260314214,78.73308439299922,74.07106251535144,143.21850713025214,68.92695858432258,0.32408978839167185,16.50083832670776,0.08933203575727175,0.43356806055179187,83.45240737857323,52.65640794293122,92.4819861812624,54.4181663806581,,,zaidvideos-8,36
68.72143726500424,162.8570593325065,80.420934320976,73.57239898212836,142.4260473992327,70.20175314052243,0.3449146970924985,16.02852287452184,0.08462884689583462,0.43385871849147806,84.69150253195008,51.92264973741984,93.83066828784749,53.293442479677196,,,zaidvideos-8,37
68.68056386217985,161.42283849968408,82.04968142777824,73.50126582412953,140.399312034326,71.47883260089348,0.36507454155985786,15.501734420314705,0.08067569382214233,0.43473814147943834,86.13609919871149,51.03350985946837,95.41105820160928,52.1035951731042,,,zaidvideos-8,38
68.64570460128095,159.92674230083495,83.6699852744127,73.49120843401988,138.19625157886395,72.75623847614614,0.3851393768510077,14.967164108675965,0.07682968871812787,0.4357016737600091,87.61005322452785,50.12217259973975,97.02454923068204,50.904444522875195,,,zaidvideos-8,39
68.61084534038206,158.43064610198584,85.29028912104715,73.48115104391023,135.99319112340194,74.03364435139878,0.40520421214215746,14.432593797037224,0.0729836836141134,0.43666520604057996,89.08400725034419,49.21083534001113,98.63804025975479,49.70529387264618,,,zaidvideos-8,40
68.57598607948314,156.93454990313674,86.91059296768161,73.47109365380058,133.7901306679399,75.31105022665143,0.4252690474333073,13.898023485398484,0.06913767851009894,0.4376287383211508,90.55796127616054,48.299498080282504,100.25153128882755,48.506143222417165,,,zaidvideos-8,41
68.41615965113724,156.3467804157834,88.26270541001327,73.25770248122603,133.6222811809149,76.56922853388159,0.45172196012215465,13.264317800766829,0.06772813560856521,0.43584424117357634,92.15442948621606,47.27646098519402,102.00668314454497,47.1110191619187,,,zaidvideos-8,42
68.21467750030898,156.06178649892868,89.52542071757733,72.97653338116318,134.13283535003558,77.82099765177091,0.4803042319435679,12.597566991804202,0.06713074677452506,0.43314373421662017,93.79173575768463,46.21619061165225,103.8090552758106,45.65057063133041,,,zaidvideos-8,43
68.01319534948072,155.77679258207394,90.78813602514141,72.69536428110034,134.64338951915627,79.07276676966023,0.5088865037649815,11.93081618284157,0.0665333579404849,0.430443227259664,95.42904202915322,45.155920238110475,105.61142740707626,44.190122100742116,,,zaidvideos-8,44
67.81171319865247,155.4917986652192,92.05085133270549,72.41419518103748,135.15394368827697,80.32453588754956,0.5374687755863947,11.264065373878942,0.06593596910644474,0.4277427203027078,97.0663483006218,44.0956498645687,107.4137995383419,42.72967357015383,,,zaidvideos-8,45
68.06220339755619,155.1559725480711,93.07433159398536,71.93489801219474,136.0544168922189,81.67365076593791,0.570278461174769,10.557821108914604,0.06619724964351244,0.42455572013100973,99.00763119962515,42.89568206607737,109.11160303431345,41.2232404083796,,,zaidvideos-8,46
68.58387700629906,154.78964711074698,93.95427082749471,71.33672400208405,137.18884151705362,83.08117310062566,0.6056245950233199,9.82788077034924,0.06697373180324484,0.4210768240304665,101.13130007514938,41.611895812616304,110.74666534910853,39.68921646789382,,,zaidvideos-8,47
69.10555061504193,154.4233216734229,94.83421006100407,70.73854999197336,138.3232661418883,84.48869543531343,0.6409707288718708,9.09794043178388,0.06775021396297724,0.41759792792992323,103.25496895067361,40.32810955915524,112.3817276639036,38.15519252740803,,,zaidvideos-8,48
69.62722422378482,154.05699623609877,95.71414929451342,70.14037598186268,139.457690766723,85.89621777000119,0.6763168627204217,8.368000093218516,0.06852669612270965,0.41411903182938,105.37863782619785,39.044323305694164,114.01678997869868,36.62116858692225,,,zaidvideos-8,49
69.88528709836197,154.20834628299812,96.51373805222674,70.02019979788481,140.4756564352911,87.1786590416677,0.7159565081904712,7.656319286297983,0.070455206522066,0.40925077382703723,107.64524208573434,37.656516786938624,115.8863666069345,35.167997218481126,,,zaidvideos-8,50
69.87973923877341,154.87737181412098,97.23297633414401,70.37802144003977,141.37716314759263,88.33601925031296,0.7598896652820193,6.962898011022283,0.07353574516104631,0.402993153922895,110.0547817292831,36.164690002888605,117.99045754861106,33.79567842208465,,,zaidvideos-8,51
69.87419137918484,155.54639734524383,97.95221461606128,70.73584308219473,142.27866985989414,89.49337945895822,0.8038228223735673,6.269476735746581,0.07661628380002664,0.39673553401875267,112.46432137283186,34.672863218838586,120.09454849028764,32.42335962568817,,,zaidvideos-8,52
69.86864351959628,156.2154228763667,98.67145289797857,71.09366472434971,143.18017657219565,90.65073966760349,0.8477559794651157,5.576055460470874,0.07969682243900698,0.39047791411461036,114.87386101638064,33.18103643478855,122.19863943196421,31.05104082929169,,,zaidvideos-8,53
69.88509758341681,156.72038962758688,99.31957739674183,71.6554808794312,143.61900387582634,91.68179693124274,0.8904053806556961,4.903180985936568,0.08281386853760563,0.38466817352467864,117.28542889228306,31.64213801561273,124.40637541736841,29.681044798691218,,,zaidvideos-8,54
69.93822151958584,156.9519250789693,99.84917892358175,72.55728788939022,143.2866988316723,92.50234928653867,0.9309151886779969,4.264551179304584,0.08599176040223479,0.37960489845843115,119.70037715544161,30.02478687122724,126.78685314231865,28.314920044417416,,,zaidvideos-8,55
69.99134545575488,157.18346053035174,100.37878045042166,73.45909489934925,142.9543937875183,93.3229016418346,0.9714249967002977,3.6259213726725994,0.08916965226686396,0.37454162339218366,122.11532541860016,28.407435726841747,129.16733086726887,26.948795290143618,,,zaidvideos-8,56
70.04446939192391,157.41499598173417,100.90838197726157,74.3609019093083,142.62208874336432,94.14345399713055,1.0119348047225987,2.9872915660406156,0.09234754413149313,0.3694783483259362,124.53027368175871,26.790084582456252,131.54780859221913,25.582670535869816,,,zaidvideos-8,57
70.1125999558429,157.73321922306278,101.35541654326103,75.3046574661537,142.69274271955646,94.8984747559348,1.0527260373283502,2.3782820233495876,0.09506375300796073,0.36442529855236355,127.00680208718487,25.179068157794717,133.91264973037718,24.241349483133224,,,zaidvideos-8,58
70.22575040301176,158.31150583422996,101.55475022673917,76.37425866365825,143.97227375678708,95.45690072526405,1.0943615436844543,1.858133272481429,0.09639491291994365,0.3594029246568157,129.66807091941382,23.58705589230504,136.23058110815865,22.974439535008255,,,zaidvideos-8,59
70.33890085018062,158.88979244539718,101.75408391021732,77.44385986116282,145.25180479401772,96.0153266945933,1.1359970500405585,1.3379845216132666,0.09772607283192657,0.3543805507612679,132.3293397516428,21.995043626815356,138.54851248594014,21.707529586883275,,,zaidvideos-8,60
70.45205129734948,159.46807905656436,101.95341759369545,78.51346105866737,146.53133583124833,96.57375266392253,1.1776325563966625,0.8178357707451078,0.09905723274390947,0.34935817686572,134.99060858387176,20.40303136132568,140.8664438637216,20.440619638758303,,,zaidvideos-8,61
70.64165622089251,159.98469029990645,102.18015303146512,79.64768982101944,147.73701736795124,97.1858253185268,1.2184943989500585,0.316607268793076,0.10017066885651767,0.34460066474259654,137.64356760769408,18.835962151665115,143.14982679455758,19.2161228065356,,,zaidvideos-8,62
71.3664424790547,160.06957396847275,102.59870074927548,81.234311537304,148.4257524009601,98.17342477005613,1.2539405948844988,-0.052179490746073476,0.09976003837350284,0.3416971850264434,140.2383579726697,17.44349433280829,145.19137059677522,18.28851778562877,,,zaidvideos-8,63
72.0912287372169,160.1544576370391,103.01724846708585,82.82093325358855,149.114487433969,99.16102422158546,1.289386790818939,-0.42096625028522294,0.09934940789048802,0.33879370531029024,142.83314833764533,16.051026513951467,147.23291439899282,17.360912764721938,,,zaidvideos-8,64
72.81601499537908,160.2393413056054,103.4357961848962,84.40755496987312,149.80322246697787,100.14862367311481,1.3248329867533792,-0.7897530098243725,0.09893877740747319,0.3358902255941371,145.42793870262093,14.658558695094644,149.27445820121045,16.433307743815103,,,zaidvideos-8,65
73.54080125354128,160.32422497417173,103.85434390270657,85.99417668615767,150.49195749998677,101.13622312464415,1.3602791826878193,-1.1585397693635218,0.09852814692445837,0.33298674587798394,148.02272906759657,13.26609087623782,151.31600200342805,15.505702722908271,,,zaidvideos-8,66
74.6242144384081,161.0714510070816,104.85361239558397,88.63097596922722,150.83668550225522,102.10591623493693,1.3887641984718395,-1.3713841568882623,0.09650261764118911,0.3299879922421023,150.008277821797,12.281281642073113,153.43476127837482,14.637757968978617,,,zaidvideos-8,67
75.70762762327493,161.81867703999148,105.85288088846136,91.26777525229677,151.18141350452368,103.07560934522971,1.4172492142558597,-1.5842285444130026,0.09447708835791985,0.32698923860622064,151.99382657599745,11.296472407908407,155.5535205533216,13.769813215048961,,,zaidvideos-8,68
76.79104080814176,162.56590307290136,106.85214938133875,93.90457453536631,151.52614150679213,104.04530245552249,1.4457342300398797,-1.7970729319377434,0.0924515590746506,0.323990484970339,153.97937533019788,10.3116631737437,157.67227982826836,12.901868461119307,,,zaidvideos-8,69
77.87445399300859,163.31312910581127,107.85141787421615,96.54137381843586,151.87086950906055,105.01499556581527,1.4742192458238998,-2.0099173194624838,0.09042602979138134,0.3209917313344573,155.96492408439835,9.326853939578992,159.79103910321513,12.03392370718965,,,zaidvideos-8,70
81.48031155996593,163.75284863103056,109.54081950870268,99.84101440898606,152.44366981809566,106.47366000687117,1.4948388945889959,-2.0884063613044597,0.08596572601199778,0.31901669198059585,157.6784202039397,8.576854022351572,161.06502029315305,11.287042221837373,,,zaidvideos-8,71
85.44651832436479,164.14863865515122,111.32881159199053,103.23534661489062,153.0490518852403,108.00217749517894,1.5143349194942455,-2.1477017823346114,0.0811575973045979,0.3171878975241658,159.35305166138696,7.860398293258051,162.21831889951832,10.557455489139006,,,zaidvideos-8,72
89.41272508876372,164.5444286792719,113.1168036752784,106.62967882079523,153.65443395238492,109.53069498348674,1.5338309443994953,-2.206997203364764,0.07634946859719795,0.3153591030677358,161.0276831188342,7.143942564164519,163.37161750588356,9.827868756440628,,,zaidvideos-8,73
93.37893185316258,164.94021870339256,114.90479575856625,110.02401102669981,154.25981601952952,111.05921247179451,1.5533269693047451,-2.2662926243949157,0.07154133988979808,0.31353030861130576,162.70231457628145,6.427486835070997,164.52491611224883,9.09828202374226,,,zaidvideos-8,74
97.93402571284184,164.64474972072097,116.39954971959901,113.50837645983037,155.72850304181765,112.51002818009202,1.5731419166235383,-2.3609232211051747,0.06725471705074315,0.3092516389373953,164.12330834804214,5.826901832581435,165.51077442431773,8.450778346770013,,,zaidvideos-8,75
102.68541527094789,164.11886106911865,117.79655763988008,117.02275296870295,157.4849583824869,113.93494329505278,1.5930631714135126,-2.4673322097088017,0.06314192950113655,0.30415634419099147,165.45975622457402,5.2649404056265245,166.4408193049545,7.830635688373136,,,zaidvideos-8,76
107.43680482905394,163.59297241751634,119.19356556016115,120.53712947757552,159.24141372315614,115.35985841001353,1.6129844262034871,-2.573741198312429,0.05902914195152995,0.29906104944458756,166.7962041011059,4.702978978671614,167.37086418559127,7.210493029976259,,,zaidvideos-8,77
112.18819438716,163.06708376591402,120.59057348044222,124.0515059864481,160.9978690638254,116.78477352497428,1.6329056809934617,-2.680150186916056,0.054916354401923356,0.2939657546981837,168.13265197763775,4.141017551716704,168.30090906622806,6.590350371579382,,,zaidvideos-8,78
116.7312388722161,162.7019109762013,121.97294506748882,127.7845232954643,161.69161492586267,118.27524110996978,1.6472994433818389,-2.7617866861637013,0.0522353328169829,0.2894417762571092,169.0465161900732,3.7995525387015587,169.06376382777566,6.050401487602515,,,zaidvideos-8,79
121.14927631344226,162.43316770362233,123.34653485459478,131.64872508456665,161.74773510072075,119.80504017698611,1.6583767103292577,-2.8285596917977567,0.05041337081084213,0.2852605875992324,169.7068302040508,3.590385374050271,169.72630451786972,5.558568868277652,,,zaidvideos-8,80
125.5673137546684,162.16442443104336,124.72012464170072,135.51292687366902,161.80385527557885,121.33483924400244,1.6694539772766765,-2.895332697431812,0.04859140880470136,0.2810793989413556,170.3671442180284,3.381218209398984,170.3888452079638,5.066736248952789,,,zaidvideos-8,81
129.98535119589457,161.89568115846438,126.09371442880668,139.37712866277138,161.85997545043693,122.86463831101877,1.6805312442240954,-2.9621057030658675,0.046769446798560585,0.2768982102834788,171.02745823200598,3.1720510447476964,171.05138589805787,4.574903629627926,,,zaidvideos-8,82
134.19507920603965,161.53957108925488,127.33674575364269,142.81591000720837,161.9918593998311,124.12684726196491,1.6860562499493323,-3.026591588976685,0.04525833908664498,0.27294301338699756,171.50779627941617,3.0411500081589056,171.66348597989827,4.142702735320032,,,zaidvideos-8,83
138.1964977851037,161.0960942234149,128.44921861620875,145.82927090698,162.19950712376135,125.12146609684088,1.6860289944523879,-3.0887903551642646,0.044058085668954534,0.2692138082519118,171.80815836025891,2.988515099632611,172.225145453485,3.7701335660291098,,,zaidvideos-8,84
142.19791636416775,160.6526173575749,129.5616914787748,148.84263180675165,162.4071548476916,126.11608493171684,1.6860017389554431,-3.1509891213518446,0.0428578322512641,0.26548460311682615,172.1085204411017,2.935880191106316,172.78680492707173,3.3975643967381868,,,zaidvideos-8,85
146.1993349432318,160.20914049173493,130.67416434134088,151.85599270652327,162.61480257162185,127.11070376659279,1.6859744834584984,-3.213187887539424,0.041657578833573655,0.2617553979817404,172.40888252194446,2.8832452825800217,173.34846440065846,3.0249952274472642,,,zaidvideos-8,86
150.00705944602487,159.40611877728549,131.68453793093408,154.7148977280414,162.66120409465125,128.0201246190324,1.6845024369860127,-3.2895546677074154,0.04107869233097853,0.25846895031815975,172.66471443496172,2.822848951903999,173.81298830417842,2.6834123960760112,,,zaidvideos-8,87
153.49196048836635,158.0038556484869,132.52474606557251,157.3163762858037,162.4388619495126,128.78754883407808,1.6806224055542918,-3.389534804509428,0.04153541735354229,0.2559204317737541,172.84632940160316,2.749516917645096,174.11561959092046,2.3934734612375372,,,zaidvideos-8,88
156.97686153070777,156.60159251968832,133.36495420021095,159.91785484356595,162.21651980437397,129.55497304912373,1.6767423741225707,-3.489514941311439,0.041992142376106045,0.2533719132293485,173.0279443682446,2.6761848833861945,174.4182508776625,2.1035345263990677,,,zaidvideos-8,89
160.46176257304919,155.19932939088974,134.20516233484935,162.5193334013282,161.99417765923533,130.32239726416938,1.6728623426908498,-3.5894950781134494,0.04244886739866979,0.25082339468494286,173.20955933488602,2.6028528491272924,174.72088216440454,1.8135955915605981,,,zaidvideos-8,90
163.2401324548764,153.82082333175998,134.7469259202888,164.70257942015667,161.6356931060884,130.90045286093212,1.6695998597172887,-3.690765116221359,0.04298345002894071,0.24829405158493292,173.34579568994147,2.5499476224235456,174.98214797200615,1.5636945692258086,,,zaidvideos-8,91
163.8989088551611,152.51358848163676,134.3933558581313,165.63112782218388,160.86878132891664,130.910402602846,1.668190022118207,-3.795904858246964,0.04375160548233313,0.24582223481810997,173.34589621023886,2.5583228183852595,175.11931734218646,1.433907284402055,,,zaidvideos-8,92
164.5576852554458,151.2063536315135,134.0397857959738,166.5596762242111,160.10186955174484,130.92035234475992,1.6667801845191257,-3.9010446002725687,0.044519760935725544,0.243350418051287,173.34599673053629,2.566698014346974,175.25648671236678,1.3041199995783015,,,zaidvideos-8,93
165.21646165573048,149.89911878139026,133.6862157338163,167.4882246262383,159.33495777457307,130.9303020866738,1.665370346920044,-4.006184342298173,0.045287916389117965,0.240878601284464,173.3460972508337,2.575073210308688,175.3936560825471,1.1743327147545477,,,zaidvideos-8,94
165.79477494737202,148.73726425795294,133.3711089441493,168.3875332944611,158.52010433851677,130.96949703142408,1.6632419370764848,-4.100709701297077,0.046090628609764143,0.23883706717816106,173.33466210244836,2.589069036218828,175.52227863501147,1.0588899460865113,,,zaidvideos-8,95
165.80984647851147,148.59307202131723,133.32524506191572,169.08216382605292,157.36965929026874,131.21340839602883,1.656083521521583,-4.120934379109072,0.047135238201186695,0.23980751169549822,173.24247727328373,2.6424092717679453,175.5910734634642,1.0438587905084917,,,zaidvideos-8,96
165.82491800965093,148.4488797846815,133.27938117968216,169.77679435764475,156.21921424202074,131.45731976063357,1.6489251059666812,-4.141159056921068,0.04817984779260924,0.24077795621283538,173.15029244411906,2.6957495073170623,175.65986829191692,1.028827634930472,,,zaidvideos-8,97
165.8399895407904,148.3046875480458,133.23351729744857,170.4714248892366,155.0687691937727,131.70123112523834,1.6417666904117794,-4.1613837347330636,0.04922445738403179,0.2417484007301725,173.05810761495442,2.74908974286618,175.72866312036965,1.0137964793524523,,,zaidvideos-8,98
165.85506107192987,148.16049531141007,133.187653415215,171.16605542082843,153.9183241455247,131.94514248984308,1.6346082748568775,-4.181608412545059,0.050269066975454336,0.24271884524750967,172.9659227857898,2.802429978415297,175.79745794882237,0.9987653237744326,,,zaidvideos-8,99
100.63186948231167,156.14375796876763,19.162359138241552,108.69873579525243,157.29002023546116,17.172828028852294,0.0022614984753902925,26.65077605016188,0.2852718304487038,0.36947207367761775,83.56793004039774,56.63845858979656,83.22532777988685,64.99508150609837,,,zaidvideos-9,0
100.60295837521225,155.9250430049408,19.259873575106372,108.59408291352904,157.31625890132364,17.015241092620283,0.003431261303295261,26.400363021187182,0.28535368632583236,0.3689630659184411,83.2928353150721,56.50124092908406,82.9037277536831,64.9704840010797,,,zaidvideos-9,1
100.57404726811284,155.70632804111395,19.357388011971192,108.48943003180563,157.3424975671861,16.85765415638827,0.00460102413120023,26.149949992212488,0.2854355422029609,0.36845405815926446,83.01774058974645,56.36402326837157,82.58212772747935,64.94588649606104,,,zaidvideos-9,2
100.54513616101342,155.4876130772871,19.45490244883601,108.38477715008223,157.36873623304857,16.70006722015626,0.005770786959105198,25.89953696323779,0.2855173980800895,0.3679450504000878,82.74264586442081,56.22680560765907,82.26052770127559,64.92128899104236,,,zaidvideos-9,3
100.38245392723566,155.03452958548135,19.65116439376954,108.07699762046744,157.10612136730833,16.660684160210234,0.005262222100816035,25.714760568955388,0.28520430992930346,0.3677447296656722,82.49456788721862,56.170101173832585,81.95075544746705,64.91746789198405,,,zaidvideos-9,4
100.20593330104289,154.55720107353983,19.85764159815846,107.74820498934665,156.81362510174716,16.63352908746621,0.0045800371370585125,25.536774171365295,0.28485036549976767,0.36757634207174905,82.24928474602922,56.12172569451155,81.64220675632006,64.91579607630096,,,zaidvideos-9,5
100.02941267485014,154.07987256159834,20.064118802547373,107.41941235822586,156.52112883618597,16.60637401472219,0.0038978521733009914,25.3587877737752,0.2844964210702319,0.3674079544778259,82.0040016048398,56.07335021519051,81.3336580651731,64.91412426061787,,,zaidvideos-9,6
99.57599535031227,154.07978773057178,20.544474029253198,107.24473501296238,156.37469718619636,17.02631786272637,0.00187125451524992,25.03757736289093,0.28357058290593123,0.3674662166483069,81.59722948219765,55.9760682143636,81.00870710631666,64.73862476636934,,,zaidvideos-9,7
99.05867878769477,154.18983605667947,21.088031876493698,107.10562273366598,156.26197275518481,17.549438384749365,-0.0004655922260996593,24.68331525663108,0.2825127692643772,0.3675767826105734,81.15319067152795,55.867500093189186,80.67997100875805,64.52301119245186,,,zaidvideos-9,8
98.54136222507726,154.29988438278713,21.631589723734194,106.9665104543696,156.14924832417327,18.072558906772358,-0.0028024389674492383,24.32905315037123,0.28145495562282313,0.3676873485728399,80.70915186085824,55.75893197201477,80.35123491119943,64.3073976185344,,,zaidvideos-9,9
97.69350066919313,154.5059643731293,22.367172852995356,106.70684958974334,156.07344992801475,18.95309554558905,-0.003977389877466407,24.017584462798695,0.27911369481724463,0.36802120930850407,80.20531500438395,55.750336455451766,79.84185445919134,64.31956998762996,,,zaidvideos-9,10
96.71629542029163,154.74962197121542,23.177896310003735,106.40001753955322,156.0121008498422,19.973490664890228,-0.0046976858969621955,23.72286102601685,0.27627021555617837,0.3684424462598456,79.6780789125948,55.780860653736696,79.26178708587692,64.4208759866002,,,zaidvideos-9,11
95.73909017139012,154.99327956930154,23.988619767012114,106.09318548936311,155.95075177166967,20.99388578419141,-0.005417981916457985,23.428137589235003,0.2734267362951121,0.3688636832111872,79.15084282080566,55.811384852021625,78.6817197125625,64.52218198557043,,,zaidvideos-9,12
94.66113738206795,155.57102236099703,25.052192047376288,105.63892525300083,155.8783830320667,22.18587614207791,-0.008532789646476507,23.160568880997484,0.2697937368558031,0.3699453935363169,78.60687025622848,55.816256936908786,78.09462608526795,64.59344895508636,,,zaidvideos-9,13
93.5227360684934,156.34921626885816,26.26747362175394,105.09620810493526,155.79940249560548,23.4808236431156,-0.013084304402808666,22.909293009886557,0.2656870253095485,0.37142338788571955,78.05285580797845,55.805737753757285,77.50331670558529,64.64669250692971,,,zaidvideos-9,14
92.38433475491887,157.1274101767193,27.482755196131585,104.55349095686968,155.72042195914426,24.77577114415329,-0.01763581915914081,22.658017138775634,0.26158031376329394,0.37290138223512215,77.49884135972842,55.795218570605776,76.91200732590265,64.69993605877305,,,zaidvideos-9,15
90.89626212452207,158.0982419530788,28.818772240728947,103.50958152390575,156.01316164897258,26.117214962624853,-0.020378495136435925,22.424830995340997,0.25727035491539674,0.37479336335973185,77.0518919473641,55.820112103404945,76.4739772990768,64.75488324470274,,,zaidvideos-9,16
89.0996559792821,159.23904831928982,30.261320582578996,102.0234436042668,156.63388977376223,27.499684943538078,-0.021525136896933656,22.207606376326616,0.2527810602131091,0.3770506269330537,76.69941168431068,55.87625215027824,76.17119376006575,64.81133363717919,,,zaidvideos-9,17
87.30304983404214,160.37985468550082,31.703868924429038,100.53730568462785,157.25461789855186,28.8821549244513,-0.022671778657431384,21.990381757312235,0.24829176551082144,0.3793078905063755,76.34693142125727,55.932392197151536,75.86841022105469,64.86778402965564,,,zaidvideos-9,18
85.42372649103804,161.80606990512757,33.26046749564348,99.09141733855579,157.94090285136406,30.395933127940097,-0.02163741019658039,21.739754163075364,0.24342565343838296,0.3817231953459315,76.02077548623956,55.962139004419036,75.62681183945011,64.866954989079,,,zaidvideos-9,19
83.43805246519433,163.5992393648603,34.963702076040725,97.69727844421256,158.71147515449098,32.07853618902607,-0.01779888573685248,21.44617988640958,0.2380750618900363,0.38434169609921726,75.7284651158392,55.95795164647909,75.46388008879669,64.79248096314844,,,zaidvideos-9,20
81.45237843935062,165.39240882459302,36.66693665643796,96.30313954986933,159.48204745761788,33.76113925011204,-0.013960361277124578,21.152605609743794,0.23272447034168967,0.386960196852503,75.43615474543884,55.95376428853914,75.30094833814327,64.71800693721787,,,zaidvideos-9,21
79.52566152428439,166.98684624841397,38.45399986243907,94.69962521348955,160.34713636775882,35.38387018196474,-0.008599658198844756,20.842686747876495,0.2273150353297839,0.38988217840985523,75.29504558836369,55.91762068872365,75.17888618644177,64.65822191182205,,,zaidvideos-9,22
77.71149909342968,168.2018861491307,40.40109953550209,92.6963941241309,161.39266607310836,36.89229977619028,-0.00033297775787494155,20.50156458698812,0.221793262796538,0.3933835324113344,75.44259329309122,55.820469718054845,75.13484781455756,64.62647952381079,,,zaidvideos-9,23
75.89733666257499,169.41692604984743,42.34819920856511,90.69316303477227,162.4381957784579,38.40072937041582,0.007933702683094852,20.160442426099745,0.2162714902632921,0.39688488641281355,75.59014099781874,55.72331874738604,75.09080944267335,64.5947371357995,,,zaidvideos-9,24
74.27106519993332,170.59278216592676,44.433349794544675,88.81368975857659,163.1950240010583,39.97548861567378,0.015426480395741517,19.81527122722156,0.21051439889611606,0.40095952677449886,75.79148943553739,55.57745720761551,75.10440407092305,64.4950391319845,,,zaidvideos-9,25
73.2084666419308,171.6510869280939,46.932653119273816,87.30548992186975,163.08574777541145,41.749236814029004,0.020597549923418744,19.45795291437395,0.2040513510271496,0.4067540262168026,76.15424007222938,55.28546396053981,75.29089769957446,64.19147428075827,,,zaidvideos-9,26
72.14586808392828,172.70939169026101,49.431956444002964,85.79729008516293,162.97647154976457,43.52298501238422,0.025768619451095973,19.10063460152634,0.19758830315818315,0.4125485256591063,76.51699070892137,54.9934707134641,75.47739132822586,63.88790942953204,,,zaidvideos-9,27
71.11604385345278,173.48452285465143,51.924228696428266,84.35370721581418,162.60152752442937,45.30391987349072,0.032213518184278776,18.72589322417827,0.1910175175063425,0.41826524198789083,76.93108835896867,54.676960666926675,75.75776769350102,63.52152634050357,,,zaidvideos-9,28
70.26320099162322,172.73051659104766,54.378533158412814,83.2590559701991,160.7919773807771,47.123662713454124,0.04553709462719139,18.257067298527716,0.18386494782698104,0.4235619295036714,77.62245988113459,54.22805990329596,76.54511083654442,62.81592476734303,,,zaidvideos-9,29
69.41035812979366,171.97651032744392,56.83283762039737,82.16440472458402,158.98242723712485,48.94340555341754,0.05886067107010408,17.78824137287716,0.17671237814761956,0.42885861701945194,78.3138314033005,53.779159139665246,77.33245397958784,62.110323194182484,,,zaidvideos-9,30
68.60708254593582,171.2039707159571,59.29395196336137,81.09839495029449,157.1902561044291,50.76970656402162,0.07243424155104065,17.309457478942164,0.16959464646292832,0.43406722969414596,79.00397268887349,53.326204207804054,78.1489361350582,61.37824813654281,,,zaidvideos-9,31
68.54731613165355,170.1534308862245,61.85721452101712,80.46200724588824,155.6587701360809,52.69438013423564,0.08975772260233539,16.68130406074061,0.1629994846982911,0.4379547197525408,79.67566042555259,52.812436752485745,79.40250347693267,60.249070811716166,,,zaidvideos-9,32
68.48754971737127,169.10289105649193,64.42047707867286,79.82561954148198,154.1272841677327,54.61905370444965,0.10708120365363012,16.053150642539062,0.15640432293365383,0.44184220981093564,80.34734816223168,52.298669297167436,80.65607081880712,59.11989348688953,,,zaidvideos-9,33
68.427783303089,168.05235122675933,66.98373963632861,79.18923183707574,152.59579819938452,56.54372727466366,0.12440468470492486,15.42499722433751,0.14980916116901657,0.4457296998693305,81.01903589891079,51.78490184184913,81.9096381606816,57.990716162062895,,,zaidvideos-9,34
68.14688091049666,166.79318873223207,69.48343184183697,78.33871421912012,151.86445657821133,58.691910286764724,0.14888240875937817,14.79109173784392,0.14244911838975968,0.44732117803735394,82.09044440474577,51.013924508698594,83.63756767425377,56.66376895229381,,,zaidvideos-9,35
67.85884509924915,165.52729647432434,71.98107339082443,77.4812891845984,151.15892606501154,60.847303280862135,0.17359091484619127,14.15700070076027,0.13506440202938605,0.448838591305688,83.17474712894061,50.23465008271477,85.38079919336457,55.33044206881691,,,zaidvideos-9,36
67.57080928800166,164.26140421641665,74.47871493981192,76.62386415007667,150.45339555181172,63.002696274959554,0.19829942093300448,13.522909663676616,0.1276796856690124,0.45035600457402203,84.25904985313547,49.45537565673094,87.12403071247537,53.99711518534,,,zaidvideos-9,37
67.26665340563648,163.24916442869792,76.65962768743648,75.564090377789,148.9202130363017,64.24708656501602,0.23038890135894308,12.80250541157711,0.12232064918072369,0.44876930175869284,85.52713090944088,48.41908081651783,89.50645636692991,52.008605835380514,,,zaidvideos-9,38
66.96019465596876,162.27316070814908,78.79529346343779,74.47540964296333,147.26879452046165,65.36133361163806,0.26353280669047097,12.069770700189626,0.11725099553130428,0.4467391537885546,86.82146601319067,47.346068774271956,91.98019546929069,49.92649899020923,,,zaidvideos-9,39
66.65373590630105,161.29715698760023,80.93095923943908,73.38672890813766,145.6173760046216,66.47558065826009,0.29667671202199886,11.337035988802139,0.11218134188188486,0.4447090058184164,88.11580111694046,46.27305673202608,94.45393457165147,47.84439214503796,,,zaidvideos-9,40
66.08411522161296,160.32488619626426,82.78635995203881,72.92010896452321,144.75733566492752,68.21819821334353,0.33837111500080214,10.550007941287534,0.10872000969311883,0.4401078521131446,89.74888446114417,45.10572192549713,97.40735126827875,45.440112851731634,,,zaidvideos-9,41
65.44080919511916,159.35366062510786,84.5632864468861,72.62766604244791,144.1188812145543,70.13675951079613,0.3824596573208422,9.74777775965734,0.10570900751333577,0.43478681680203557,91.47681731267498,43.911976744968925,100.49507769130062,42.945625272947524,,,zaidvideos-9,42
64.79750316862537,158.38243505395144,86.3402129417334,72.3352231203726,143.4804267641811,72.05532080824874,0.42654819964088253,8.945547578027142,0.10269800533355268,0.4294657814909265,93.20475016420579,42.718231564440714,103.58280411432251,40.45113769416339,,,zaidvideos-9,43
64.42667410994567,158.0754952528504,88.00539193250783,72.09559620373,143.1773413130451,74.03144597652064,0.47183534610903155,8.130085269517584,0.10194712649786015,0.42309790848465095,95.08366507630187,41.4020140444248,106.34831424766021,38.140196160602,,,zaidvideos-9,44
64.17969821845418,158.07050352904724,89.61977660324915,71.87997656228407,143.02669631610783,76.03373654061951,0.5176673126445027,7.308608357881044,0.10222357645493606,0.4162542001623906,97.03120819774578,40.030127279187205,108.96736243114144,35.91268464759641,,,zaidvideos-9,45
63.93272232696269,158.06551180524409,91.23416127399045,71.66435692083815,142.87605131917059,78.03602710471837,0.5634992791799739,6.487131446244504,0.10250002641201196,0.4094104918401303,98.97875131918971,38.65824051394961,111.58641061462268,33.68517313459081,,,zaidvideos-9,46
63.487890332936715,158.2648991428101,92.18420704460904,71.45547591010124,142.23505921803434,79.7295710669242,0.610611703823303,5.6993166316412305,0.10284441685823008,0.4024962613628106,101.62316466261679,36.98207346385845,114.47701193314295,31.459319017272524,,,zaidvideos-9,47
62.90768311086083,158.60412478552345,92.67970514672261,71.25120554142839,141.25856646665665,81.21186735415054,0.6586002313825344,4.934533778165984,0.10323529290228232,0.39553377888466085,104.74438394740073,35.09771463992013,117.55341276511095,29.234598907529772,,,zaidvideos-9,48
62.32747588878494,158.9433504282368,93.17520324883618,71.04693517275555,140.28207371527895,82.69416364137692,0.7065887589417662,4.169750924690733,0.10362616894633458,0.38857129640651106,107.8656032321847,33.2133558159818,120.62981359707896,27.009878797787014,,,zaidvideos-9,49
62.04088467676826,159.24242165165887,93.90449161222011,71.29191326139717,138.67992896633234,84.10147205584843,0.7559966862462251,3.4330867258785926,0.10491547536840094,0.3824763202310924,111.1543381417074,31.327539033715865,123.87115899546822,24.724460443790623,,,zaidvideos-9,50
62.04790947481078,159.50133845578966,94.86757023687439,71.98613980735323,136.4521322198168,85.43379259756512,0.8068240132959111,2.724541181729558,0.1071032121684814,0.37724885035840494,114.61058867596887,29.440264293122326,127.27744896027876,22.378343845540584,,,zaidvideos-9,51
62.0549342728533,159.76025525992046,95.83064886152866,72.68036635330928,134.2243354733013,86.7661131392818,0.8576513403455968,2.015995637580531,0.10929094896856184,0.37202138048571753,118.0668392102303,27.552989552528803,130.68373892508924,20.032227247290574,,,zaidvideos-9,52
62.15006994320125,160.33861152017164,96.75330773926896,73.4689345723627,131.0726112689147,88.22471024156283,0.9101106600695832,1.3476256343732624,0.1111209361516133,0.3671070792804711,121.63218211470874,25.638366328587757,134.1581912976545,18.02237210589063,,,zaidvideos-9,53
62.373983042303294,161.38384083167568,97.61689160228885,74.3953867751738,126.57053154917796,89.86786539389949,0.9649551998560102,0.7379737294654796,0.11242805850977626,0.3626504861276383,125.35696771411976,23.683772244369543,137.73226565078443,16.503976016809986,,,zaidvideos-9,54
62.59789614140533,162.42907014317973,98.48047546530871,75.3218389779849,122.06845182944129,91.51102054623613,1.0197997396424365,0.12832182455770336,0.11373518086793921,0.35819389297480553,129.08175331353075,21.729178160151346,141.3063400039143,14.985579927729361,,,zaidvideos-9,55
63.15396282101786,163.1260308236072,99.24036600115153,76.37318748970483,119.5561715090834,92.97732236053581,1.0737800857190432,-0.4419453425479849,0.11423814471505835,0.3538359825967981,132.84876848303148,19.761348300161966,144.69946618766045,13.646179389247935,,,zaidvideos-9,56
64.44076737775343,163.0568005156662,99.77213121720479,77.69930788102415,121.42144986735883,94.05454683115416,1.1258592056340442,-0.9255660864890627,0.11297195983788108,0.3496951743234064,136.7086887067295,17.76439973347606,147.69450639876234,12.700569062084776,,,zaidvideos-9,57
65.727571934489,162.9875702077252,100.30389643325806,79.02542827234349,123.28672822563425,95.13177130177249,1.1779383255490454,-1.4091868304301403,0.11170577496070382,0.3455543660500147,140.56860893042756,15.767451166790153,150.68954660986424,11.754958734921617,,,zaidvideos-9,58
67.09766170415588,163.02602254960172,100.94795704624933,80.82879853989701,125.03807094003167,96.46961663995381,1.2293047562736632,-1.8349974239745537,0.1098523942724495,0.3417214089833243,144.35361436311732,13.840120253015185,153.59762718738048,10.844653766421127,,,zaidvideos-9,59
68.76519866286311,163.4490557836836,101.99307264830485,84.33663265114393,126.38250064057901,98.73825079086,1.2781258684611954,-2.0543431946737205,0.10590188568749154,0.3389879205119957,147.87106697077724,12.161423813922239,156.19513764494778,10.060439364573064,,,zaidvideos-9,60
70.43273562157036,163.87208901776552,103.03818825036038,87.84446676239088,127.72693034112638,101.00688494176619,1.326946980648728,-2.27368896537289,0.10195137710253353,0.33625443204066713,151.3885195784372,10.482727374829276,158.79264810251507,9.27622496272499,,,zaidvideos-9,61
72.24260679003304,164.39001420272635,104.21638400688948,91.61670250644907,129.04040964529386,103.40798513346353,1.3747829261509696,-2.472202803326429,0.0978396878330182,0.33365826378020524,154.77730225189677,8.874253030592783,161.31327778032022,8.525822922914966,,,zaidvideos-9,62
75.04881742678383,165.57218304383977,106.32614084473366,97.23974968018608,130.13723617480224,106.73634761069906,1.4157227048561787,-2.5248931120605804,0.0925997337716013,0.33202333699580994,157.26539538595378,7.757333350351432,163.29574199979024,8.012107417371197,,,zaidvideos-9,63
77.85502806353459,166.75435188495317,108.4358976825778,102.86279685392304,131.23406270431062,110.06471008793454,1.456662483561387,-2.5775834207947317,0.08735977971018447,0.3303884102114147,159.75348852001076,6.640413670110092,165.27820621926026,7.498391911827435,,,zaidvideos-9,64
80.7491214000282,167.93651766905225,110.54670060554129,108.4744705950541,132.3950070775287,113.36158908590366,1.4974698545659824,-2.630660413992891,0.08215164999792357,0.3286670666139934,162.22172626549232,5.533662589769561,167.23519359073785,6.994513663776858,,,zaidvideos-9,65
86.36757842854983,169.11858868570678,112.68993216720432,113.7335679254025,135.54360460574796,115.68248022661544,1.5341725868515654,-2.6957246255753073,0.0779300751094968,0.3242668018127643,164.07444696513596,4.742138106354032,168.4023986744515,6.795590398015066,,,zaidvideos-9,66
91.98603545707141,170.3006597023613,114.83316372886733,118.99266525575084,138.69220213396719,118.00337136732718,1.5708753191371483,-2.760788837157724,0.07370850022107009,0.3198665370115352,165.92716766477955,3.950613622938511,169.56960375816507,6.596667132253275,,,zaidvideos-9,67
97.60449248559303,171.48273071901582,116.97639529053036,124.25176258609923,141.84079966218644,120.32426250803896,1.6075780514227314,-2.8258530487401403,0.0694869253326433,0.3154662722103061,167.7798883644232,3.159089139522982,170.7368088418787,6.397743866491483,,,zaidvideos-9,68
104.64993725218916,171.23701305234923,119.14626216984276,130.7360635734339,147.67036309695874,123.12584449234593,1.6304293945190809,-2.851609651966028,0.06510425676653771,0.31019551044170585,169.08041635346723,2.70566578617617,171.23192409595822,5.891579348791128,,,zaidvideos-9,69
111.790514534657,170.89610947346125,121.31790473699847,137.30204480456774,153.67865759216792,125.9594725328926,1.652357311669482,-2.8747457479681477,0.060710848621920124,0.3048667155419475,170.344131495138,2.274782508167264,171.6822333613955,5.364932080961531,,,zaidvideos-9,70
118.93109181712475,170.55520589457328,123.48954730415416,143.86802603570152,159.68695208737705,128.79310057343926,1.6742852288198828,-2.897881843970267,0.05631744047730258,0.2995379206421892,171.60784663680872,1.8438992301583628,172.13254262683276,4.838284813131941,,,zaidvideos-9,71
125.28820115699958,171.5117829725237,125.52341780104278,149.38272458425942,160.6838094838603,131.04377634853088,1.6896035684360606,-2.906829510621787,0.0544775114208702,0.2939530430862743,172.1357548524035,1.7342031916270255,172.36710296463218,4.416243796531461,,,zaidvideos-9,72
131.50022384083874,172.70863424618491,127.53177495158567,154.70274115456263,160.75262297317215,133.18649800039012,1.703697912212568,-2.91314969035653,0.05311044886224984,0.28832074281625625,172.52740252613233,1.683986271517456,172.56170979731345,4.013574307936366,,,zaidvideos-9,73
137.71224652467785,173.90548551984614,129.54013210212855,160.02275772486578,160.82143646248397,135.32921965224932,1.717792255989075,-2.9194698700912722,0.05174338630362949,0.28268844254623826,172.9190501998612,1.6337693514078873,172.75631662999473,3.6109048193412767,,,zaidvideos-9,74
143.23390430653197,174.11620253711985,130.8407584034325,163.32891337760628,161.37538463082203,136.19207005860127,1.723628647967562,-2.998344788677175,0.051603873846424134,0.27665753108554486,173.13596885137358,1.636877975192501,173.14955017430142,3.1811822288139444,,,zaidvideos-9,75
148.52544045439103,173.9982081355977,131.9054744216568,165.9637820578259,162.0910443588355,136.62829671645076,1.726712389346709,-3.101404620213462,0.05187354475635709,0.27049374922795977,173.29464449548044,1.6577617802751752,173.60899262248324,2.7424419376425377,,,zaidvideos-9,76
153.81697660225007,173.8802137340756,132.97019043988112,168.5986507380455,162.80670408684892,137.06452337430028,1.7297961307258558,-3.204464451749749,0.052143215666290044,0.2643299673703747,173.45332013958733,1.6786455853578492,174.06843507066506,2.303701646471131,,,zaidvideos-9,77
158.47635170130692,173.3146958764781,133.83899987502824,170.01552833077002,164.36333577986812,136.9459506200843,1.7268139363841537,-3.295398164279508,0.05333094130782038,0.25855126393687555,173.58706238101922,1.6701593589239998,174.1923167166294,1.925476933414652,,,zaidvideos-9,78
162.80459482241966,172.5147609704602,134.6051915761825,170.79441059194943,166.36047659741408,136.53676865002447,1.7206543471410543,-3.379980100186798,0.0549995527611398,0.25297426824932634,173.70774426866893,1.6462888302672096,174.140428418575,1.5789508565136168,,,zaidvideos-9,79
167.13283794353248,171.71482606444232,135.37138327733678,171.5732928531289,168.35761741496006,136.12758667996465,1.714494757897955,-3.4645620360940894,0.056668164214459235,0.24739727256177707,173.82842615631867,1.6224183016104192,174.08854012052063,1.2324247796125778,,,zaidvideos-9,80
169.8978818490613,170.6867105487589,135.70863912664964,172.31642647411812,169.43038714845295,135.83161585003435,1.7030129954622228,-3.57948520748471,0.059085722807095696,0.2436571676624364,173.87481357152876,1.5775125291864882,174.092774768333,0.9613143424192613,,,zaidvideos-9,81
171.44710414246936,169.48112122555784,135.71227820230806,173.03175559718167,169.78420159434907,135.6236981290937,1.6873917649877763,-3.7180071175845884,0.06208579584142321,0.24134575559836893,173.86341639706356,1.516246011610336,174.14066059626387,0.7488605138874994,,,zaidvideos-9,82
172.9963264358774,168.27553190235682,135.7159172779665,173.7470847202452,170.1380160402452,135.41578040815307,1.67177053451333,-3.8565290276844655,0.06508586887575069,0.23903434353430153,173.8520192225984,1.4549794940341845,174.18854642419478,0.5364066853557399,,,zaidvideos-9,83
173.85612076694315,167.23969215115864,135.71177383985457,174.12746132396822,170.4439476918209,135.10825698461196,1.6546104327518723,-3.988236392758447,0.06831663432775173,0.23794771568790876,173.7505789356653,1.4131816533849861,174.13254180087898,0.43673326924631306,,,zaidvideos-9,84
173.9345634073543,166.39623524823034,135.69881021946958,174.12822507243868,170.69561217650022,134.68784709812363,1.6357062768651351,-4.112220606803082,0.0718088511864495,0.23824917662154724,173.54708978793528,1.3934483132530007,173.95879466615025,0.46487765388219454,,,zaidvideos-9,85
174.01300604776546,165.55277834530207,135.68584659908458,174.12898882090911,170.94727666117953,134.26743721163533,1.616802120978398,-4.236204820847716,0.07530106804514725,0.2385506375551857,173.34360064020527,1.3737149731210156,173.78504753142153,0.49302203851807574,,,zaidvideos-9,86
173.97969502369554,164.60375802030205,135.65770796033468,174.14409725050666,170.95459378670236,133.8922025202361,1.597898663516931,-4.351777078137282,0.07860143835015382,0.23940196775661582,173.18904860859325,1.3255027764662053,173.55717804914806,0.5029475434126502,,,zaidvideos-9,87
173.7601278921572,163.47879865851593,135.6042776243099,174.18311348198267,170.55466531363103,133.5922598206521,1.5789963700975813,-4.45332940750173,0.0815820643990084,0.2411697467376986,173.1160584371779,1.2298258189400233,173.2391046543001,0.48250824873838116,,,zaidvideos-9,88
173.54056076061883,162.35383929672975,135.55084728828515,174.22212971345868,170.15473684055974,133.29231712106807,1.5600940766782312,-4.55488173686618,0.08456269044786302,0.24293752571878138,173.04306826576257,1.13414886141384,172.92103125945212,0.46206895406411186,,,zaidvideos-9,89
173.39419600255877,161.49207437271238,135.54929503231233,174.3936630547825,169.8441003208512,133.0542970193427,1.5429258952784692,-4.652601386158547,0.0875028648119777,0.24449905394981689,173.0056500974889,1.0292008326538309,172.5958107575793,0.44806587293195904,,,zaidvideos-9,90
173.43490397672093,161.30291745632627,135.68032009202778,174.90385123238408,169.76165434862537,132.97452355658942,1.5301893334843206,-4.740526408600042,0.09033966264842373,0.24553349693073173,173.05913815946622,0.9005600662962651,172.25232542664295,0.45051089307410264,,,zaidvideos-9,91
173.47561195088312,161.11376053994016,135.81134515174327,175.41403940998566,169.67920837639952,132.89475009383617,1.5174527716901718,-4.828451431041538,0.0931764604848698,0.24656793991164655,173.1126262214435,0.7719192999386978,171.90884009570658,0.45295591321624623,,,zaidvideos-9,92
173.51723800682288,160.88380572603683,135.93949619665432,175.91019897832263,169.51117704728617,132.80515420826524,1.5064952686802793,-4.921423830202506,0.09593373887749934,0.24753636409132146,173.1472801569687,0.6613563547711555,171.63316920680955,0.4561319014970063,,,zaidvideos-9,93
173.56284241713217,160.4770600228921,136.05519317741283,176.34556790651294,168.97227583832696,132.67299449048437,1.5032470204021642,-5.0362681951478585,0.09834643301359076,0.2482187067989568,173.1003195445349,0.6291306347603784,171.65136090008298,0.4624754183784376,,,zaidvideos-9,94
173.60844682744147,160.07031431974738,136.17089015817137,176.78093683470328,168.43337462936776,132.54083477270353,1.499998772124049,-5.15111256009321,0.10075912714968216,0.24890104950659211,173.05335893210113,0.5969049147496016,171.6695525933564,0.46881893525986884,,,zaidvideos-9,95
173.65003489703847,159.6998891896129,136.28107813881908,177.23164839493396,167.88818259479703,132.45634214128995,1.4965277801356263,-5.254368694026801,0.10299561590171394,0.24956925181101772,173.0096916677771,0.5637269571008138,171.66882948414053,0.474702561022202,,,zaidvideos-9,96
173.65279833974995,159.68056293191077,136.33801245172884,177.83067206488803,167.2821792459814,132.83263134476007,1.4909035989475596,-5.245605261513365,0.10352878594116957,0.25010076355108274,172.99786010184755,0.5213440356179191,171.48526328419518,0.4761405726332532,,,zaidvideos-9,97
173.65556178246146,159.66123667420862,136.39494676463863,178.42969573484214,166.67617589716576,133.20892054823017,1.485279417759493,-5.236841828999929,0.1040619559806252,0.25063227529114773,172.98602853591797,0.47896111413502485,171.30169708424984,0.4775785842443044,,,zaidvideos-9,98
173.65832522517294,159.64191041650648,136.4518810775484,179.02871940479622,166.07017254835014,133.5852097517003,1.4796552365714264,-5.228078396486493,0.10459512602008082,0.2511637870312127,172.9741969699884,0.4365781926521306,171.1181308843045,0.4790165958553556,,,zaidvideos-9,99
