elbow_angle,wrist_angle,wrist_height,video,pct_of_shot
103.34460723308064,151.57012288115095,-1.3191816950650928,zaidvideos-1,0
103.20159873022615,152.0674539957272,-1.3165667894449975,zaidvideos-1,1
103.05859022737167,152.56478511030346,-1.313951883824902,zaidvideos-1,2
102.9155817245172,153.0621162248797,-1.3113369782048068,zaidvideos-1,3
102.81342559300104,153.4587358393912,-1.3097047717556003,zaidvideos-1,4
102.74010642948842,153.78426498326883,-1.3087662353093739,zaidvideos-1,5
102.6667872659758,154.10979412714642,-1.3078276988631474,zaidvideos-1,6
102.59505775431391,154.4036998473484,-1.306759326649315,zaidvideos-1,7
102.5309585715356,154.54581313390756,-1.3050677427509723,zaidvideos-1,8
102.4668593887573,154.6879264204667,-1.3033761588526294,zaidvideos-1,9
102.40276020597899,154.83003970702583,-1.3016845749542867,zaidvideos-1,10
102.05443304618315,154.9977815446834,-1.2935337792114274,zaidvideos-1,11
101.61566971188174,155.1736779213268,-1.2833277796998583,zaidvideos-1,12
101.17690637758032,155.3495742979702,-1.2731217801882895,zaidvideos-1,13
100.62769623521629,155.59889968968238,-1.259826627649127,zaidvideos-1,14
99.86863715753327,155.98774021002524,-1.240662084357537,zaidvideos-1,15
99.10957807985025,156.37658073036812,-1.2214975410659474,zaidvideos-1,16
98.35051900216723,156.76542125071097,-1.2023329977743575,zaidvideos-1,17
97.32848041709465,157.01163020701605,-1.1756591857442382,zaidvideos-1,18
96.28696186851174,157.24727386228133,-1.1484291315853388,zaidvideos-1,19
95.24544331992881,157.48291751754658,-1.1211990774264393,zaidvideos-1,20
94.10297925100488,157.8369316468446,-1.0878192980274715,zaidvideos-1,21
92.866299363096,158.30142488523984,-1.048699775071106,zaidvideos-1,22
91.62961947518714,158.7659181236351,-1.0095802521147408,zaidvideos-1,23
90.34444228097263,159.27882408718256,-0.9692334225595635,zaidvideos-1,24
88.63895509877594,160.21130700204927,-0.9182499358146826,zaidvideos-1,25
86.93346791657926,161.14378991691598,-0.867266449069802,zaidvideos-1,26
85.22798073438257,162.07627283178272,-0.8162829623249211,zaidvideos-1,27
83.61424380664853,163.39342424895878,-0.7600454862266594,zaidvideos-1,28
82.04179449342271,164.88367649217406,-0.7014437149193762,zaidvideos-1,29
80.46934518019688,166.37392873538934,-0.6428419436120931,zaidvideos-1,30
78.96080232614804,167.72443309941974,-0.5837763545544098,zaidvideos-1,31
77.62001392743883,168.70809928058986,-0.5234932439019276,zaidvideos-1,32
76.27922552872963,169.69176546175999,-0.4632101332494454,zaidvideos-1,33
74.9384371300204,170.67543164293008,-0.4029270225969628,zaidvideos-1,34
74.01626523736188,171.08634697847216,-0.34012887768232586,zaidvideos-1,35
73.16107198567146,171.40562217871374,-0.2769283272857442,zaidvideos-1,36
72.30587873398103,171.72489737895532,-0.21372777688916214,zaidvideos-1,37
71.52070124358585,171.68398647365146,-0.1529529898511103,zaidvideos-1,38
70.82169699786171,171.19976959229172,-0.09516375771586445,zaidvideos-1,39
70.12269275213755,170.71555271093195,-0.0373745255806186,zaidvideos-1,40
69.4372807644791,170.20886852797213,0.020231944910444607,zaidvideos-1,41
69.13245200266002,169.07309990021037,0.07272108936438335,zaidvideos-1,42
68.82762324084094,167.93733127244863,0.12521023381832208,zaidvideos-1,43
68.52279447902184,166.80156264468687,0.17769937827226115,zaidvideos-1,44
68.17259838679041,165.47924138092634,0.21944133966655427,zaidvideos-1,45
67.79467781486255,164.0429157284999,0.25461557807995283,zaidvideos-1,46
67.4167572429347,162.60659007607345,0.28978981649335167,zaidvideos-1,47
67.03937336210225,161.22365664406354,0.3236957204395128,zaidvideos-1,48
66.66404679713561,160.04539339031697,0.3527396755945972,zaidvideos-1,49
66.28872023216898,158.8671301365704,0.38178363074968175,zaidvideos-1,50
65.91339366720234,157.68886688282385,0.41082758590476615,zaidvideos-1,51
65.59104642387166,157.15355514637977,0.42994023136357545,zaidvideos-1,52
65.28251987314165,156.78596989271023,0.4464621003798783,zaidvideos-1,53
64.97399332241166,156.4183846390407,0.4629839693961811,zaidvideos-1,54
64.77877480740023,156.12366924407655,0.48115020302942674,zaidvideos-1,55
64.76896944174642,155.9481954360848,0.5020072151267607,zaidvideos-1,56
64.75916407609263,155.77272162809305,0.5228642272240945,zaidvideos-1,57
64.74935871043884,155.59724782010133,0.5437212393214286,zaidvideos-1,58
64.55844692170325,156.81053354813102,0.5534958261063901,zaidvideos-1,59
64.36106704642901,158.07341783101865,0.5628746119873383,zaidvideos-1,60
64.16368717115478,159.33630211390624,0.5722533978682866,zaidvideos-1,61
64.42503591249849,160.002607488431,0.5875524978208397,zaidvideos-1,62
65.05910165484426,160.18419249991095,0.6076618529565715,zaidvideos-1,63
65.69316739719002,160.3657775113909,0.6277712080923036,zaidvideos-1,64
66.42705923023776,160.50251266203216,0.6490165691218732,zaidvideos-1,65
67.78486413017279,160.35893618243173,0.6773619669879269,zaidvideos-1,66
69.14266903010783,160.21535970283128,0.705707364853981,zaidvideos-1,67
70.50047393004286,160.07178322323082,0.7340527627200351,zaidvideos-1,68
72.49277314335411,159.7311455634973,0.7735616582683271,zaidvideos-1,69
74.7267844760468,159.31543697799876,0.8173233148384249,zaidvideos-1,70
76.96079580873949,158.89972839250024,0.8610849714085227,zaidvideos-1,71
79.6246653781337,158.93044001421097,0.9051973167710552,zaidvideos-1,72
83.24377547353136,159.95319654083121,0.9500889705612225,zaidvideos-1,73
86.86288556892902,160.97595306745146,0.9949806243513899,zaidvideos-1,74
90.48199566432663,161.9987095940717,1.0398722781415566,zaidvideos-1,75
95.72146622258828,162.10981585287323,1.093630347281853,zaidvideos-1,76
101.14790144964194,162.11573169615724,1.1484114643471641,zaidvideos-1,77
106.57433667669554,162.12164753944123,1.2031925814124746,zaidvideos-1,78
112.1439537264341,162.71335198458306,1.2535815798027827,zaidvideos-1,79
117.86697987190645,163.93268707457256,1.2992647367555872,zaidvideos-1,80
123.59000601737887,165.15202216456208,1.344947893708392,zaidvideos-1,81
129.2679411890396,166.3282484217107,1.3897764133105255,zaidvideos-1,82
134.33714821424263,166.9225054355075,1.423067328678593,zaidvideos-1,83
139.4063552394457,167.51676244930434,1.4563582440466611,zaidvideos-1,84
144.4755622646488,168.11101946310114,1.4896491594147292,zaidvideos-1,85
148.86521162679782,168.66817561718815,1.5129163592769312,zaidvideos-1,86
152.89719906102368,169.20580500300682,1.5309079193992041,zaidvideos-1,87
156.92918649524958,169.7434343888255,1.5488994795214772,zaidvideos-1,88
160.56468050426176,169.85319645783466,1.5640785960961037,zaidvideos-1,89
162.95405231974536,168.61823267401388,1.570418604378128,zaidvideos-1,90
165.34342413522893,167.3832688901931,1.5767586126601525,zaidvideos-1,91
167.7327959507125,166.14830510637233,1.583098620942177,zaidvideos-1,92
168.81906307948816,165.5546603167334,1.5840625272904125,zaidvideos-1,93
169.63385006519965,165.09462365088234,1.5839064124024422,zaidvideos-1,94
170.44863705091112,164.63458698503132,1.583750297514472,zaidvideos-1,95
170.91400156462137,163.7912158443514,1.5842074729303408,zaidvideos-1,96
170.8843509096632,162.40478753099725,1.5855334762766486,zaidvideos-1,97
170.85470025470502,161.0183592176431,1.5868594796229567,zaidvideos-1,98
170.82504959974685,159.63193090428896,1.5881854829692645,zaidvideos-1,99
98.30962220257642,161.77604464263734,-1.2327997596600702,zaidvideos-10,0
98.05091886564881,161.05627116518423,-1.2264834883261684,zaidvideos-10,1
97.79221552872119,160.33649768773114,-1.2201672169922666,zaidvideos-10,2
97.53351219179358,159.61672421027802,-1.2138509456583648,zaidvideos-10,3
97.17990734742322,159.147732513525,-1.2053457244090486,zaidvideos-10,4
96.71680076369584,158.96810440988747,-1.1943147917188701,zaidvideos-10,5
96.25369417996848,158.78847630624995,-1.1832838590286916,zaidvideos-10,6
95.79058759624111,158.60884820261242,-1.1722529263385129,zaidvideos-10,7
95.09599929373323,158.45664752041952,-1.1506899095425691,zaidvideos-10,8
94.38360470516533,158.30655663987622,-1.128316732430797,zaidvideos-10,9
93.67121011659742,158.15646575933295,-1.105943555319025,zaidvideos-10,10
92.78823331212654,158.20941610706822,-1.0791644363504458,zaidvideos-10,11
91.64162944671467,158.5761574439613,-1.0455761345122552,zaidvideos-10,12
90.49502558130283,158.9428987808544,-1.0119878326740643,zaidvideos-10,13
89.34842171589096,159.3096401177475,-0.9783995308358737,zaidvideos-10,14
87.85237799266325,160.06388247674113,-0.9345208163816937,zaidvideos-10,15
86.2980942931329,160.88270833941817,-0.8889270331581823,zaidvideos-10,16
84.74381059360255,161.70153420209522,-0.8433332499346708,zaidvideos-10,17
83.23553392194421,162.65714312489175,-0.7952351385467464,zaidvideos-10,18
81.8243831980157,163.90151628571823,-0.7418501121450614,zaidvideos-10,19
80.41323247408718,165.14588944654471,-0.6884650857433764,zaidvideos-10,20
79.00208175015867,166.39026260737123,-0.6350800593416913,zaidvideos-10,21
77.87450822351867,167.5518867343976,-0.57530793269274,zaidvideos-10,22
76.82427393250282,168.6909429431149,-0.5137938696127162,zaidvideos-10,23
75.77403964148697,169.82999915183217,-0.4522798065326925,zaidvideos-10,24
74.79288017138224,170.6374395346921,-0.39101709624503916,zaidvideos-10,25
74.0189451640109,170.45003243998002,-0.33050844433449744,zaidvideos-10,26
73.24501015663957,170.26262534526794,-0.2699997924239557,zaidvideos-10,27
72.47107514926823,170.07521825055585,-0.209491140513414,zaidvideos-10,28
71.8563811453292,169.53519517610704,-0.1539798342364041,zaidvideos-10,29
71.30538354276308,168.85412570976357,-0.10046746621280735,zaidvideos-10,30
70.75438594019697,168.1730562434201,-0.046955098189210245,zaidvideos-10,31
70.323071496102,167.46248344152036,0.005124221082337353,zaidvideos-10,32
70.44229958097435,166.61619529606196,0.05061151609445875,zaidvideos-10,33
70.5615276658467,165.76990715060356,0.09609881110658043,zaidvideos-10,34
70.68075575071904,164.92361900514518,0.14158610611870182,zaidvideos-10,35
70.6561715436629,163.93370681521594,0.1813207228764687,zaidvideos-10,36
70.5516916188687,162.8640034894696,0.21785940727070488,zaidvideos-10,37
70.44721169407451,161.79430016372325,0.25439809166494126,zaidvideos-10,38
70.31510772805181,160.70312132609482,0.2901514131081169,zaidvideos-10,39
69.95280341845825,159.4329798894489,0.31936004329245454,zaidvideos-10,40
69.59049910886469,158.16283845280296,0.34856867347679205,zaidvideos-10,41
69.22819479927114,156.89269701615703,0.3777773036611297,zaidvideos-10,42
68.62498185898725,156.7864116191439,0.4037221702484079,zaidvideos-10,43
67.84108744568562,157.5530182518554,0.4272192141378917,zaidvideos-10,44
67.05719303238398,158.31962488456688,0.4507162580273754,zaidvideos-10,45
66.29331905544909,159.08109128081642,0.474210865880112,zaidvideos-10,46
66.06999686041638,159.70377129259398,0.4976397007406739,zaidvideos-10,47
65.84667466538366,160.32645130437152,0.5210685356012357,zaidvideos-10,48
65.62335247035094,160.94913131614908,0.5444973704617977,zaidvideos-10,49
65.30975612737116,161.57580271823986,0.5656507708730102,zaidvideos-10,50
64.90588563644432,162.20646551064385,0.5845287368348735,zaidvideos-10,51
64.50201514551748,162.83712830304785,0.6034067027967367,zaidvideos-10,52
64.09814465459064,163.46779109545184,0.6222846687586,zaidvideos-10,53
63.936516853239446,164.41254955914965,0.633557270873403,zaidvideos-10,54
63.78386100335401,165.36894119585835,0.6445481928457223,zaidvideos-10,55
63.63120515346858,166.32533283256706,0.6555391148180415,zaidvideos-10,56
63.75571151627404,167.29713773028692,0.663384685064764,zaidvideos-10,57
64.24976749600069,168.28949364268829,0.6670364530106907,zaidvideos-10,58
64.74382347572734,169.28184955508968,0.6706882209566174,zaidvideos-10,59
65.23787945545399,170.27420546749107,0.674339988902544,zaidvideos-10,60
66.67531463231576,169.40836030631024,0.6927364699783071,zaidvideos-10,61
68.22595531283375,168.31953101629952,0.7129023166296506,zaidvideos-10,62
69.77659599335172,167.23070172628883,0.7330681632809939,zaidvideos-10,63
71.81013869557115,166.21062077278359,0.7621233806616686,zaidvideos-10,64
74.7129050368532,165.31428682498827,0.80717946535514,zaidvideos-10,65
77.6156713781352,164.41795287719293,0.8522355500486106,zaidvideos-10,66
80.51843771941725,163.5216189293976,0.897291634742082,zaidvideos-10,67
85.22104754977859,163.00145329130405,0.9484758734704407,zaidvideos-10,68
90.31492770385282,162.56306337271087,1.0009923195976882,zaidvideos-10,69
95.40880785792699,162.1246734541177,1.053508765724935,zaidvideos-10,70
100.44380829137693,161.42149082666953,1.1090009697409864,zaidvideos-10,71
105.3316094232661,160.05632642708386,1.1719325684790483,zaidvideos-10,72
110.21941055515528,158.6911620274982,1.23486416721711,zaidvideos-10,73
115.1072116870444,157.32599762791256,1.2977957659551709,zaidvideos-10,74
120.25888053502325,157.34100226504333,1.355574725565391,zaidvideos-10,75
125.49850528836535,157.81606324774626,1.4116361387996639,zaidvideos-10,76
130.73813004170742,158.2911242304492,1.4676975520339368,zaidvideos-10,77
135.8307607942267,158.77454951749772,1.520027152201259,zaidvideos-10,78
140.38441354372924,159.28864392047998,1.558673437789765,zaidvideos-10,79
144.93806629323177,159.80273832346228,1.597319723378271,zaidvideos-10,80
149.49171904273427,160.31683272644455,1.6359660089667767,zaidvideos-10,81
153.00137139550895,161.04689181075503,1.657599275250639,zaidvideos-10,82
156.01649724457047,161.87924995464203,1.6711737429165117,zaidvideos-10,83
159.03162309363196,162.71160809852907,1.6847482105823846,zaidvideos-10,84
161.71186298059257,163.3925188286381,1.6966563841660751,zaidvideos-10,85
162.38278709494787,163.16474507607916,1.698566793256672,zaidvideos-10,86
163.05371120930315,162.93697132352023,1.700477202347269,zaidvideos-10,87
163.72463532365845,162.7091975709613,1.702387611437866,zaidvideos-10,88
164.64900480731785,162.9654480253393,1.7032179443594884,zaidvideos-10,89
165.73736835346818,163.53489061361768,1.7033494044658921,zaidvideos-10,90
166.82573189961852,164.10433320189605,1.7034808645722956,zaidvideos-10,91
167.84765255131992,164.55710689268395,1.7039037815411424,zaidvideos-10,92
168.00581557518512,163.49318491609546,1.7081156377217495,zaidvideos-10,93
168.16397859905032,162.42926293950694,1.7123274939023567,zaidvideos-10,94
168.32214162291552,161.36534096291845,1.7165393500829638,zaidvideos-10,95
168.4863680241812,160.94413210241527,1.7209691908688445,zaidvideos-10,96
168.6558493525272,161.07994127585272,1.725587951645962,zaidvideos-10,97
168.82533068087326,161.21575044929014,1.7302067124230798,zaidvideos-10,98
168.99481200921932,161.3515596227276,1.7348254732001973,zaidvideos-10,99
105.08403056374992,160.994649652991,-1.2953615794944529,zaidvideos-11,0
104.51189573570578,161.29698421498276,-1.2867181850612408,zaidvideos-11,1
103.93976090766164,161.5993187769745,-1.2780747906280285,zaidvideos-11,2
103.3676260796175,161.90165333896627,-1.2694313961948165,zaidvideos-11,3
102.71953354733118,162.20746063085252,-1.258224984202999,zaidvideos-11,4
102.06358332150259,162.5136271706589,-1.24675343246374,zaidvideos-11,5
101.40763309567399,162.8197937104653,-1.2352818807244808,zaidvideos-11,6
100.77239661423195,162.8209073210411,-1.2214729425196902,zaidvideos-11,7
100.14194022764835,162.75162410179448,-1.2071246074382387,zaidvideos-11,8
99.51148384106476,162.68234088254786,-1.192776272356787,zaidvideos-11,9
98.79910268590814,162.58458217130422,-1.1724672877667817,zaidvideos-11,10
98.05466401261427,162.47568087623566,-1.1498258751082118,zaidvideos-11,11
97.3102253393204,162.36677958116712,-1.1271844624496419,zaidvideos-11,12
96.31409906928411,162.59804511239835,-1.0974867896753382,zaidvideos-11,13
95.16696024120236,163.03341073940948,-1.0635553608315942,zaidvideos-11,14
94.01982141312062,163.4687763664206,-1.0296239319878502,zaidvideos-11,15
92.81703004979194,164.12112572494664,-0.9927717636918808,zaidvideos-11,16
91.56513350830417,164.96493131716227,-0.9533424723498304,zaidvideos-11,17
90.31323696681642,165.80873690937793,-0.91391318100778,zaidvideos-11,18
89.03118880489613,166.61614549523176,-0.8714094982911538,zaidvideos-11,19
87.71037427384832,167.37675793004897,-0.8249530266643585,zaidvideos-11,20
86.38955974280051,168.1373703648662,-0.7784965550375634,zaidvideos-11,21
84.87825780620214,168.9393753979414,-0.7279112079466553,zaidvideos-11,22
83.00329809537091,169.82040266405465,-0.6694434622424406,zaidvideos-11,23
81.12833838453967,170.70142993016788,-0.610975716538226,zaidvideos-11,24
79.29707887658645,171.50474297408118,-0.5498490102781634,zaidvideos-11,25
77.59691997726732,172.0749133513947,-0.480745422350557,zaidvideos-11,26
75.89676107794818,172.64508372870824,-0.41164183442295066,zaidvideos-11,27
74.35815484933575,173.0888338323419,-0.3422474050329917,zaidvideos-11,28
73.69193304253946,172.8499144581042,-0.2712824317463293,zaidvideos-11,29
73.02571123574317,172.6109950838665,-0.20031745845966656,zaidvideos-11,30
72.34860902184263,172.32804515037483,-0.13034245912435105,zaidvideos-11,31
71.50830070137849,171.3846368280741,-0.0752170690592445,zaidvideos-11,32
70.66799238091434,170.44122850577332,-0.02009167899413795,zaidvideos-11,33
69.8276840604502,169.49782018347256,0.0350337110709686,zaidvideos-11,34
69.27190119012674,168.19388240571158,0.08318835755566119,zaidvideos-11,35
68.7252965601304,166.8783146455164,0.13111814134421115,zaidvideos-11,36
68.17869193013406,165.56274688532125,0.17904792513276138,zaidvideos-11,37
67.92423298883348,164.18666694674204,0.22298615435466618,zaidvideos-11,38
67.711509145918,162.8019424112508,0.26635416149562163,zaidvideos-11,39
67.49878530300253,161.41721787575958,0.3097221686365771,zaidvideos-11,40
67.30798595974078,160.27904712717378,0.34366694327491754,zaidvideos-11,41
67.12332547638205,159.20991143892152,0.37497321281252577,zaidvideos-11,42
66.93866499302334,158.14077575066926,0.4062794823501341,zaidvideos-11,43
66.44243544295566,157.5506958834659,0.4304433386460423,zaidvideos-11,44
65.80458358983844,157.17836866219386,0.45136064346845045,zaidvideos-11,45
65.16673173672125,156.80604144092186,0.47227794829085856,zaidvideos-11,46
64.77246536220177,156.45443750861992,0.49573232977967074,zaidvideos-11,47
64.54486273619654,156.11701266877122,0.5209226058297065,zaidvideos-11,48
64.3172601101913,155.77958782892253,0.5461128818797424,zaidvideos-11,49
64.2510303282026,155.98857589211775,0.5727392448705652,zaidvideos-11,50
64.34617339023042,156.7439768583569,0.6008016948021749,zaidvideos-11,51
64.44131645225825,157.499377824596,0.6288641447337845,zaidvideos-11,52
64.65652695349834,158.22319835353005,0.6552989035284623,zaidvideos-11,53
65.04722063512561,158.9008628587106,0.6793547291230096,zaidvideos-11,54
65.43791431675287,159.57852736389117,0.7034105547175568,zaidvideos-11,55
65.75857870692438,160.44984888049842,0.7257173801810116,zaidvideos-11,56
65.9251786558932,161.7472158222444,0.744176405356063,zaidvideos-11,57
66.09177860486204,163.0445827639904,0.7626354305311143,zaidvideos-11,58
66.48676387814047,164.2322546349221,0.7839815283501977,zaidvideos-11,59
67.69741102395307,165.02815839580273,0.8156385998979657,zaidvideos-11,60
68.90805816976568,165.82406215668337,0.847295671445734,zaidvideos-11,61
70.31647738117765,166.68277435391744,0.8810581320939913,zaidvideos-11,62
73.10930105178524,167.98114560562558,0.9295583164456744,zaidvideos-11,63
75.90212472239278,169.27951685733373,0.9780585007973571,zaidvideos-11,64
78.75161514043158,170.5473052052268,1.0268621929985882,zaidvideos-11,65
83.35777472883923,170.86702353485168,1.0850746285358208,zaidvideos-11,66
87.96393431724684,171.18674186447657,1.143287064073053,zaidvideos-11,67
92.57009390565449,171.5064601941015,1.2014994996102857,zaidvideos-11,68
98.56201300358248,172.34812087848368,1.2566102419654546,zaidvideos-11,69
104.64631606881187,173.2245777198497,1.3115142047751531,zaidvideos-11,70
110.7306191340412,174.1010345612157,1.366418167584851,zaidvideos-11,71
117.29032002431985,173.69459381512505,1.414008923009644,zaidvideos-11,72
123.93805754886696,173.0505794417276,1.460245380770566,zaidvideos-11,73
130.585795073414,172.40656506833017,1.5064818385314875,zaidvideos-11,74
136.49978069955165,171.86066010430147,1.540858097477372,zaidvideos-11,75
142.16918235955276,171.34745827672904,1.571280956818244,zaidvideos-11,76
147.83858401955388,170.8342564491566,1.6017038161591157,zaidvideos-11,77
152.3112514590309,169.5284135336845,1.6186796105313506,zaidvideos-11,78
156.15705811632853,167.80737766740785,1.628611704205728,zaidvideos-11,79
160.00286477362621,166.08634180113117,1.6385437978801054,zaidvideos-11,80
162.7017985482082,164.49047074187808,1.6381618737996875,zaidvideos-11,81
164.508720080678,162.99195008808775,1.6297579359099845,zaidvideos-11,82
166.31564161314776,161.49342943429744,1.6213539980202816,zaidvideos-11,83
167.32849425204324,159.6212316199555,1.6147339329336856,zaidvideos-11,84
167.4414021448879,157.325533023655,1.6101355903572772,zaidvideos-11,85
167.5543100377325,155.02983442735453,1.6055372477808687,zaidvideos-11,86
167.40258386242655,153.09479084920451,1.6047219444620042,zaidvideos-11,87
166.8098009068696,151.760838967972,1.6102117065723798,zaidvideos-11,88
166.2170179513127,150.42688708673947,1.6157014686827553,zaidvideos-11,89
165.5643037189915,149.13742808591576,1.6210701655541502,zaidvideos-11,90
164.75843177938384,147.96167311280345,1.626129473481483,zaidvideos-11,91
163.95255983977617,146.78591813969115,1.631188781408816,zaidvideos-11,92
163.27486670727973,145.7456617823013,1.63632249835889,zaidvideos-11,93
163.1526150722651,145.2925660930422,1.6417786544075088,zaidvideos-11,94
163.0303634372505,144.83947040378308,1.6472348104561276,zaidvideos-11,95
162.89901594178014,144.35710290522505,1.6529748696030093,zaidvideos-11,96
162.67974179523767,143.59177458344425,1.6614593253664354,zaidvideos-11,97
162.46046764869521,142.82644626166342,1.669943781129861,zaidvideos-11,98
162.24119350215275,142.06111793988262,1.6784282368932868,zaidvideos-11,99
91.7361093029454,161.71477887305696,-1.114305658029526,zaidvideos-12,0
91.62626035513355,161.99375424998837,-1.1025904008930905,zaidvideos-12,1
91.51641140732171,162.27272962691976,-1.090875143756655,zaidvideos-12,2
91.40656245950986,162.55170500385117,-1.0791598866202194,zaidvideos-12,3
91.11296843423672,162.90691536577313,-1.062038373958232,zaidvideos-12,4
90.80036629750207,163.27001210545274,-1.0443575934832563,zaidvideos-12,5
90.48776416076741,163.6331088451323,-1.0266768130082806,zaidvideos-12,6
89.81832292815508,164.11878457357352,-0.9954425847149477,zaidvideos-12,7
89.06653421187869,164.63274776095972,-0.9610806376943017,zaidvideos-12,8
88.3147454956023,165.1467109483459,-0.9267186906736558,zaidvideos-12,9
87.28582053293925,165.9580030519036,-0.8818567253263571,zaidvideos-12,10
86.14845095212493,166.88564125309364,-0.8328860571555855,zaidvideos-12,11
85.0110813713106,167.81327945428365,-0.783915388984814,zaidvideos-12,12
83.7825007054977,168.81192367085234,-0.7283409959219846,zaidvideos-12,13
82.49919338868568,169.8531714966482,-0.6688043679239205,zaidvideos-12,14
81.21588607187365,170.89441932244407,-0.6092677399258566,zaidvideos-12,15
79.85783147821832,171.8118625538901,-0.5472833797269336,zaidvideos-12,16
78.43382340499535,172.62006643738044,-0.4831392558213707,zaidvideos-12,17
77.00981533177239,173.42827032087078,-0.4189951319158079,zaidvideos-12,18
75.85950308921782,173.95025880611763,-0.3524455234573849,zaidvideos-12,19
75.06108548609406,174.10425606505146,-0.28280314914528476,zaidvideos-12,20
74.26266788297029,174.25825332398526,-0.2131607748331848,zaidvideos-12,21
73.56072768274616,174.10753182087993,-0.14503180013598982,zaidvideos-12,22
73.04297161533043,173.37507449933616,-0.079792042885432,zaidvideos-12,23
72.52521554791468,172.6426171777924,-0.014552285634874363,zaidvideos-12,24
72.0808688149548,171.85760102046618,0.04767255124561322,zaidvideos-12,25
71.85675008536244,170.91490835579245,0.10085262701589016,zaidvideos-12,26
71.63263135577007,169.9722156911187,0.1540327027861671,zaidvideos-12,27
71.40339185001484,168.98294790823837,0.20542784157232527,zaidvideos-12,28
71.14650015298012,167.74217448704238,0.24718432064424217,zaidvideos-12,29
70.8896084559454,166.50140106584635,0.2889407997161593,zaidvideos-12,30
70.61461092541477,165.28206658325013,0.3302341553701433,zaidvideos-12,31
70.06802589244525,164.38431617965028,0.3645806597551292,zaidvideos-12,32
69.52144085947575,163.48656577605047,0.3989271641401152,zaidvideos-12,33
68.97485582650623,162.58881537245063,0.43327366852510113,zaidvideos-12,34
68.2968339810343,161.35878301344613,0.4595890001697209,zaidvideos-12,35
67.61457223838488,160.11803188168665,0.48564526172594163,zaidvideos-12,36
66.93231049573545,158.87728074992714,0.5117015232821625,zaidvideos-12,37
66.39830644901303,158.44462251624927,0.532807103096642,zaidvideos-12,38
65.88548207313734,158.12740612515447,0.5532054426623014,zaidvideos-12,39
65.37265769726164,157.81018973405966,0.5736037822279608,zaidvideos-12,40
64.92724658425053,158.162990731603,0.5957218043030361,zaidvideos-12,41
64.50071118484148,158.70339659796502,0.6183213374807477,zaidvideos-12,42
64.07417578543243,159.24380246432705,0.6409208706584594,zaidvideos-12,43
63.941161145557146,160.02537183012186,0.6610160479648693,zaidvideos-12,44
63.941565032742666,160.9165609683861,0.6799728816934149,zaidvideos-12,45
63.94196891992818,161.80775010665036,0.6989297154219604,zaidvideos-12,46
64.23605288311194,162.13067948694132,0.7182651777329865,zaidvideos-12,47
64.73107584566289,162.06479955914526,0.7378597017057096,zaidvideos-12,48
65.22609880821385,161.9989196313492,0.7574542256784329,zaidvideos-12,49
65.866861583143,162.29256407761537,0.7773550131147392,zaidvideos-12,50
66.65336417045036,162.94573289794377,0.7975620640146286,zaidvideos-12,51
67.4398667577577,163.5989017182722,0.8177691149145179,zaidvideos-12,52
68.61678240557814,164.29737989392456,0.8434089811839716,zaidvideos-12,53
70.36430175722539,165.06207943505038,0.8769891160704814,zaidvideos-12,54
72.11182110887263,165.82677897617623,0.9105692509569907,zaidvideos-12,55
74.48091013341367,166.4503240538924,0.9482259231771287,zaidvideos-12,56
78.21745243832092,166.76332931210723,0.9948509775312477,zaidvideos-12,57
81.95399474322815,167.07633457032208,1.0414760318853669,zaidvideos-12,58
86.11476701292096,167.1811568133357,1.0909350272528455,zaidvideos-12,59
91.79064629970483,166.5424682877736,1.1505152405251766,zaidvideos-12,60
97.46652558648876,165.90377976221149,1.2100954537975084,zaidvideos-12,61
103.22794297513765,165.34707224969094,1.2678248423435226,zaidvideos-12,62
109.58812707684187,165.3642318284614,1.3125984578053183,zaidvideos-12,63
115.94831117854604,165.3813914072319,1.3573720732671133,zaidvideos-12,64
122.28653050006916,165.4264323092135,1.402112381692208,zaidvideos-12,65
127.94384163598065,166.33579423074085,1.445820171979594,zaidvideos-12,66
133.6011527718921,167.24515615226815,1.4895279622669795,zaidvideos-12,67
139.25846390780356,168.15451807379546,1.5332357525543654,zaidvideos-12,68
144.03965273421449,168.0099694819578,1.5633168764977767,zaidvideos-12,69
148.7624334066588,167.79516018922914,1.5924895560182573,zaidvideos-12,70
153.48521407910303,167.58035089650048,1.6216622355387371,zaidvideos-12,71
156.52184839856872,166.73705512218328,1.6325191973979987,zaidvideos-12,72
159.24623339340877,165.7773729623867,1.639984359690368,zaidvideos-12,73
161.97061838824882,164.8176908025901,1.6474495219827372,zaidvideos-12,74
163.07499060706746,163.92056292004668,1.6469255822468671,zaidvideos-12,75
163.63935856721233,163.04428646325434,1.6437386085015842,zaidvideos-12,76
164.2037265273572,162.16801000646197,1.6405516347563012,zaidvideos-12,77
164.55741022685388,161.03961591015843,1.6473249808130945,zaidvideos-12,78
164.80073550410629,159.7791601931586,1.6593156372424043,zaidvideos-12,79
165.04406078135867,158.51870447615872,1.671306293671714,zaidvideos-12,80
165.29327010713348,156.6876384769104,1.6775105009946654,zaidvideos-12,81
165.54705591509241,154.41276448035768,1.6792141367904492,zaidvideos-12,82
165.80084172305132,152.137890483805,1.6809177725862328,zaidvideos-12,83
166.03775607621216,150.27427205812697,1.6843616475040133,zaidvideos-12,84
166.25554944726855,148.87674327944023,1.6897777934267233,zaidvideos-12,85
166.4733428183249,147.47921450075353,1.6951939393494335,zaidvideos-12,86
166.76034828555626,146.16172581164633,1.70041079273766,zaidvideos-12,87
167.1627072464126,144.97763727183843,1.705295491901747,zaidvideos-12,88
167.56506620726896,143.79354873203053,1.710180191065834,zaidvideos-12,89
167.9454333504379,142.78715113412002,1.7153145040445386,zaidvideos-12,90
168.26959918173912,142.23485260994735,1.7210867189939325,zaidvideos-12,91
168.59376501304033,141.68255408577468,1.7268589339433267,zaidvideos-12,92
168.8443862832592,141.1990115708931,1.7314909219180095,zaidvideos-12,93
168.77631445545464,141.01341176293968,1.7311819263356116,zaidvideos-12,94
168.7082426276501,140.82781195498626,1.7308729307532136,zaidvideos-12,95
168.66055878216372,140.66259075713995,1.730994729995335,zaidvideos-12,96
168.80995876575295,140.69436279032914,1.7352808792078105,zaidvideos-12,97
168.9593587493422,140.7261348235183,1.739567028420286,zaidvideos-12,98
169.10875873293142,140.75790685670748,1.7438531776327615,zaidvideos-12,99
85.69559053783753,161.88044617411023,-0.8695203564765069,zaidvideos-13,0
84.85802400580395,162.65315444507462,-0.846718452104919,zaidvideos-13,1
84.02045747377038,163.425862716039,-0.823916547733331,zaidvideos-13,2
83.1828909417368,164.1985709870034,-0.8011146433617431,zaidvideos-13,3
82.34532440970324,164.97127925796778,-0.7783127389901552,zaidvideos-13,4
81.57677889586218,165.64834340156835,-0.7557139643137953,zaidvideos-13,5
80.83843007748034,166.28356323944726,-0.7332040588790978,zaidvideos-13,6
80.1000812590985,166.91878307732617,-0.7106941534444002,zaidvideos-13,7
79.36173244071666,167.55400291520507,-0.6881842480097028,zaidvideos-13,8
78.42823101547383,168.245475519038,-0.6583158326948341,zaidvideos-13,9
77.1911588684472,169.0244524254661,-0.6170008464552547,zaidvideos-13,10
75.9540867214206,169.80342933189422,-0.5756858602156751,zaidvideos-13,11
74.71701457439397,170.58240623832233,-0.5343708739760956,zaidvideos-13,12
73.49853828926179,171.34368922016296,-0.4924309794783299,zaidvideos-13,13
72.47531855402123,171.91918599383496,-0.4439295482696082,zaidvideos-13,14
71.45209881878067,172.49468276750696,-0.39542811706088643,zaidvideos-13,15
70.42887908354011,173.07017954117896,-0.3469266858521647,zaidvideos-13,16
69.40565934829955,173.64567631485093,-0.2984252546434429,zaidvideos-13,17
68.64461842052981,173.63486913088062,-0.2511793958427672,zaidvideos-13,18
67.95640493927976,173.4611997364541,-0.20428230715543763,zaidvideos-13,19
67.2681914580297,173.28753034202757,-0.15738521846810818,zaidvideos-13,20
66.57997797677965,173.113860947601,-0.11048812978077857,zaidvideos-13,21
65.97383217704365,172.85013351982786,-0.06706573889169767,zaidvideos-13,22
65.45721475714114,172.48816096476745,-0.02743392741888774,zaidvideos-13,23
64.94059733723864,172.12618840970705,0.012197884053922189,zaidvideos-13,24
64.42397991733615,171.76421585464664,0.051829695526731966,zaidvideos-13,25
63.94565895884545,171.3066003879992,0.09019465792635899,zaidvideos-13,26
63.64924619206077,170.39468109131334,0.12254208722836706,zaidvideos-13,27
63.3528334252761,169.48276179462746,0.15488951653037525,zaidvideos-13,28
63.05642065849143,168.5708424979416,0.18723694583238332,zaidvideos-13,29
62.76000789170676,167.65892320125573,0.21958437513439152,zaidvideos-13,30
62.53282628490878,166.66968615783478,0.25043404746615244,zaidvideos-13,31
62.31602935210879,165.66885145240357,0.2810590562523764,zaidvideos-13,32
62.099232419308805,164.66801674697234,0.31168406503860036,zaidvideos-13,33
61.88243548650882,163.66718204154114,0.34230907382482423,zaidvideos-13,34
61.65304244962497,162.8333896012546,0.36824438440579327,zaidvideos-13,35
61.41396010190739,162.12809121107935,0.39057223482887377,zaidvideos-13,36
61.17487775418981,161.4227928209041,0.41290008525195426,zaidvideos-13,37
60.935795406472224,160.71749443072883,0.435227935675035,zaidvideos-13,38
60.69352282162577,160.30716098908877,0.45704299291104766,zaidvideos-13,39
60.442211231580835,160.73256156829834,0.47740513611703483,zaidvideos-13,40
60.19089964153589,161.15796214750793,0.49776727932302217,zaidvideos-13,41
59.93958805149096,161.5833627267175,0.5181294225290093,zaidvideos-13,42
59.68827646144602,162.00876330592706,0.5384915657349965,zaidvideos-13,43
59.66096296186516,161.88155018571774,0.5542652431100162,zaidvideos-13,44
59.64383119366903,161.72921826098934,0.5698303538563556,zaidvideos-13,45
59.62669942547291,161.57688633626097,0.585395464602695,zaidvideos-13,46
59.60956765727678,161.4245544115326,0.6009605753490344,zaidvideos-13,47
59.65261734224113,161.51339080284143,0.6155415180996751,zaidvideos-13,48
59.72776380222441,161.7308502960368,0.6295975712526095,zaidvideos-13,49
59.80291026220769,161.94830978923216,0.6436536244055441,zaidvideos-13,50
59.87805672219097,162.16576928242753,0.6577096775584785,zaidvideos-13,51
60.14027967075739,162.509207202565,0.6715290585792406,zaidvideos-13,52
60.75327103541719,163.08885467321886,0.6849046793521789,zaidvideos-13,53
61.366262400077,163.66850214387273,0.6982803001251173,zaidvideos-13,54
61.979253764736804,164.24814961452662,0.7116559208980557,zaidvideos-13,55
62.60072090327142,164.80599292947338,0.7252165768908294,zaidvideos-13,56
63.408655067051946,164.88414481886372,0.7428480077199796,zaidvideos-13,57
64.21658923083247,164.96229670825403,0.7604794385491297,zaidvideos-13,58
65.024523394613,165.04044859764437,0.7781108693782799,zaidvideos-13,59
65.83245755839353,165.11860048703468,0.7957423002074301,zaidvideos-13,60
67.0940494109927,164.55366743685582,0.8183072357228215,zaidvideos-13,61
68.51575574199845,163.7617632315349,0.842613408186298,zaidvideos-13,62
69.93746207300421,162.96985902621398,0.8669195806497749,zaidvideos-13,63
71.35916840400996,162.17795482089306,0.8912257531132515,zaidvideos-13,64
73.82528600343576,161.8214271479253,0.9241555768469872,zaidvideos-13,65
77.64913825180763,162.03088896701675,0.9682961472320601,zaidvideos-13,66
81.47299050017948,162.24035078610817,1.0124367176171327,zaidvideos-13,67
85.29684274855133,162.44981260519958,1.0565772880022053,zaidvideos-13,68
89.20947166579793,162.65704980538746,1.1006174874894177,zaidvideos-13,69
93.71394504220936,162.84945621288503,1.143988547657559,zaidvideos-13,70
98.2184184186208,163.0418626203826,1.1873596078257005,zaidvideos-13,71
102.72289179503223,163.2342690278802,1.2307306679938421,zaidvideos-13,72
107.22736517144367,163.42667543537777,1.2741017281619835,zaidvideos-13,73
111.49687517334704,163.5074701647791,1.3075997798327106,zaidvideos-13,74
115.71691920166984,163.56476769879177,1.3390193033987194,zaidvideos-13,75
119.93696322999256,163.62206523280443,1.3704388269647276,zaidvideos-13,76
124.15700725831529,163.67936276681712,1.4018583505307358,zaidvideos-13,77
128.4532416096454,163.8745132124358,1.4340768930193586,zaidvideos-13,78
132.81931709039898,164.19602882702668,1.4670278695203784,zaidvideos-13,79
137.18539257115253,164.5175444416176,1.4999788460213983,zaidvideos-13,80
141.5514680519061,164.83906005620847,1.532929822522418,zaidvideos-13,81
145.72602921594003,165.23000659436676,1.56313806266517,zaidvideos-13,82
149.21113883978293,165.87090445736771,1.583472451918157,zaidvideos-13,83
152.69624846362584,166.51180232036867,1.603806841171144,zaidvideos-13,84
156.18135808746877,167.15270018336963,1.624141230424131,zaidvideos-13,85
159.66646771131167,167.7935980463706,1.6444756196771178,zaidvideos-13,86
160.85441366587753,167.2356262490411,1.648054820020417,zaidvideos-13,87
161.82358212813128,166.56347638882303,1.6500382880866031,zaidvideos-13,88
162.79275059038503,165.89132652860496,1.6520217561527892,zaidvideos-13,89
163.76191905263877,165.21917666838687,1.6540052242189753,zaidvideos-13,90
164.34476807985322,164.8459905824323,1.6551206798237978,zaidvideos-13,91
164.67926889882816,164.66499549421857,1.6556781274177437,zaidvideos-13,92
165.01376971780306,164.48400040600484,1.6562355750116897,zaidvideos-13,93
165.348270536778,164.30300531779113,1.6567930226056355,zaidvideos-13,94
165.65156416961665,163.99139023701164,1.6603405332825285,zaidvideos-13,95
165.88352709128677,163.38121517322466,1.6707224738633006,zaidvideos-13,96
166.11549001295685,162.77104010943773,1.6811044144440725,zaidvideos-13,97
166.34745293462697,162.16086504565078,1.6914863550248445,zaidvideos-13,98
166.57941585629706,161.55068998186383,1.7018682956056164,zaidvideos-13,99
75.59711557442039,174.21497430113826,-0.44371644938520943,zaidvideos-14,0
75.59167769383217,174.07707500231962,-0.4121042373488946,zaidvideos-14,1
75.58623981324395,173.93917570350098,-0.38049202531257986,zaidvideos-14,2
75.58080193265573,173.80127640468237,-0.3488798132762651,zaidvideos-14,3
75.46140688337157,173.72780539287282,-0.3164374232696331,zaidvideos-14,4
75.21052279328438,173.72867471222762,-0.2830371356049428,zaidvideos-14,5
74.9596387031972,173.72954403158238,-0.24963684794025257,zaidvideos-14,6
74.70875461311002,173.73041335093717,-0.2162365602755623,zaidvideos-14,7
73.88549085351112,173.39877275469073,-0.1665165000106252,zaidvideos-14,8
73.01819788856514,173.0415544726288,-0.11554107262259221,zaidvideos-14,9
72.15090492361918,172.68433619056688,-0.06456564523455921,zaidvideos-14,10
71.38954632423896,172.18576674444407,-0.013792814923877015,zaidvideos-14,11
70.79190447164217,171.4687454993181,0.036666910812717515,zaidvideos-14,12
70.19426261904538,170.75172425419208,0.08712663654931213,zaidvideos-14,13
69.59662076644858,170.03470300906608,0.13758636228590673,zaidvideos-14,14
69.2289200597119,168.98615878599014,0.17988491025088185,zaidvideos-14,15
68.89954287728523,167.88236073325587,0.22082326192058704,zaidvideos-14,16
68.57016569485856,166.77856268052162,0.2617616135902922,zaidvideos-14,17
68.13439946167236,165.6670721133981,0.2997691818059357,zaidvideos-14,18
67.47403412132715,164.53934179367505,0.3315895405074488,zaidvideos-14,19
66.81366878098194,163.41161147395198,0.36340989920896194,zaidvideos-14,20
66.15330344063672,162.28388115422894,0.3952302579104751,zaidvideos-14,21
65.76564863890938,161.2155168787896,0.41870288296838787,zaidvideos-14,22
65.45236943862328,160.16334334270036,0.4398988533962278,zaidvideos-14,23
65.13909023833718,159.11116980661112,0.4610948238240677,zaidvideos-14,24
64.8764984561967,158.4140927639432,0.48277924398345873,zaidvideos-14,25
64.76596892849308,158.78230520153923,0.5059290133375031,zaidvideos-14,26
64.65543940078948,159.1505176391353,0.5290787826915475,zaidvideos-14,27
64.54490987308587,159.51873007673134,0.5522285520455918,zaidvideos-14,28
64.42457720583234,160.01638776888794,0.5720007644770709,zaidvideos-14,29
64.30032328275882,160.56582356286873,0.5904219541395238,zaidvideos-14,30
64.17606935968531,161.11525935684955,0.6088431438019767,zaidvideos-14,31
64.05080814016371,161.66770004363119,0.6261392230294401,zaidvideos-14,32
63.92091335698091,162.23396323729665,0.6382597942559528,zaidvideos-14,33
63.79101857379811,162.80022643096214,0.6503803654824654,zaidvideos-14,34
63.661123790615314,163.3664896246276,0.662500936708978,zaidvideos-14,35
63.73607979072931,163.97545107229732,0.6733082195989655,zaidvideos-14,36
63.92484178156376,164.60813377219162,0.6833858978575501,zaidvideos-14,37
64.1136037723982,165.2408164720859,0.6934635761161348,zaidvideos-14,38
64.33657021798204,165.9019826514934,0.7037966912550081,zaidvideos-14,39
64.84457378647755,166.80051116017785,0.716258447062954,zaidvideos-14,40
65.35257735497306,167.69903966886227,0.7287202028708998,zaidvideos-14,41
65.86058092346858,168.59756817754672,0.7411819586788456,zaidvideos-14,42
66.99630405821608,168.82678349261198,0.7617453625615747,zaidvideos-14,43
68.60281686765262,168.55401391246286,0.7883850025003911,zaidvideos-14,44
70.20932967708916,168.28124433231378,0.8150246424392074,zaidvideos-14,45
71.8497030449994,168.02875955896997,0.842040134441063,zaidvideos-14,46
74.40431149169986,168.3239645693693,0.8792036321449738,zaidvideos-14,47
76.9589199384003,168.61916957976865,0.9163671298488847,zaidvideos-14,48
79.51352838510077,168.91437459016802,0.9535306275527957,zaidvideos-14,49
82.94667486483428,169.066605068157,0.9968017592916323,zaidvideos-14,50
87.25835937760088,169.0758610137356,1.046180525065395,zaidvideos-14,51
91.57004389036746,169.0851169593142,1.0955592908391576,zaidvideos-14,52
95.88172840313408,169.0943729048928,1.1449380566129204,zaidvideos-14,53
100.8823578782044,169.1339278740562,1.1919649450576908,zaidvideos-14,54
105.9085038333601,169.17460502927833,1.238904726934721,zaidvideos-14,55
110.93464978851576,169.21528218450044,1.285844508811751,zaidvideos-14,56
116.06717861341998,168.7591816575432,1.3289196219070403,zaidvideos-14,57
121.34155126465559,167.64071088768011,1.3668418432933416,zaidvideos-14,58
126.61592391589114,166.52224011781703,1.4047640646796424,zaidvideos-14,59
131.89029656712677,165.40376934795395,1.4426862860659437,zaidvideos-14,60
136.3015889672517,164.3685425039494,1.4640509222441025,zaidvideos-14,61
140.60931173724333,163.3433049310479,1.483428648197284,zaidvideos-14,62
144.91703450723492,162.31806735814638,1.5028063741504656,zaidvideos-14,63
148.88527468388878,160.93726857887222,1.5187880772094917,zaidvideos-14,64
152.2424461925346,158.91645962812734,1.5286569390590383,zaidvideos-14,65
155.59961770118036,156.89565067738246,1.5385258009085847,zaidvideos-14,66
158.95678920982618,154.87484172663758,1.5483946627581313,zaidvideos-14,67
161.0713701638594,153.8370840131213,1.5543278730228598,zaidvideos-14,68
162.9158227364551,153.01303309030695,1.5594055068561063,zaidvideos-14,69
164.76027530905077,152.18898216749255,1.5644831406893527,zaidvideos-14,70
166.28685948703765,151.24324028436362,1.5695285436783868,zaidvideos-14,71
167.01877267850244,149.9932710004483,1.5744933695568901,zaidvideos-14,72
167.75068586996724,148.74330171653295,1.5794581954353935,zaidvideos-14,73
168.482599061432,147.49333243261765,1.5844230213138968,zaidvideos-14,74
168.69615478577668,146.64791907882437,1.5950790172751643,zaidvideos-14,75
168.73692468774794,145.93735770173842,1.6076320699306867,zaidvideos-14,76
168.7776945897192,145.2267963246525,1.620185122586209,zaidvideos-14,77
168.840768032869,144.57838300142632,1.6332305336856803,zaidvideos-14,78
168.98562112700665,144.15784587568587,1.6480812590796319,zaidvideos-14,79
169.1304742211443,143.73730874994544,1.6629319844735835,zaidvideos-14,80
169.27532731528197,143.31677162420502,1.6777827098675349,zaidvideos-14,81
169.40326176410696,142.90340462557816,1.6914710041613277,zaidvideos-14,82
169.52318211778388,142.49343400295245,1.7046086731971504,zaidvideos-14,83
169.6431024714608,142.08346338032675,1.7177463422329728,zaidvideos-14,84
169.74332414145624,141.60241683551095,1.729855499165569,zaidvideos-14,85
169.72535370936305,140.69491475755453,1.7357935834788059,zaidvideos-14,86
169.70738327726988,139.78741267959813,1.7417316677920427,zaidvideos-14,87
169.6894128451767,138.8799106016417,1.7476697521052795,zaidvideos-14,88
169.65026049104114,138.38192400802518,1.7529749774328853,zaidvideos-14,89
169.59740218734882,138.14891802192267,1.7578707057697887,zaidvideos-14,90
169.54454388365647,137.91591203582016,1.762766434106692,zaidvideos-14,91
169.5002403082641,137.6945376136131,1.767420732921605,zaidvideos-14,92
169.56714820077156,137.62437352204745,1.7689364479506438,zaidvideos-14,93
169.634056093279,137.55420943048176,1.7704521629796823,zaidvideos-14,94
169.70096398578644,137.4840453389161,1.7719678780087211,zaidvideos-14,95
169.67948873003084,137.42281115441446,1.7722858548005942,zaidvideos-14,96
169.5814147457806,137.36931622270166,1.7715657917869234,zaidvideos-14,97
169.48334076153034,137.31582129098882,1.7708457287732529,zaidvideos-14,98
169.3852667772801,137.26232635927602,1.770125665759582,zaidvideos-14,99
103.50544308497116,158.27536373480532,-1.2549451941321657,zaidvideos-15,0
103.04185141827138,157.9737152602129,-1.242335097942516,zaidvideos-15,1
102.57825975157158,157.6720667856205,-1.2297250017528663,zaidvideos-15,2
102.1146680848718,157.37041831102812,-1.2171149055632167,zaidvideos-15,3
101.40255574421398,157.1678066256904,-1.2004002856585987,zaidvideos-15,4
100.66473436831913,156.975440125448,-1.1832610598524325,zaidvideos-15,5
99.92691299242428,156.78307362520562,-1.166121834046266,zaidvideos-15,6
98.93354654252431,156.6892364087314,-1.1369074537575605,zaidvideos-15,7
97.88120815246933,156.61813671928064,-1.1049064993574997,zaidvideos-15,8
96.82886976241434,156.54703702982985,-1.072905544957439,zaidvideos-15,9
95.79802994155833,156.73947396571083,-1.0358924925862438,zaidvideos-15,10
94.77560260430191,157.0350339288955,-0.9969181844872133,zaidvideos-15,11
93.75317526704549,157.3305938920802,-0.9579438763881828,zaidvideos-15,12
92.56080030565354,158.22131155420095,-0.9117171072643881,zaidvideos-15,13
91.26645676978028,159.46912383568332,-0.861138861525735,zaidvideos-15,14
89.97211323390702,160.7169361171657,-0.8105606157870822,zaidvideos-15,15
88.57724880206483,162.05931992968624,-0.7559537039551875,zaidvideos-15,16
87.09368946201478,163.4851492107699,-0.6977920867469032,zaidvideos-15,17
85.61013012196473,164.9109784918535,-0.639630469538619,zaidvideos-15,18
84.24513511159836,166.25258560244853,-0.5790344004323581,zaidvideos-15,19
83.03257995368243,167.4859070652725,-0.5153083217429846,zaidvideos-15,20
81.82002479576651,168.71922852809644,-0.45158224305361117,zaidvideos-15,21
80.7283877247317,169.7341908392681,-0.3855978124975763,zaidvideos-15,22
79.8675942741063,170.33228567910362,-0.3153019829233699,zaidvideos-15,23
79.0068008234809,170.9303805189391,-0.24500615334916376,zaidvideos-15,24
78.05957487508077,171.32689312498337,-0.1753010296169609,zaidvideos-15,25
76.85305143335648,171.11865902965397,-0.10736802341076841,zaidvideos-15,26
75.6465279916322,170.91042493432457,-0.039435017204575935,zaidvideos-15,27
74.5172604258487,170.53875871954466,0.026227772152393605,zaidvideos-15,28
73.80517459014544,169.28455905973206,0.07963139052355946,zaidvideos-15,29
73.09308875444219,168.03035939991946,0.1330350088947256,zaidvideos-15,30
72.38278928475046,166.78648320704255,0.18580681621642117,zaidvideos-15,31
71.69928530523151,165.69745901820104,0.22910145779605828,zaidvideos-15,32
71.01578132571258,164.60843482935954,0.2723960993756954,zaidvideos-15,33
70.33227734619364,163.519410640518,0.31569074095533256,zaidvideos-15,34
69.72573605530098,162.2611198215342,0.3471315405178154,zaidvideos-15,35
69.12167743178338,160.99736878867483,0.37818995807974487,zaidvideos-15,36
68.51761880826578,159.73361775581546,0.40924837564167443,zaidvideos-15,37
67.68582912222656,159.0239174439405,0.4295262334503376,zaidvideos-15,38
66.82150642725571,158.3933672350633,0.44826401129424837,zaidvideos-15,39
65.95718373228485,157.76281702618607,0.4670017891381591,zaidvideos-15,40
65.30108765269034,157.47219577549308,0.4857030240993227,zaidvideos-15,41
64.70329502540123,157.27675463309163,0.5043940270533169,zaidvideos-15,42
64.10550239811212,157.0813134906902,0.5230850300073113,zaidvideos-15,43
63.32754706703829,157.44886676374745,0.5370459677050059,zaidvideos-15,44
62.46769959788049,158.0723265892859,0.5488568757407462,zaidvideos-15,45
61.60785212872269,158.69578641482437,0.5606677837764864,zaidvideos-15,46
61.46815601826677,159.37979342092544,0.5766508492938978,zaidvideos-15,47
61.82119504797527,160.10522744530624,0.5954885488777156,zaidvideos-15,48
62.17423407768378,160.83066146968702,0.6143262484615336,zaidvideos-15,49
62.41951768424591,161.8568219182451,0.6316660126159455,zaidvideos-15,50
62.557045867661685,163.1837087909805,0.6475078413409512,zaidvideos-15,51
62.69457405107746,164.51059566371586,0.6633496700659568,zaidvideos-15,52
63.22602478369028,165.30779208821488,0.6842861804374946,zaidvideos-15,53
64.33320847282187,165.3308255499069,0.7126687639847336,zaidvideos-15,54
65.44039216195345,165.35385901159893,0.7410513475319723,zaidvideos-15,55
66.86538117932751,165.4105592239967,0.7728639587464521,zaidvideos-15,56
68.98954191883499,165.54132628794704,0.8122226308288606,zaidvideos-15,57
71.11370265834248,165.67209335189742,0.8515813029112692,zaidvideos-15,58
73.54383723644641,165.9661940320305,0.8944132975186089,zaidvideos-15,59
77.06673552382328,166.84362905567323,0.9496500154292715,zaidvideos-15,60
80.5896338112002,167.72106407931597,1.0048867333399347,zaidvideos-15,61
84.28696360252165,168.4960523683598,1.0595532965456886,zaidvideos-15,62
89.20531392145507,168.5539135152116,1.1102287768170827,zaidvideos-15,63
94.12366424038844,168.6117746620634,1.1609042570884758,zaidvideos-15,64
99.09952469284573,168.6505512649144,1.2114262198597627,zaidvideos-15,65
105.85819928454468,168.09770700374182,1.2571891401277506,zaidvideos-15,66
112.61687387624356,167.5448627425692,1.3029520603957379,zaidvideos-15,67
119.37554846794251,166.99201848139657,1.3487149806637257,zaidvideos-15,68
125.15712763451516,167.82446570447453,1.3822914629737337,zaidvideos-15,69
130.87356710607946,168.74926569316918,1.4150555160865437,zaidvideos-15,70
136.59000657764372,169.67406568186385,1.4478195691993534,zaidvideos-15,71
141.62609826122716,169.81443964412986,1.4727792240088062,zaidvideos-15,72
146.5361996137031,169.80954952742763,1.4962936198731933,zaidvideos-15,73
151.44630096617897,169.8046594107254,1.5198080157375802,zaidvideos-15,74
155.3790296503466,169.03697034686434,1.5352891637772024,zaidvideos-15,75
158.98596744507807,168.01501496728363,1.548092562541903,zaidvideos-15,76
162.59290523980957,166.99305958770296,1.5608959613066038,zaidvideos-15,77
164.72828664776335,166.06462002320455,1.5717298197449647,zaidvideos-15,78
166.09285280550023,165.1851649332731,1.581532014202862,zaidvideos-15,79
167.45741896323713,164.3057098433416,1.5913342086607594,zaidvideos-15,80
168.15152958942755,163.99639270259837,1.6048273814937632,zaidvideos-15,81
168.32417480219294,164.1305161890016,1.6211913152851838,zaidvideos-15,82
168.49682001495836,164.26463967540482,1.6375552490766039,zaidvideos-15,83
168.6559469645898,164.19979411196633,1.6508062914686048,zaidvideos-15,84
168.79975321600276,163.90945029204053,1.6605293902745974,zaidvideos-15,85
168.9435594674157,163.61910647211477,1.6702524890805899,zaidvideos-15,86
168.99377741845873,163.5847683050238,1.677730354115508,zaidvideos-15,87
168.8880148688853,163.9771062259909,1.6814661628653025,zaidvideos-15,88
168.78225231931185,164.369444146958,1.685201971615097,zaidvideos-15,89
168.66776279791551,164.74378712685586,1.688762294730207,zaidvideos-15,90
168.53097101519396,165.07214303513243,1.691874154556679,zaidvideos-15,91
168.3941792324724,165.400498943409,1.6949860143831512,zaidvideos-15,92
168.30404141938592,165.7794448496248,1.6975158922307334,zaidvideos-15,93
168.41607080805147,166.37761408024403,1.697523848169792,zaidvideos-15,94
168.52810019671702,166.97578331086322,1.697531804108851,zaidvideos-15,95
168.59655710283639,167.51357031544296,1.6972973332273722,zaidvideos-15,96
168.24381334434264,167.46766246830768,1.6947194030806982,zaidvideos-15,97
167.89106958584887,167.4217546211724,1.6921414729340245,zaidvideos-15,98
167.53832582735512,167.37584677403711,1.6895635427873505,zaidvideos-15,99
90.7730066885916,154.17660155927612,-1.0107157683883599,zaidvideos-16,0
90.03418901534894,154.3502855443719,-0.9912605111745395,zaidvideos-16,1
89.29537134210631,154.52396952946765,-0.971805253960719,zaidvideos-16,2
88.55655366886366,154.69765351456343,-0.9523499967468987,zaidvideos-16,3
88.1341687873151,155.12098818944145,-0.9329636596809419,zaidvideos-16,4
87.9351482293153,155.7205468806364,-0.913625972131124,zaidvideos-16,5
87.73612767131551,156.3201055718313,-0.8942882845813062,zaidvideos-16,6
87.4224030229353,156.9858045052172,-0.8717141460115299,zaidvideos-16,7
86.55809874072901,157.96897660111964,-0.8336050425459535,zaidvideos-16,8
85.6937944585227,158.95214869702207,-0.7954959390803771,zaidvideos-16,9
84.82949017631641,159.9353207929245,-0.7573868356148007,zaidvideos-16,10
83.70038861973559,161.12594279368258,-0.7106672014812546,zaidvideos-16,11
82.4870333849447,162.38257158234924,-0.6612078530442637,zaidvideos-16,12
81.2736781501538,163.63920037101593,-0.6117485046072727,zaidvideos-16,13
80.09278488227892,164.88772167683177,-0.5587101777883392,zaidvideos-16,14
78.9735693515445,166.1208387652311,-0.498871792043715,zaidvideos-16,15
77.85435382081008,167.3539558536304,-0.43903340629909066,zaidvideos-16,16
76.73513829007564,168.58707294202972,-0.37919502055446636,zaidvideos-16,17
76.17246743206383,169.10367534868323,-0.3178936519807096,zaidvideos-16,18
75.65102210536477,169.56720259372597,-0.25648391430849843,zaidvideos-16,19
75.12957677866574,170.03072983876868,-0.19507417663628743,zaidvideos-16,20
74.4605286103044,170.10736235906205,-0.13391886161375463,zaidvideos-16,21
73.65371778972491,169.82289313625603,-0.07300100773092169,zaidvideos-16,22
72.84690696914542,169.53842391345,-0.012083153848088926,zaidvideos-16,23
72.045016129836,169.2026897133303,0.047704755918266235,zaidvideos-16,24
71.28576512820051,168.4226590431588,0.09769981667514713,zaidvideos-16,25
70.52651412656502,167.64262837298728,0.14769487743202786,zaidvideos-16,26
69.76726312492953,166.86259770281578,0.19768993818890876,zaidvideos-16,27
69.50724957263886,165.76576950397623,0.2418836129583793,zaidvideos-16,28
69.47189287255334,164.5263824172361,0.2834666640335151,zaidvideos-16,29
69.43653617246783,163.28699533049596,0.3250497151086509,zaidvideos-16,30
69.43674693110376,161.9114609466774,0.36398996599200817,zaidvideos-16,31
69.53032226888347,160.17853990802809,0.3959928663719461,zaidvideos-16,32
69.62389760666318,158.44561886937876,0.42799576675188394,zaidvideos-16,33
69.71747294444289,156.71269783072944,0.459998667131822,zaidvideos-16,34
69.3829466536879,156.12203858362514,0.48005909283994624,zaidvideos-16,35
68.97992410236735,155.71414122316804,0.4982087226005803,zaidvideos-16,36
68.5769015510468,155.30624386271094,0.5163583523612144,zaidvideos-16,37
68.0573022507888,155.02510900783943,0.5327188141808512,zaidvideos-16,38
67.39422387491545,154.8999895444578,0.5468772231500297,zaidvideos-16,39
66.7311454990421,154.7748700810762,0.5610356321192083,zaidvideos-16,40
66.09061424394314,154.67780354002448,0.5752086136695569,zaidvideos-16,41
66.0814023705272,155.3662188242099,0.5897896274926632,zaidvideos-16,42
66.07219049711128,156.0546341083953,0.6043706413157696,zaidvideos-16,43
66.06297862369534,156.74304939258076,0.618951655138876,zaidvideos-16,44
65.56470484921809,157.96987333826127,0.6281269866475642,zaidvideos-16,45
64.76755991298113,159.52572479929987,0.6339988456307747,zaidvideos-16,46
63.97041497674417,161.0815762603385,0.6398707046139851,zaidvideos-16,47
63.445235752651804,162.4514913848174,0.6480630539880637,zaidvideos-16,48
63.96259175844698,163.10865055248402,0.6651506165271369,zaidvideos-16,49
64.47994776424217,163.76580972015068,0.6822381790662101,zaidvideos-16,50
64.99730377003735,164.42296888781732,0.6993257416052833,zaidvideos-16,51
66.33551872686424,164.59384335020843,0.7307383156891709,zaidvideos-16,52
67.88787080135158,164.6378609329624,0.7658878493064887,zaidvideos-16,53
69.44022287583891,164.68187851571642,0.8010373829238062,zaidvideos-16,54
71.45415844530967,165.17051427163682,0.838720929672824,zaidvideos-16,55
74.22341246111698,166.38670703819312,0.8805510433646242,zaidvideos-16,56
76.99266647692426,167.6028998047494,0.922381157056424,zaidvideos-16,57
79.76192049273156,168.8190925713057,0.9642112707482242,zaidvideos-16,58
84.88753344442031,168.93611172750593,1.017458366600032,zaidvideos-16,59
90.09730207239048,169.01387468333627,1.0711132118146969,zaidvideos-16,60
95.30707070036071,169.09163763916663,1.1247680570293623,zaidvideos-16,61
101.08493584736621,168.23335949065483,1.1769583222259956,zaidvideos-16,62
107.32437941608777,166.61454794486505,1.2279586161579772,zaidvideos-16,63
113.56382298480942,164.99573639907527,1.2789589100899597,zaidvideos-16,64
119.67084825535926,163.55874678838785,1.3281222528079797,zaidvideos-16,65
124.9502591623353,163.2581442720904,1.3658046504387358,zaidvideos-16,66
130.22967006931142,162.95754175579293,1.4034870480694923,zaidvideos-16,67
135.50908097628755,162.65693923949547,1.4411694457002489,zaidvideos-16,68
140.23266434499894,162.14169012262104,1.4702958056745785,zaidvideos-16,69
144.7445038896096,161.54467087219348,1.4961627227321745,zaidvideos-16,70
149.25634343422024,160.9476516217659,1.5220296397897706,zaidvideos-16,71
153.63972400637502,160.20257553401598,1.5470466776254457,zaidvideos-16,72
157.73764019529463,159.12848425221637,1.570175094967964,zaidvideos-16,73
161.83555638421427,158.05439297041673,1.5933035123104826,zaidvideos-16,74
165.93347257313383,156.98030168861712,1.6164319296530008,zaidvideos-16,75
167.01865084462432,156.33043680055673,1.6278792773165827,zaidvideos-16,76
167.7562055102576,155.72952111177392,1.6379788092479797,zaidvideos-16,77
168.49376017589083,155.12860542299111,1.6480783411793765,zaidvideos-16,78
169.06163949296212,155.05330937191155,1.6588892824731414,zaidvideos-16,79
169.447723793717,155.54117721837116,1.670462448083729,zaidvideos-16,80
169.83380809447186,156.02904506483077,1.6820356136943164,zaidvideos-16,81
170.17948161143636,156.52071130507713,1.6934775281090293,zaidvideos-16,82
169.97960954723072,157.06365586144437,1.7031475513794332,zaidvideos-16,83
169.7797374830251,157.60660041781162,1.712817574649837,zaidvideos-16,84
169.57986541881945,158.14954497417887,1.722487597920241,zaidvideos-16,85
169.39460376967153,158.8226495110637,1.728241047392674,zaidvideos-16,86
169.21703181265926,159.56425930085254,1.7319331422345958,zaidvideos-16,87
169.03945985564698,160.3058690906414,1.735625237076518,zaidvideos-16,88
168.74025382880262,160.88960406463218,1.7373542535214856,zaidvideos-16,89
168.05876929677166,160.97716104611484,1.732913595004597,zaidvideos-16,90
167.3772847647407,161.06471802759748,1.7284729364877085,zaidvideos-16,91
166.69580023270973,161.1522750090801,1.72403227797082,zaidvideos-16,92
166.56726642721125,161.24936731669825,1.7203624310809336,zaidvideos-16,93
166.55393068974038,161.34844615059464,1.7168531699466727,zaidvideos-16,94
166.54059495226952,161.447524984491,1.7133439088124118,zaidvideos-16,95
166.3882642561007,161.57704753619674,1.7122793074318985,zaidvideos-16,96
166.03902403510986,161.74969868813236,1.7146779740358604,zaidvideos-16,97
165.689783814119,161.92234984006797,1.7170766406398226,zaidvideos-16,98
165.34054359312816,162.0950009920036,1.7194753072437845,zaidvideos-16,99
103.0056961221602,148.25213814877927,-1.2726884030050838,zaidvideos-17,0
102.98650428671586,148.3411486042683,-1.2691329886505547,zaidvideos-17,1
102.96731245127151,148.43015905975733,-1.2655775742960256,zaidvideos-17,2
102.94812061582718,148.51916951524638,-1.2620221599414967,zaidvideos-17,3
102.76305653313862,148.27483447259038,-1.2566628050587398,zaidvideos-17,4
102.56083325245928,147.99601541288493,-1.25111683563858,zaidvideos-17,5
102.35860997177994,147.71719635317945,-1.2455708662184202,zaidvideos-17,6
101.89701584198498,147.32991538582112,-1.2319923150733878,zaidvideos-17,7
101.37556690085563,146.91760474746596,-1.2165600912226153,zaidvideos-17,8
100.8541179597263,146.5052941091108,-1.2011278673718429,zaidvideos-17,9
100.01781794786825,146.6267654673534,-1.1792842191025872,zaidvideos-17,10
99.05831534311636,146.957108041656,-1.1549317525826206,zaidvideos-17,11
98.09881273836449,147.28745061595862,-1.130579286062654,zaidvideos-17,12
97.0515372211878,148.00351467779174,-1.1006778192975886,zaidvideos-17,13
95.95159795655621,148.95101163214315,-1.0674469523854637,zaidvideos-17,14
94.85165869192463,149.8985085864946,-1.034216085473339,zaidvideos-17,15
93.5712116324211,151.0008873293577,-0.9959760976177784,zaidvideos-17,16
92.13149298920702,152.23992647384875,-0.9533162971650684,zaidvideos-17,17
90.69177434599294,153.47896561833983,-0.9106564967123586,zaidvideos-17,18
89.12133513350008,155.08553076922132,-0.8641700577696727,zaidvideos-17,19
87.38282661764877,157.1646293568905,-0.8127636550541609,zaidvideos-17,20
85.64431810179747,159.24372794455965,-0.7613572523386493,zaidvideos-17,21
83.9980687001951,161.41590322789423,-0.7075903489774471,zaidvideos-17,22
82.52795033488619,163.76577038477188,-0.6493170352926546,zaidvideos-17,23
81.05783196957726,166.11563754164953,-0.5910437216078623,zaidvideos-17,24
79.64805329442645,168.16339784875436,-0.5305087488380211,zaidvideos-17,25
78.41929368974994,169.30483760654064,-0.46318879881303393,zaidvideos-17,26
77.19053408507342,170.44627736432693,-0.39586884878804673,zaidvideos-17,27
76.03352532070458,171.4183173248723,-0.3284612970507191,zaidvideos-17,28
75.26397109399714,171.47559838031697,-0.26058069606675305,zaidvideos-17,29
74.49441686728969,171.53287943576163,-0.1927000950827866,zaidvideos-17,30
73.74123539386697,171.5367893286533,-0.12498024926061282,zaidvideos-17,31
73.23364521971517,170.7401317832506,-0.05967173086532846,zaidvideos-17,32
72.72605504556337,169.94347423784788,0.005636787529955906,zaidvideos-17,33
72.21846487141156,169.14681669244519,0.07094530592524027,zaidvideos-17,34
71.9322315572757,167.5949953301896,0.12380732075883959,zaidvideos-17,35
71.65313878701133,166.0188138448097,0.1762678354775456,zaidvideos-17,36
71.37404601674695,164.44263235942984,0.22872835019625193,zaidvideos-17,37
70.86182926165436,163.43749657650622,0.2711897447946897,zaidvideos-17,38
70.31630908015774,162.51393875107635,0.31222269366166067,zaidvideos-17,39
69.77078889866112,161.59038092564649,0.35325564252863156,zaidvideos-17,40
69.35780276915055,160.4743899744236,0.3864051843790038,zaidvideos-17,41
68.98192617419609,159.30451774797862,0.41734737226472823,zaidvideos-17,42
68.60604957924163,158.13464552153366,0.44828956015045285,zaidvideos-17,43
68.05486784753066,157.63894498333852,0.4729022970558746,zaidvideos-17,44
67.42400196274855,157.44968612162054,0.49463801078843145,zaidvideos-17,45
66.79313607796644,157.26042725990257,0.5163737245209883,zaidvideos-17,46
66.1044067322545,157.5641929017531,0.5326888531615259,zaidvideos-17,47
65.37608659748531,158.2052910986768,0.5452951604233136,zaidvideos-17,48
64.64776646271612,158.84638929560052,0.5579014676851014,zaidvideos-17,49
64.1511549507719,159.4256265663813,0.5731117181492019,zaidvideos-17,50
63.88625206165261,159.94300291101925,0.5909259118156154,zaidvideos-17,51
63.621349172533336,160.46037925565716,0.6087401054820286,zaidvideos-17,52
63.58366024877305,160.85872283441765,0.6266846920760629,zaidvideos-17,53
63.87805327438361,161.08309544766496,0.6448198529489282,zaidvideos-17,54
64.17244629999416,161.30746806091224,0.6629550138217932,zaidvideos-17,55
64.3547102907831,162.00554282121007,0.6780231355621509,zaidvideos-17,56
64.29029040496447,163.745762305019,0.6863437712109922,zaidvideos-17,57
64.22587051914583,165.48598178882793,0.6946644068598334,zaidvideos-17,58
64.37386748588568,166.92912801181407,0.7069276215485791,zaidvideos-17,59
65.28049606890586,167.31129830329024,0.7332714756655535,zaidvideos-17,60
66.18712465192604,167.69346859476641,0.7596153297825281,zaidvideos-17,61
67.2441098777011,168.013463327903,0.7879601925049274,zaidvideos-17,62
69.35359160276045,167.89822915266242,0.8303121154653011,zaidvideos-17,63
71.46307332781977,167.78299497742185,0.8726640384256744,zaidvideos-17,64
73.66729600785018,167.70788940737003,0.9155090899818977,zaidvideos-17,65
78.80848829198456,168.87677059816957,0.9736411280094727,zaidvideos-17,66
83.94968057611888,170.0456517889691,1.031773166037047,zaidvideos-17,67
89.09087286025324,171.21453297976865,1.089905204064622,zaidvideos-17,68
95.19361625955625,171.94783173214566,1.1425307273191196,zaidvideos-17,69
101.36046306653722,172.65209165529453,1.1947891495887462,zaidvideos-17,70
107.52730987351812,173.3563515784434,1.2470475718583722,zaidvideos-17,71
113.91438925040092,172.64744153557837,1.3036174582827404,zaidvideos-17,72
120.34225243652487,171.6768333508589,1.3609857639950247,zaidvideos-17,73
126.77011562264876,170.7062251661395,1.4183540697073083,zaidvideos-17,74
132.51799786322763,170.8305954704779,1.456863928302412,zaidvideos-17,75
138.03921978862476,171.3199586045023,1.4890876378584557,zaidvideos-17,76
143.5604417140219,171.80932173852665,1.5213113474144992,zaidvideos-17,77
148.54287723519138,172.01074931719066,1.5428832630046052,zaidvideos-17,78
153.24309130652725,172.06135350971354,1.5588756674696962,zaidvideos-17,79
157.9433053778632,172.1119577022364,1.5748680719347872,zaidvideos-17,80
160.99355010112794,171.37608275416332,1.5828371692701755,zaidvideos-17,81
162.76048533144854,170.02850180784893,1.5845659166157957,zaidvideos-17,82
164.5274205617691,168.68092086153456,1.5862946639614157,zaidvideos-17,83
165.76951771350065,167.16707380901855,1.5886800986048188,zaidvideos-17,84
166.4167983761646,165.46479183614065,1.591809778852376,zaidvideos-17,85
167.06407903882854,163.76250986326278,1.594939459099933,zaidvideos-17,86
167.68339237201636,162.2233964199138,1.5957991597425703,zaidvideos-17,87
168.2560934894106,160.95623052577972,1.5928755610436747,zaidvideos-17,88
168.82879460680488,159.6890646316456,1.589951962344779,zaidvideos-17,89
169.2947119000185,158.2535015879425,1.5883627771751303,zaidvideos-17,90
169.4877371981039,156.3875902731187,1.590183759913557,zaidvideos-17,91
169.68076249618932,154.5216789582948,1.5920047426519839,zaidvideos-17,92
169.88487664020488,152.822166173033,1.5943103802026586,zaidvideos-17,93
170.13704244991783,151.84371368253989,1.5987161886064083,zaidvideos-17,94
170.38920825963078,150.86526119204675,1.603121997010158,zaidvideos-17,95
170.61012688314656,149.90526189822296,1.606860095978826,zaidvideos-17,96
170.528989373423,149.12364350553582,1.6041436704083718,zaidvideos-17,97
170.44785186369947,148.3420251128487,1.6014272448379177,zaidvideos-17,98
170.36671435397594,147.56040672016158,1.5987108192674635,zaidvideos-17,99
102.83798557088066,155.61337194941555,-1.1836633077898358,zaidvideos-18,0
101.95293791855154,155.80232022558553,-1.161312653738215,zaidvideos-18,1
101.06789026622243,155.9912685017555,-1.1389619996865943,zaidvideos-18,2
100.18284261389331,156.18021677792552,-1.1166113456349736,zaidvideos-18,3
99.14681564946372,156.80147405079762,-1.0911378433033816,zaidvideos-18,4
98.00421505296319,157.7278906154595,-1.0634599774800453,zaidvideos-18,5
96.86161445646266,158.65430718012138,-1.035782111656709,zaidvideos-18,6
95.58971662384538,159.6159324947294,-1.0042785131549394,zaidvideos-18,7
93.69719205786772,160.74655980907914,-0.9544113977966897,zaidvideos-18,8
91.80466749189007,161.87718712342888,-0.9045442824384401,zaidvideos-18,9
89.9121429259124,163.00781443777862,-0.8546771670801904,zaidvideos-18,10
87.92256986378806,164.18676130607085,-0.7951229911405004,zaidvideos-18,11
85.90211773470791,165.38108257789025,-0.7324865686521705,zaidvideos-18,12
83.88166560562779,166.57540384970966,-0.6698501461638405,zaidvideos-18,13
82.04239222000786,167.7864715149126,-0.6043399794598181,zaidvideos-18,14
80.54735844696228,169.02935732754426,-0.5333696987459804,zaidvideos-18,15
79.05232467391669,170.27224314017593,-0.4623994180321424,zaidvideos-18,16
77.55729090087111,171.5151289528076,-0.3914291373183044,zaidvideos-18,17
76.59390668330019,172.02360531036186,-0.32046036411170864,zaidvideos-18,18
75.66990391428293,172.47768096754004,-0.24949170257231576,zaidvideos-18,19
74.74590114526568,172.93175662471822,-0.17852304103292307,zaidvideos-18,20
74.1542212660879,172.63567741481629,-0.11175271540202848,zaidvideos-18,21
73.87270941742695,171.6394536623063,-0.048900836619065614,zaidvideos-18,22
73.59119756876599,170.6432299097963,0.01395104216389705,zaidvideos-18,23
73.34346957135283,169.58389514879488,0.07545583197543386,zaidvideos-18,24
73.38853495142047,167.9775983142012,0.12528585070127832,zaidvideos-18,25
73.4336003314881,166.37130147960755,0.17511586942712262,zaidvideos-18,26
73.47866571155573,164.7650046450139,0.22494588815296707,zaidvideos-18,27
73.5374995308128,163.23208429404232,0.26942976401339497,zaidvideos-18,28
73.60252914770508,161.7321833607007,0.31150787558438536,zaidvideos-18,29
73.66755876459739,160.23228242735905,0.35358598715537576,zaidvideos-18,30
73.66160499548587,158.7063827821856,0.3930420521585973,zaidvideos-18,31
73.46931983811437,157.11223651845364,0.4256152449214248,zaidvideos-18,32
73.27703468074287,155.51809025472167,0.45818843768425227,zaidvideos-18,33
73.08474952337137,153.9239439909897,0.49076163044708,zaidvideos-18,34
72.60119899018184,153.35920434627022,0.51090137491978,zaidvideos-18,35
72.07104599686143,152.95916976059272,0.5290517676660599,zaidvideos-18,36
71.54089300354102,152.5591351749152,0.5472021604123397,zaidvideos-18,37
70.97620433171251,152.562967324837,0.563859152584283,zaidvideos-18,38
70.36901020941252,153.06386622626556,0.5786781132801201,zaidvideos-18,39
69.76181608711255,153.56476512769413,0.5934970739759571,zaidvideos-18,40
69.16685083136072,154.04770989536283,0.6081628011806538,zaidvideos-18,41
68.91429383895762,154.02793891775485,0.6185379906334179,zaidvideos-18,42
68.6617368465545,154.00816794014688,0.6289131800861818,zaidvideos-18,43
68.40917985415139,153.9883969625389,0.6392883695389459,zaidvideos-18,44
68.16411823436299,154.51684734640224,0.6503210950315056,zaidvideos-18,45
67.92363712006134,155.38032189560914,0.6617556481039405,zaidvideos-18,46
67.6831560057597,156.24379644481607,0.6731902011763755,zaidvideos-18,47
67.48739797669104,157.20614980631902,0.6834226118647854,zaidvideos-18,48
67.46307844101551,158.54753861495686,0.689046810081099,zaidvideos-18,49
67.43875890534,159.88892742359474,0.6946710082974127,zaidvideos-18,50
67.41443936966446,161.23031623223258,0.7002952065137263,zaidvideos-18,51
67.986987787559,161.26527052531097,0.7166744600567729,zaidvideos-18,52
68.71524088899355,160.95941581433036,0.7358593802067934,zaidvideos-18,53
69.4434939904281,160.65356110334974,0.7550443003568137,zaidvideos-18,54
70.47239290744379,160.21926459262116,0.7786351989517426,zaidvideos-18,55
71.99325770450135,159.5747905913958,0.809435880456522,zaidvideos-18,56
73.51412250155889,158.9303165901705,0.840236561961301,zaidvideos-18,57
75.03498729861646,158.28584258894517,0.8710372434660804,zaidvideos-18,58
77.67483372153886,159.83023282861342,0.9139673412789838,zaidvideos-18,59
80.3546437739564,161.45279679117067,0.9573306325314627,zaidvideos-18,60
83.03445382637398,163.07536075372798,1.000693923783942,zaidvideos-18,61
87.1153176760702,164.0830505914564,1.0503057271923057,zaidvideos-18,62
92.33453773605528,164.5911552027614,1.104994446727325,zaidvideos-18,63
97.55375779604043,165.0992598140664,1.1596831662623448,zaidvideos-18,64
102.8732173497852,165.5557670293651,1.2130559426961829,zaidvideos-18,65
108.8191737395276,165.68979051962447,1.2582040747476346,zaidvideos-18,66
114.76513012927006,165.82381400988388,1.303352206799087,zaidvideos-18,67
120.71108651901254,165.95783750014326,1.3485003388505394,zaidvideos-18,68
126.58382308996542,166.88898956553695,1.3903284411623926,zaidvideos-18,69
132.42866639661761,168.12380965955322,1.4308917702401132,zaidvideos-18,70
138.2735097032698,169.3586297535695,1.471455099317834,zaidvideos-18,71
143.9012101480471,170.30984377190302,1.5082467383393083,zaidvideos-18,72
149.04637089976936,170.6308220664971,1.536656843902459,zaidvideos-18,73
154.19153165149163,170.9518003610912,1.5650669494656098,zaidvideos-18,74
159.33669240321382,171.27277865568527,1.59347705502876,zaidvideos-18,75
162.95114376558166,171.0620957575843,1.612283877408598,zaidvideos-18,76
166.38897481379325,170.79006733724927,1.6299826286518995,zaidvideos-18,77
169.8268058620048,170.51803891691424,1.647681379895201,zaidvideos-18,78
172.06380437124832,169.71908805803005,1.658332644172783,zaidvideos-18,79
173.0141965887404,168.35557744355748,1.6614330295585227,zaidvideos-18,80
173.96458880623246,166.99206682908488,1.6645334149442625,zaidvideos-18,81
174.84114048338103,165.66492785764265,1.668349203508773,zaidvideos-18,82
174.72084486589236,164.82880606711032,1.6818229349866896,zaidvideos-18,83
174.60054924840367,163.992684276578,1.6952966664646063,zaidvideos-18,84
174.48025363091497,163.15656248604566,1.708770397942523,zaidvideos-18,85
174.21580952982762,162.29072004114116,1.7186763878067202,zaidvideos-18,86
173.87549780579357,161.4092351465671,1.7267046189268547,zaidvideos-18,87
173.53518608175952,160.52775025199304,1.734732850046989,zaidvideos-18,88
173.14855903369613,159.84001159641764,1.74181510366137,zaidvideos-18,89
172.6163695386833,159.76118969198086,1.745924285114813,zaidvideos-18,90
172.0841800436705,159.68236778754408,1.7500334665682558,zaidvideos-18,91
171.5519905486577,159.6035458831073,1.7541426480216984,zaidvideos-18,92
171.37614262847518,158.66568834490437,1.759306289130389,zaidvideos-18,93
171.2745325363823,157.5488650496668,1.7646896093339226,zaidvideos-18,94
171.1729224442894,156.43204175442924,1.7700729295374564,zaidvideos-18,95
171.09661246668307,156.0202028274886,1.773794675648239,zaidvideos-18,96
171.0561443179326,156.60709175563528,1.7751625251276242,zaidvideos-18,97
171.01567616918214,157.19398068378194,1.7765303746070094,zaidvideos-18,98
170.97520802043167,157.7808696119286,1.7778982240863945,zaidvideos-18,99
104.06786167580832,151.0445864776982,-1.2696795767242601,zaidvideos-19,0
103.55082559685461,151.3615281446329,-1.2561395909951591,zaidvideos-19,1
103.03378951790089,151.67846981156762,-1.2425996052660582,zaidvideos-19,2
102.51675343894718,151.99541147850232,-1.2290596195369572,zaidvideos-19,3
101.9048207494595,152.40155395734496,-1.2137229483782768,zaidvideos-19,4
101.1030948389039,152.98609806000346,-1.194792906360438,zaidvideos-19,5
100.30136892834831,153.57064216266193,-1.1758628643425988,zaidvideos-19,6
99.4996430177927,154.15518626532042,-1.15693282232476,zaidvideos-19,7
98.28360589810265,155.09099231288923,-1.12616483913172,zaidvideos-19,8
96.86041317384536,156.20242933291317,-1.0894778853510798,zaidvideos-19,9
95.43722044958805,157.31386635293714,-1.0527909315704396,zaidvideos-19,10
94.01402772533076,158.42530337296108,-1.0161039777897993,zaidvideos-19,11
92.29706425070489,159.54213479478008,-0.97073439530611,zaidvideos-19,12
90.58010077607902,160.65896621659908,-0.9253648128224208,zaidvideos-19,13
88.86313730145315,161.7757976384181,-0.8799952303387314,zaidvideos-19,14
87.22884929959872,162.86130095071272,-0.8332628211760349,zaidvideos-19,15
85.75991224328716,163.88414804395856,-0.7838047586553242,zaidvideos-19,16
84.29097518697561,164.90699513720438,-0.7343466961346135,zaidvideos-19,17
82.82203813066405,165.92984223045022,-0.6848886336139028,zaidvideos-19,18
81.50110219157978,167.0235113800879,-0.6296677684498637,zaidvideos-19,19
80.25416681110913,168.1525915579215,-0.5715655019641606,zaidvideos-19,20
79.00723143063848,169.28167173575514,-0.5134632354784575,zaidvideos-19,21
77.76029605016784,170.41075191358874,-0.45536096899275424,zaidvideos-19,22
76.9692773033363,170.02767864302814,-0.3987793068203207,zaidvideos-19,23
76.17825855650477,169.64460537246754,-0.34219764464788716,zaidvideos-19,24
75.38723980967323,169.26153210190697,-0.2856159824754536,zaidvideos-19,25
74.68327151464744,168.62799613757736,-0.2299832997511909,zaidvideos-19,26
74.15340412323317,167.49353478570976,-0.1762485759232696,zaidvideos-19,27
73.62353673181889,166.35907343384213,-0.12251385209534849,zaidvideos-19,28
73.09366934040462,165.22461208197453,-0.06877912826742737,zaidvideos-19,29
72.76732640239909,164.16068213179258,-0.019741932163812648,zaidvideos-19,30
72.54274569109796,163.13201788245345,0.02694650007764843,zaidvideos-19,31
72.31816497979682,162.10335363311435,0.07363493231910982,zaidvideos-19,32
72.09358426849568,161.07468938377522,0.1203233645605712,zaidvideos-19,33
71.84487637683343,160.05517322569912,0.15917384889710215,zaidvideos-19,34
71.59616848517118,159.03565706762302,0.19802433323363336,zaidvideos-19,35
71.34746059350893,158.01614090954692,0.23687481757016432,zaidvideos-19,36
70.97213591251237,156.88359834812715,0.27175996162874294,zaidvideos-19,37
70.34357765284716,155.52500298002,0.2987144251314162,zaidvideos-19,38
69.71501939318195,154.16640761191283,0.32566888863408927,zaidvideos-19,39
69.08646113351674,152.80781224380567,0.35262335213676255,zaidvideos-19,40
68.66532402370446,152.28382143660065,0.3784269672207949,zaidvideos-19,41
68.34789748881863,152.17713290984665,0.40365515809550656,zaidvideos-19,42
68.03047095393282,152.07044438309268,0.4288833489702184,zaidvideos-19,43
67.71304441904701,151.96375585633868,0.45411153984493025,zaidvideos-19,44
67.39166584955872,152.70354040130934,0.4767542111693491,zaidvideos-19,45
67.07028728007043,153.44332494627997,0.49939688249376807,zaidvideos-19,46
66.74890871058214,154.18310949125063,0.5220395538181869,zaidvideos-19,47
66.4418033988849,154.69890453625524,0.542858343013414,zaidvideos-19,48
66.16324460276977,154.7667205813278,0.560029367950257,zaidvideos-19,49
65.88468580665462,154.83453662640034,0.5772003928871,zaidvideos-19,50
65.60612701053948,154.9023526714729,0.5943714178239431,zaidvideos-19,51
65.62379198266888,154.73674540367887,0.6075069110776652,zaidvideos-19,52
65.78956883892054,154.45442647945154,0.6186246384898267,zaidvideos-19,53
65.95534569517223,154.17210755522424,0.6297423659019884,zaidvideos-19,54
66.1211225514239,153.88978863099692,0.6408600933141498,zaidvideos-19,55
66.9168688219497,153.77092859386943,0.6590513408903526,zaidvideos-19,56
67.71261509247553,153.65206855674194,0.6772425884665553,zaidvideos-19,57
68.50836136300134,153.53320851961445,0.6954338360427579,zaidvideos-19,58
69.13792885304699,153.72275508251388,0.712719042312915,zaidvideos-19,59
69.43513878213227,154.5291148454672,0.7281921659709812,zaidvideos-19,60
69.73234871121755,155.3354746084205,0.7436652896290473,zaidvideos-19,61
70.02955864030284,156.14183437137382,0.7591384132871133,zaidvideos-19,62
71.0556467922592,156.30040876685544,0.7826186729066195,zaidvideos-19,63
72.44617405565113,156.13509047860123,0.8101025005068458,zaidvideos-19,64
73.83670131904304,155.96977219034702,0.8375863281070721,zaidvideos-19,65
75.22722858243496,155.8044539020928,0.8650701557072985,zaidvideos-19,66
79.73249341967524,156.96105294565425,0.9182039958854634,zaidvideos-19,67
84.23775825691557,158.11765198921572,0.9713378360636291,zaidvideos-19,68
88.7430230941559,159.27425103277716,1.0244716762417947,zaidvideos-19,69
93.29364167464013,160.58042476414315,1.0779348382692049,zaidvideos-19,70
97.93496774161211,162.18574787111817,1.1320566439951036,zaidvideos-19,71
102.57629380858404,163.79107097809316,1.1861784497210017,zaidvideos-19,72
107.21761987555604,165.39639408506818,1.2403002554469005,zaidvideos-19,73
112.0578038057441,166.4529880977556,1.2832736696926388,zaidvideos-19,74
116.9974166675402,167.2352175632992,1.3206728881982968,zaidvideos-19,75
121.9370295293363,168.01744702884275,1.3580721067039545,zaidvideos-19,76
126.87664239113239,168.79967649438635,1.3954713252096125,zaidvideos-19,77
131.8143244469526,168.09943548590007,1.4300030846820173,zaidvideos-19,78
136.7520065027729,167.39919447741377,1.4645348441544228,zaidvideos-19,79
141.6896885585932,166.69895346892747,1.499066603626828,zaidvideos-19,80
146.35422029192347,165.9675819030771,1.5283823048004959,zaidvideos-19,81
150.47245138027378,165.17394922249855,1.547265889376688,zaidvideos-19,82
154.59068246862407,164.38031654192002,1.56614947395288,zaidvideos-19,83
158.70891355697438,163.58668386134147,1.5850330585290722,zaidvideos-19,84
160.64211623987282,162.6872857285141,1.5858060511048595,zaidvideos-19,85
161.48280472004532,161.73500486956232,1.5775237476804436,zaidvideos-19,86
162.3234932002178,160.78272401061054,1.5692414442560279,zaidvideos-19,87
163.1641816803903,159.83044315165876,1.5609591408316121,zaidvideos-19,88
163.60652445026807,158.3868760593393,1.5591624292810373,zaidvideos-19,89
164.0488672201458,156.94330896701982,1.5573657177304625,zaidvideos-19,90
164.49120999002358,155.49974187470033,1.5555690061798877,zaidvideos-19,91
164.7301333205946,154.33032529469492,1.5554378437042609,zaidvideos-19,92
164.56221777255215,153.70920973931766,1.5586377793785295,zaidvideos-19,93
164.39430222450972,153.0880941839404,1.5618377150527984,zaidvideos-19,94
164.22638667646726,152.46697862856314,1.5650376507270671,zaidvideos-19,95
164.23375649838505,152.03994302467646,1.5674669014923905,zaidvideos-19,96
164.328769005283,151.70994739653509,1.5695108098032413,zaidvideos-19,97
164.4237815121809,151.37995176839368,1.5715547181140919,zaidvideos-19,98
164.51879401907885,151.0499561402523,1.5735986264249426,zaidvideos-19,99
96.95635479504948,159.5495803620362,-1.0804443183050758,zaidvideos-2,0
96.41684784708701,159.61321548080116,-1.0647154572500726,zaidvideos-2,1
95.87734089912453,159.6768505995661,-1.0489865961950695,zaidvideos-2,2
95.33783395116207,159.74048571833106,-1.0332577351400662,zaidvideos-2,3
94.76876301569841,160.00376770240885,-1.0160723650422607,zaidvideos-2,4
94.14056410523237,160.66634341711227,-0.9959739768588504,zaidvideos-2,5
93.51236519476633,161.32891913181572,-0.97587558867544,zaidvideos-2,6
92.88416628430029,161.99149484651915,-0.9557772004920296,zaidvideos-2,7
91.90742669423959,162.64982898520276,-0.9245568639428262,zaidvideos-2,8
90.75641676438154,163.30604233587644,-0.8877755532107261,zaidvideos-2,9
89.6054068345235,163.96225568655012,-0.850994242478626,zaidvideos-2,10
88.45439690466546,164.6184690372238,-0.8142129317465259,zaidvideos-2,11
87.1234994325275,165.34846693573976,-0.7701351874122151,zaidvideos-2,12
85.79260196038952,166.07846483425573,-0.7260574430779044,zaidvideos-2,13
84.46170448825156,166.8084627327717,-0.6819796987435935,zaidvideos-2,14
83.11249835752704,167.6650371147412,-0.6346995368822209,zaidvideos-2,15
81.72667490962945,168.77476446361783,-0.5810145399667247,zaidvideos-2,16
80.34085146173186,169.88449181249442,-0.5273295430512285,zaidvideos-2,17
78.95502801383427,170.99421916137103,-0.47364454613573226,zaidvideos-2,18
77.87186540953319,171.570610013816,-0.4164730875384929,zaidvideos-2,19
76.94003322703037,171.88033261804514,-0.35755839810038215,zaidvideos-2,20
76.00820104452755,172.1900552222743,-0.29864370866227136,zaidvideos-2,21
75.07636886202474,172.49977782650345,-0.23972901922416043,zaidvideos-2,22
74.3274606563373,171.874028624056,-0.1840798820411178,zaidvideos-2,23
73.57855245064987,171.24827942160852,-0.12843074485807518,zaidvideos-2,24
72.82964424496242,170.62253021916106,-0.07278160767503257,zaidvideos-2,25
72.1673221603387,169.88289459238112,-0.01971486543915216,zaidvideos-2,26
71.67817231784241,168.91548611693622,0.028187086902403905,zaidvideos-2,27
71.18902247534614,167.94807764149132,0.07608903924395982,zaidvideos-2,28
70.69987263284985,166.9806691660464,0.12399099158551573,zaidvideos-2,29
70.2916321302725,165.88933372875522,0.1683542028864627,zaidvideos-2,30
69.92384629765462,164.73603481054087,0.21094804366710482,zaidvideos-2,31
69.55606046503675,163.58273589232653,0.2535418844477472,zaidvideos-2,32
69.18827463241887,162.42943697411218,0.2961357252283896,zaidvideos-2,33
69.00342504292058,161.17239890906149,0.32727836879067107,zaidvideos-2,34
68.8185754534223,159.9153608440108,0.3584210123529527,zaidvideos-2,35
68.63372586392401,158.6583227789601,0.3895636559152342,zaidvideos-2,36
68.42784514353555,157.55612823933538,0.41730963024910345,zaidvideos-2,37
68.1799021613667,156.7636207505626,0.438262266126148,zaidvideos-2,38
67.93195917919786,155.97111326178987,0.45921490200319237,zaidvideos-2,39
67.68401619702902,155.1786057730171,0.48016753788023686,zaidvideos-2,40
67.44813749234879,154.89587247570347,0.49697450290956,zaidvideos-2,41
67.21829092641288,154.8680262741194,0.5117086325150224,zaidvideos-2,42
66.98844436047695,154.84018007253533,0.5264427621204849,zaidvideos-2,43
66.75859779454103,154.81233387095125,0.5411768917259474,zaidvideos-2,44
66.24377172294129,154.91404602279607,0.5531791876176089,zaidvideos-2,45
65.72894565134155,155.0157581746409,0.5651814835092703,zaidvideos-2,46
65.2141195797418,155.11747032648572,0.5771837794009317,zaidvideos-2,47
64.78545652430275,155.2631678525632,0.586724010496549,zaidvideos-2,48
64.52911950118506,155.4968361271061,0.5913401120000776,zaidvideos-2,49
64.2727824780674,155.73050440164894,0.5959562135036063,zaidvideos-2,50
64.01644545494972,155.96417267619182,0.600572315007135,zaidvideos-2,51
64.140452990296,155.5335388016168,0.6070416003459245,zaidvideos-2,52
64.45463280487425,154.7707538524828,0.6144374776023442,zaidvideos-2,53
64.76881261945252,154.00796890334883,0.6218333548587641,zaidvideos-2,54
65.08299243403079,153.24518395421484,0.629229232115184,zaidvideos-2,55
65.41161031209839,153.6072365938278,0.6424123574416939,zaidvideos-2,56
65.740228190166,153.96928923344075,0.6555954827682039,zaidvideos-2,57
66.0688460682336,154.3313418730537,0.6687786080947138,zaidvideos-2,58
66.62471449170908,154.6347043654765,0.6866271008064192,zaidvideos-2,59
67.63508400600035,154.82068656351893,0.7138063282885155,zaidvideos-2,60
68.64545352029161,155.0066687615614,0.7409855557706119,zaidvideos-2,61
69.65582303458287,155.19265095960384,0.7681647832527079,zaidvideos-2,62
72.04784130954788,155.34257843571083,0.807887800362676,zaidvideos-2,63
75.13068396484978,155.4744785508501,0.8538827122865804,zaidvideos-2,64
78.21352662015168,155.60637866598938,0.8998776242104848,zaidvideos-2,65
81.29636927545359,155.73827878112866,0.9458725361343892,zaidvideos-2,66
85.66327323503141,156.98534069988227,0.9996075893170522,zaidvideos-2,67
90.0301771946093,158.2324026186359,1.0533426424997159,zaidvideos-2,68
94.39708115418718,159.4794645373895,1.1070776956823796,zaidvideos-2,69
99.03389299715411,160.57128323634305,1.1567517495685955,zaidvideos-2,70
104.21052060689915,161.35261549569637,1.1983038048619152,zaidvideos-2,71
109.38714821664412,162.1339477550497,1.2398558601552345,zaidvideos-2,72
114.56377582638915,162.915280014403,1.2814079154485543,zaidvideos-2,73
119.70608493594766,162.12186312725768,1.3205112978515778,zaidvideos-2,74
124.8312347954129,160.541071666863,1.3583903438094531,zaidvideos-2,75
129.95638465487815,158.96028020646833,1.3962693897673286,zaidvideos-2,76
135.0815345143434,157.37948874607363,1.434148435725204,zaidvideos-2,77
139.59237283293672,157.11060402499203,1.4527529149638265,zaidvideos-2,78
144.1032111515301,156.8417193039104,1.4713573942024494,zaidvideos-2,79
148.6140494701235,156.5728345828288,1.4899618734410722,zaidvideos-2,80
152.717012833738,156.39318334658319,1.5058001178003373,zaidvideos-2,81
156.00422628739474,156.39199908000967,1.5161058924008868,zaidvideos-2,82
159.29143974105145,156.39081481343612,1.5264116670014363,zaidvideos-2,83
162.5786531947082,156.3896305468626,1.5367174416019858,zaidvideos-2,84
164.66693010771363,155.44054795487693,1.5455310062862053,zaidvideos-2,85
166.15573875039337,154.01751620018518,1.5535984660122597,zaidvideos-2,86
167.64454739307308,152.59448444549344,1.5616659257383143,zaidvideos-2,87
169.13335603575283,151.1714526908017,1.5697333854643687,zaidvideos-2,88
169.16658657065187,151.36814671510726,1.5832569047305303,zaidvideos-2,89
169.19981710555092,151.56484073941286,1.5967804239966918,zaidvideos-2,90
169.23304764044997,151.76153476371846,1.6103039432628534,zaidvideos-2,91
169.2973623440871,152.40639979371682,1.620880983560304,zaidvideos-2,92
169.42384538520037,153.94760683510074,1.625565065920332,zaidvideos-2,93
169.55032842631363,155.48881387648464,1.63024914828036,zaidvideos-2,94
169.6768114674269,157.03002091786857,1.6349332306403883,zaidvideos-2,95
169.89954725268876,157.49018617575751,1.6462562957603266,zaidvideos-2,96
170.17040941002497,157.40983054189897,1.6608988522602202,zaidvideos-2,97
170.44127156736116,157.3294749080404,1.675541408760114,zaidvideos-2,98
170.71213372469734,157.24911927418182,1.6901839652600075,zaidvideos-2,99
109.95062597807862,161.61574470009597,-1.3726074888501796,zaidvideos-3,0
109.96882487270646,161.26213708079118,-1.3718541865940277,zaidvideos-3,1
109.9870237673343,160.90852946148635,-1.3711008843378758,zaidvideos-3,2
109.97611283189234,160.52423317708892,-1.369996132523064,zaidvideos-3,3
109.82450438444629,159.99160834474364,-1.367192707841396,zaidvideos-3,4
109.67289593700023,159.4589835123984,-1.3643892831597277,zaidvideos-3,5
109.47607739711944,158.75415423517248,-1.3603749565665297,zaidvideos-3,6
109.19260618007206,157.719266438592,-1.3540397346428996,zaidvideos-3,7
108.90913496302468,156.68437864201155,-1.3477045127192693,zaidvideos-3,8
108.56489932948456,155.61470904025467,-1.3402973878297013,zaidvideos-3,9
108.16327508036794,154.51218995583116,-1.3318779101389697,zaidvideos-3,10
107.76165083125133,153.40967087140766,-1.3234584324482381,zaidvideos-3,11
107.31677189251485,152.92794954893193,-1.310863745088975,zaidvideos-3,12
106.8520678877026,152.73076053401562,-1.2963554199649687,zaidvideos-3,13
106.38736388289037,152.53357151909927,-1.2818470948409622,zaidvideos-3,14
105.75644633656273,152.3436576065169,-1.2637368473242532,zaidvideos-3,15
105.09782653331587,152.15495621099018,-1.2450262794087603,zaidvideos-3,16
104.43493169534133,151.97666907403178,-1.2261001718511244,zaidvideos-3,17
103.62668567662652,152.1524667283965,-1.1998457164606242,zaidvideos-3,18
102.81843965791171,152.3282643827612,-1.1735912610701238,zaidvideos-3,19
101.91311157708128,152.7288128233412,-1.1447037449650797,zaidvideos-3,20
100.6194552477884,154.02836440878247,-1.10528398600186,zaidvideos-3,21
99.32579891849552,155.32791599422373,-1.0658642270386403,zaidvideos-3,22
97.94472158292682,156.90572480055798,-1.0225307526233658,zaidvideos-3,23
96.41570100596827,158.9544304422495,-0.9725740674430762,zaidvideos-3,24
94.88668042900971,161.00313608394106,-0.9226173822627863,zaidvideos-3,25
93.20628773299528,162.69392095434176,-0.868121415437924,zaidvideos-3,26
91.39842377882852,164.08329885944494,-0.8098028956492112,zaidvideos-3,27
89.59055982466174,165.4726767645481,-0.751484375860498,zaidvideos-3,28
87.74065751794812,166.9064271835069,-0.6850470406032964,zaidvideos-3,29
85.87393987021576,168.35792660800792,-0.6153621791586992,zaidvideos-3,30
84.00722222248339,169.80942603250895,-0.5456773177141016,zaidvideos-3,31
82.16682319795757,171.2439057477084,-0.4654549333787625,zaidvideos-3,32
80.32982012481325,172.67618937138505,-0.3838728686704244,zaidvideos-3,33
78.52603200188037,173.99235333717866,-0.30291447265378474,zaidvideos-3,34
77.27029055743651,173.39254294790248,-0.23224661005017497,zaidvideos-3,35
76.01454911299267,172.79273255862628,-0.1615787474465652,zaidvideos-3,36
74.79104439993358,172.08585562926825,-0.09283893271231664,zaidvideos-3,37
73.67633865529811,171.01762912713406,-0.03060627953716377,zaidvideos-3,38
72.56163291066264,169.9494026249999,0.031626373637989105,zaidvideos-3,39
71.44387440067214,168.98122639986084,0.08969369284700089,zaidvideos-3,40
70.32153674264914,168.1631255902146,0.14151301110680037,zaidvideos-3,41
69.19919908462614,167.34502478056834,0.19333232936659986,zaidvideos-3,42
68.15913595054265,166.0725249206672,0.24114434546638966,zaidvideos-3,43
67.18077870941379,164.45922577307496,0.2859508849461718,zaidvideos-3,44
66.20242146828494,162.8459266254827,0.33075742442595396,zaidvideos-3,45
65.50104729009446,161.3022859717811,0.3639303885674211,zaidvideos-3,46
64.8955518644596,159.78275787365706,0.39307634586100976,zaidvideos-3,47
64.29005643882475,158.263229775533,0.4222223031545984,zaidvideos-3,48
63.83231758860858,158.02855047340785,0.4495553769643378,zaidvideos-3,49
63.38843091733793,157.91432574590758,0.47671849294746665,zaidvideos-3,50
62.957094751250715,157.81729831768797,0.5038750399540364,zaidvideos-3,51
62.659630640453564,157.9037087484618,0.5309615178773124,zaidvideos-3,52
62.36216652965641,157.99011917923565,0.5580479958005883,zaidvideos-3,53
62.139461202282064,158.33726563639485,0.5840936714610524,zaidvideos-3,54
62.13272569368467,159.43764950311177,0.6071325850289491,zaidvideos-3,55
62.125990185087275,160.53803336982872,0.630171498596846,zaidvideos-3,56
62.249876177321404,161.56825383307364,0.6498829262162296,zaidvideos-3,57
62.547924170664224,162.50492309168928,0.6651577059042627,zaidvideos-3,58
62.84597216400705,163.4415923503049,0.6804324855922959,zaidvideos-3,59
63.53210024785323,163.96289691821246,0.6990767466873962,zaidvideos-3,60
64.47694839203498,164.20729169231467,0.7199673287205415,zaidvideos-3,61
65.42179653621675,164.4516864664169,0.7408579107536869,zaidvideos-3,62
66.79469275444349,164.7522098697405,0.7708668035953199,zaidvideos-3,63
68.29441803164654,165.06936397801863,0.8035774181579862,zaidvideos-3,64
69.79414330884958,165.38651808629675,0.8362880327206527,zaidvideos-3,65
73.81133460681649,164.86255130459517,0.8908388667072481,zaidvideos-3,66
77.98109960301154,164.28760749925846,0.9467133503559005,zaidvideos-3,67
82.28977719398023,163.7925771460939,1.0027723691313706,zaidvideos-3,68
87.67502739444487,163.9168760472636,1.060261535139681,zaidvideos-3,69
93.06027759490951,164.04117494843328,1.1177507011479912,zaidvideos-3,70
98.66563374651791,164.07241366640596,1.1766852601334323,zaidvideos-3,71
104.82125477598571,163.87100192638616,1.2392333015617005,zaidvideos-3,72
110.97687580545357,163.66959018636635,1.3017813429899694,zaidvideos-3,73
117.22343496059823,163.5407904213548,1.359142305935663,zaidvideos-3,74
123.57798313998411,163.49821737666562,1.4103436131832991,zaidvideos-3,75
129.93253131936999,163.45564433197643,1.4615449204309354,zaidvideos-3,76
136.05825692830976,162.115721576852,1.500777725069058,zaidvideos-3,77
142.04876920016773,160.0091830837431,1.5329382327106498,zaidvideos-3,78
148.03928147202578,157.9026445906342,1.565098740352242,zaidvideos-3,79
152.24621886754144,156.28630214881863,1.5833674448794348,zaidvideos-3,80
156.0072625439716,154.79250871982637,1.5981631986280278,zaidvideos-3,81
159.7683062204017,153.29871529083414,1.6129589523766208,zaidvideos-3,82
161.99556275114014,150.60558235087845,1.6255959401197475,zaidvideos-3,83
164.1777078952406,147.8771747194238,1.6381694347450666,zaidvideos-3,84
166.2080094171047,145.2844041707491,1.649239643664739,zaidvideos-3,85
167.32724920555077,143.50545611875407,1.6512901383505312,zaidvideos-3,86
168.4464889939968,141.726508066759,1.6533406330363234,zaidvideos-3,87
169.26725229443454,140.01275961907106,1.6554402807901663,zaidvideos-3,88
169.43679416649044,138.4412648535077,1.6576471716015746,zaidvideos-3,89
169.60633603854637,136.86977008794437,1.6598540624129827,zaidvideos-3,90
169.595758525941,136.07278211840372,1.6640734967773236,zaidvideos-3,91
169.39446637075304,136.09586016818125,1.6704238596094758,zaidvideos-3,92
169.1931742155651,136.1189382179588,1.6767742224416275,zaidvideos-3,93
168.8240279792575,136.3386472697172,1.6760256164638674,zaidvideos-3,94
168.36730570062653,136.66094640946565,1.67157320067224,zaidvideos-3,95
167.91058342199563,136.98324554921408,1.6671207848806124,zaidvideos-3,96
167.720699062393,136.7073822805062,1.66256119296188,zaidvideos-3,97
167.58602254810663,136.30776127211772,1.6579794266720225,zaidvideos-3,98
167.45134603382022,135.90814026372922,1.6533976603821647,zaidvideos-3,99
88.62937312827843,163.8081565126349,-0.91125889213737,zaidvideos-4,0
87.81789410772679,164.6742504208415,-0.8882722978422539,zaidvideos-4,1
87.00641508717516,165.54034432904808,-0.8652857035471379,zaidvideos-4,2
86.19493606662351,166.4064382372547,-0.8422991092520219,zaidvideos-4,3
85.38107231125537,167.12806176681238,-0.818694315183762,zaidvideos-4,4
84.5624390862542,167.56074453907226,-0.7938531215692144,zaidvideos-4,5
83.74380586125302,167.99342731133214,-0.7690119279546669,zaidvideos-4,6
82.92517263625186,168.42611008359202,-0.7441707343401194,zaidvideos-4,7
81.81761494412441,169.11412214352148,-0.7039522952115214,zaidvideos-4,8
80.56559501843385,169.92979884728572,-0.6560452333258983,zaidvideos-4,9
79.31357509274328,170.74547555104994,-0.608138171440275,zaidvideos-4,10
78.0615551670527,171.56115225481417,-0.5602311095546518,zaidvideos-4,11
77.11317718428921,172.28834515854746,-0.5054518186121729,zaidvideos-4,12
76.16479920152572,173.01553806228077,-0.4506725276696939,zaidvideos-4,13
75.21642121876225,173.74273096601405,-0.3958932367272149,zaidvideos-4,14
74.3672889149766,174.24056784721822,-0.3399824611174875,zaidvideos-4,15
73.71664796914662,174.2796926833641,-0.28180871617326353,zaidvideos-4,16
73.06600702331664,174.31881751950993,-0.22363497122903958,zaidvideos-4,17
72.41536607748665,174.3579423556558,-0.16546122628481563,zaidvideos-4,18
71.93579867350167,173.7036627351176,-0.11223429742545205,zaidvideos-4,19
71.54176804043917,172.70268088623737,-0.061480776608518924,zaidvideos-4,20
71.14773740737667,171.70169903735712,-0.010727255791585805,zaidvideos-4,21
70.75370677431417,170.7007171884769,0.04002626502534749,zaidvideos-4,22
70.70838944858394,169.7694071021454,0.08392689776220044,zaidvideos-4,23
70.66307212285373,168.83809701581396,0.12782753049905338,zaidvideos-4,24
70.61775479712351,167.90678692948248,0.1717281632359063,zaidvideos-4,25
70.55142973627939,166.93738039888697,0.2126506041705491,zaidvideos-4,26
70.44308920520746,165.89178097976338,0.24761666150077155,zaidvideos-4,27
70.33474867413551,164.8461815606398,0.2825827188309939,zaidvideos-4,28
70.22640814306358,163.8005821415162,0.31754877616121624,zaidvideos-4,29
70.04377603229368,162.71816025682406,0.34887133347653193,zaidvideos-4,30
69.8239981316748,161.61732713934762,0.37837214078439413,zaidvideos-4,31
69.60422023105592,160.5164940218712,0.40787294809225644,zaidvideos-4,32
69.38444233043704,159.41566090439477,0.4373737554001188,zaidvideos-4,33
69.13862188358623,159.05809183475162,0.45723036892314417,zaidvideos-4,34
68.89280143673541,158.70052276510847,0.4770869824461697,zaidvideos-4,35
68.64698098988461,158.34295369546535,0.4969435959691951,zaidvideos-4,36
68.4458357900192,158.11758018035513,0.515994445333218,zaidvideos-4,37
68.33404108412464,158.15659777431077,0.5334337663792358,zaidvideos-4,38
68.22224637823005,158.19561536826637,0.5508730874252535,zaidvideos-4,39
68.11045167233549,158.234632962222,0.5683124084712713,zaidvideos-4,40
67.98085492920607,157.90453937183537,0.585002860488143,zaidvideos-4,41
67.84235716745927,157.3898901892776,0.6013188779904415,zaidvideos-4,42
67.70385940571245,156.87524100671982,0.61763489549274,zaidvideos-4,43
67.56536164396563,156.36059182416204,0.6339509129950386,zaidvideos-4,44
67.4857641721144,156.60735848136991,0.6466999771196413,zaidvideos-4,45
67.40616670026319,156.8541251385778,0.6594490412442442,zaidvideos-4,46
67.32656922841196,157.10089179578569,0.672198105368847,zaidvideos-4,47
67.27592270916863,157.49665923240497,0.6845069757981123,zaidvideos-4,48
67.28317809514108,158.190428227847,0.6959354588367024,zaidvideos-4,49
67.29043348111354,158.88419722328905,0.7073639418752924,zaidvideos-4,50
67.297688867086,159.5779662187311,0.7187924249138825,zaidvideos-4,51
67.72758272534274,159.84395048151308,0.7391708017524482,zaidvideos-4,52
68.36879581974165,159.89604237796502,0.764024125491002,zaidvideos-4,53
69.01000891414057,159.948134274417,0.7888774492295558,zaidvideos-4,54
69.65122200853948,160.00022617086893,0.8137307729681095,zaidvideos-4,55
71.33111807033212,159.95851183623842,0.8488182792171747,zaidvideos-4,56
73.01101413212477,159.91679750160787,0.88390578546624,zaidvideos-4,57
74.69091019391742,159.87508316697736,0.9189932917153051,zaidvideos-4,58
76.9325321644486,160.41074885008013,0.9565205437338304,zaidvideos-4,59
80.29760595245689,162.10117456864947,0.9989272872912759,zaidvideos-4,60
83.6626797404652,163.79160028721878,1.0413340308487213,zaidvideos-4,61
87.02775352847344,165.48202600578813,1.0837407744061665,zaidvideos-4,62
91.37061564831703,166.61475126571455,1.1285831823008485,zaidvideos-4,63
96.20237193407829,167.46862629631948,1.1746434223641489,zaidvideos-4,64
101.03412821983956,168.32250132692442,1.2207036624274492,zaidvideos-4,65
105.86588450560082,169.17637635752936,1.2667639024907495,zaidvideos-4,66
111.26643814653808,169.09650911440863,1.3069281790796474,zaidvideos-4,67
116.66699178747542,169.0166418712879,1.3470924556685457,zaidvideos-4,68
122.06754542841276,168.93677462816717,1.387256732257444,zaidvideos-4,69
127.27281278597789,168.7866043636107,1.422996887067849,zaidvideos-4,70
132.08750757679857,168.49582805618277,1.4498887983212672,zaidvideos-4,71
136.90220236761922,168.2050517487548,1.4767807095746848,zaidvideos-4,72
141.7168971584399,167.91427544132688,1.503672620828103,zaidvideos-4,73
145.97227534496838,167.12080281994727,1.5265483823712873,zaidvideos-4,74
149.94799522935074,166.0759820415918,1.5474160690593548,zaidvideos-4,75
153.92371511373307,165.03116126323633,1.5682837557474223,zaidvideos-4,76
157.89943499811542,163.98634048488086,1.5891514424354898,zaidvideos-4,77
160.11425872875097,161.542442230673,1.5965191544164146,zaidvideos-4,78
162.3290824593865,159.0985439764651,1.6038868663973394,zaidvideos-4,79
164.54390619002208,156.65464572225721,1.6112545783782641,zaidvideos-4,80
166.29680639432453,154.2144416117749,1.6173376919023161,zaidvideos-4,81
167.1258595459607,151.7816257887438,1.6208516085126228,zaidvideos-4,82
167.95491269759688,149.34880996571277,1.6243655251229294,zaidvideos-4,83
168.78396584923308,146.91599414268168,1.627879441733236,zaidvideos-4,84
169.00876176544483,144.49235316549692,1.634594332878234,zaidvideos-4,85
168.9314290639443,142.07329961123534,1.6429097112905775,zaidvideos-4,86
168.8540963624438,139.6542460569738,1.6512250897029213,zaidvideos-4,87
168.77676366094332,137.2351925027122,1.6595404681152648,zaidvideos-4,88
168.63930602525906,136.45041821507021,1.6660634641270937,zaidvideos-4,89
168.50184838957477,135.66564392742822,1.6725864601389229,zaidvideos-4,90
168.36439075389052,134.88086963978623,1.679109456150752,zaidvideos-4,91
168.2075760506522,134.25320135772307,1.6830384154154434,zaidvideos-4,92
168.0120472123057,133.93974508681768,1.68177930118586,zaidvideos-4,93
167.8165183739592,133.62628881591226,1.6805201869562763,zaidvideos-4,94
167.62098953561272,133.31283254500687,1.6792610727266928,zaidvideos-4,95
167.43350786769147,133.1244023862338,1.6808953432673874,zaidvideos-4,96
167.25004978498282,132.99848528352695,1.6839763061932214,zaidvideos-4,97
167.0665917022742,132.87256818082008,1.6870572691190555,zaidvideos-4,98
166.88313361956554,132.74665107811322,1.6901382320448894,zaidvideos-4,99
103.99748958132513,158.82194688498316,-1.308473052119277,zaidvideos-5,0
104.2325874896556,158.8606231428413,-1.3083914206900455,zaidvideos-5,1
104.46768539798609,158.89929940069945,-1.308309789260814,zaidvideos-5,2
104.70278330631656,158.93797565855758,-1.3082281578315826,zaidvideos-5,3
104.82416753432763,158.63478385139177,-1.306610879101468,zaidvideos-5,4
104.93378827816773,158.29622638232695,-1.3048347403057445,zaidvideos-5,5
105.04340902200781,157.9576689132621,-1.3030586015100212,zaidvideos-5,6
105.20845917457486,157.2460356798035,-1.2980541026621941,zaidvideos-5,7
105.3863007291558,156.4483080391771,-1.2923045976484966,zaidvideos-5,8
105.56414228373677,155.65058039855072,-1.2865550926347993,zaidvideos-5,9
105.35133064395154,155.18110134994785,-1.273967147957458,zaidvideos-5,10
104.98565471071868,154.84006740257158,-1.2587032921073864,zaidvideos-5,11
104.61997877748583,154.4990334551953,-1.2434394362573147,zaidvideos-5,12
103.9105165606866,154.26808552634574,-1.2220198597947434,zaidvideos-5,13
102.99478257374756,154.1031892086122,-1.196906850964672,zaidvideos-5,14
102.07904858680851,153.93829289087867,-1.171793842134601,zaidvideos-5,15
100.82075127917291,154.0816012624681,-1.1405627723604264,zaidvideos-5,16
99.26019221798151,154.496854948166,-1.103933413517925,zaidvideos-5,17
97.69963315679013,154.9121086338639,-1.067304054675424,zaidvideos-5,18
95.92886129849445,155.6376667728631,-1.0250563255238945,zaidvideos-5,19
93.8878158439218,156.76218778039257,-0.9755849774036138,zaidvideos-5,20
91.84677038934917,157.88670878792203,-0.9261136292833335,zaidvideos-5,21
89.64553282769636,159.3890322064231,-0.8733658243699524,zaidvideos-5,22
87.13847397070869,161.6126147731427,-0.8143629655788337,zaidvideos-5,23
84.63141511372103,163.83619733986225,-0.7553601067877153,zaidvideos-5,24
82.21387633426721,165.89935233508828,-0.6948916969367818,zaidvideos-5,25
80.06489778741495,167.48122461583364,-0.6300266339064037,zaidvideos-5,26
77.91591924056269,169.06309689657903,-0.5651615708760255,zaidvideos-5,27
75.87173307355259,170.5972962037852,-0.4986703410660725,zaidvideos-5,28
74.39342575769015,171.87406145387953,-0.423397810646416,zaidvideos-5,29
72.9151184418277,173.1508267039739,-0.34812528022675915,zaidvideos-5,30
71.4838273693089,174.34158416178508,-0.2729799805643593,zaidvideos-5,31
70.75777994694465,174.24222473534863,-0.19974314226081474,zaidvideos-5,32
70.0317325245804,174.14286530891215,-0.12650630395727025,zaidvideos-5,33
69.30568510221616,174.0435058824757,-0.05326946565372572,zaidvideos-5,34
68.97369896293786,173.36360158727217,0.008614456246819297,zaidvideos-5,35
68.65442447795266,172.66497003823744,0.07013215503758986,zaidvideos-5,36
68.33514999296744,171.96633848920268,0.13164985382836075,zaidvideos-5,37
68.56179428774534,170.6981820310169,0.1844591321970793,zaidvideos-5,38
68.86642697963225,169.34866487152382,0.23602435050550466,zaidvideos-5,39
69.17105967151916,167.99914771203075,0.28758956881393005,zaidvideos-5,40
69.35064366239281,166.50415682210834,0.33147500790456347,zaidvideos-5,41
69.49521401698276,164.96843328766573,0.37321010881421496,zaidvideos-5,42
69.63978437157269,163.4327097532231,0.41494520972386667,zaidvideos-5,43
69.55466870621392,162.00077037823326,0.4463086722297063,zaidvideos-5,44
69.3651503045148,160.6160056211765,0.47295775364290427,zaidvideos-5,45
69.1756319028157,159.23124086411974,0.49960683505610215,zaidvideos-5,46
68.8004771325196,158.81444894483454,0.5217619266707556,zaidvideos-5,47
68.29830800476242,159.0599542303404,0.5408421831600893,zaidvideos-5,48
67.79613887700523,159.30545951584625,0.5599224396494229,zaidvideos-5,49
67.28027547543326,159.18373634386043,0.5772545546621807,zaidvideos-5,50
66.7507178000465,158.694784714383,0.5928385281983626,zaidvideos-5,51
66.22116012465975,158.20583308490555,0.6084225017345444,zaidvideos-5,52
65.79306665564218,157.91655233229463,0.6241407759204508,zaidvideos-5,53
65.51326702670266,157.91909824587327,0.6400553356713399,zaidvideos-5,54
65.23346739776315,157.92164415945192,0.6559698954222287,zaidvideos-5,55
65.03979757357003,158.22053876455632,0.669474593290077,zaidvideos-5,56
65.03561331981898,159.17140049101744,0.6776775950152355,zaidvideos-5,57
65.03142906606793,160.12226221747858,0.685880596740394,zaidvideos-5,58
65.056023070422,161.00613840512605,0.6936032856540928,zaidvideos-5,59
65.18339656800862,161.6507805255819,0.6996105716697205,zaidvideos-5,60
65.31077006559525,162.29542264603774,0.7056178576853483,zaidvideos-5,61
65.5619258145689,162.77092901083398,0.7134365298910522,zaidvideos-5,62
66.67955732325174,162.0624850860131,0.7339349054272887,zaidvideos-5,63
67.79718883193458,161.35404116119224,0.7544332809635248,zaidvideos-5,64
68.9421661474763,160.6683453792097,0.7754966595007058,zaidvideos-5,65
70.93486347564385,160.68784202521508,0.8140751310671748,zaidvideos-5,66
72.92756080381137,160.70733867122044,0.8526536026336432,zaidvideos-5,67
74.92025813197893,160.72683531722583,0.8912320742001122,zaidvideos-5,68
77.76218464381869,161.9383485879898,0.9326462195564982,zaidvideos-5,69
80.66072643456997,163.22932963373765,0.9742494098322123,zaidvideos-5,70
83.5592682253212,164.52031067948548,1.015852600107926,zaidvideos-5,71
88.97964503858559,165.24797037831172,1.070175644379319,zaidvideos-5,72
94.86702833750061,165.87131130918954,1.1268542171684308,zaidvideos-5,73
100.75441163641557,166.49465224006732,1.183532789957542,zaidvideos-5,74
106.85287359278736,167.2975673489319,1.2376948223066677,zaidvideos-5,75
113.0216951016447,168.16034051712535,1.291018007842464,zaidvideos-5,76
119.19051661050202,169.0231136853188,1.3443411933782603,zaidvideos-5,77
124.90479352262747,169.76902648046604,1.3914717606358975,zaidvideos-5,78
130.38097564598854,170.45372669925575,1.4353585754621172,zaidvideos-5,79
135.85715776934967,171.13842691804547,1.4792453902883371,zaidvideos-5,80
140.96067424382292,171.61710799814742,1.5143652894340074,zaidvideos-5,81
145.77433965805014,171.93555197038117,1.542666476383695,zaidvideos-5,82
150.58800507227733,172.25399594261492,1.5709676633333824,zaidvideos-5,83
154.87153206864969,171.54132407780554,1.5978983306703785,zaidvideos-5,84
158.5542355247866,169.66005426434728,1.6232757424463242,zaidvideos-5,85
162.2369389809235,167.77878445088902,1.6486531542222698,zaidvideos-5,86
164.890239327848,166.1107305795692,1.6704729956260094,zaidvideos-5,87
165.8278678260852,164.79803661181342,1.6863635530760723,zaidvideos-5,88
166.7654963243224,163.48534264405762,1.702254110526135,zaidvideos-5,89
167.5223834096825,162.10716083347216,1.7181418414237355,zaidvideos-5,90
167.8173757732455,160.56162120232196,1.734022348909488,zaidvideos-5,91
168.11236813680847,159.01608157117175,1.7499028563952403,zaidvideos-5,92
168.39123187693224,157.6109806403991,1.7640128863610267,zaidvideos-5,93
168.60020491548613,156.8144474112625,1.7704508470736275,zaidvideos-5,94
168.80917795404,156.01791418212593,1.7768888077862286,zaidvideos-5,95
169.01871038475963,155.26918209730263,1.7834403605896578,zaidvideos-5,96
169.23365027308137,154.98252774084077,1.7910899702710952,zaidvideos-5,97
169.4485901614031,154.6958733843789,1.7987395799525325,zaidvideos-5,98
169.66353004972484,154.40921902791703,1.8063891896339699,zaidvideos-5,99
112.74261125504245,156.7994191743487,-1.4185598246284565,zaidvideos-6,0
112.46626297351943,157.49026156330729,-1.4154969363218153,zaidvideos-6,1
112.18991469199642,158.18110395226586,-1.4124340480151742,zaidvideos-6,2
111.92256254268514,158.2564934116996,-1.4095530534927598,zaidvideos-6,3
111.66334975108924,157.77504450632512,-1.4068366295370267,zaidvideos-6,4
111.3988017074819,157.3132907537033,-1.4040749657925151,zaidvideos-6,5
111.03288387565674,157.22574490338184,-1.400453746061209,zaidvideos-6,6
110.6669660438316,157.1381990530604,-1.3968325263299026,zaidvideos-6,7
110.29842414767064,157.48687060090992,-1.3930407130272895,zaidvideos-6,8
109.9279427256963,158.15796370392934,-1.3891228088241454,zaidvideos-6,9
109.58054863194991,158.72759630560577,-1.3854689657738128,zaidvideos-6,10
109.4409404922551,158.38408439519517,-1.3841916730987878,zaidvideos-6,11
109.3013323525603,158.0405724847846,-1.3829143804237625,zaidvideos-6,12
109.24498088353454,157.49262149492765,-1.3820584811050103,zaidvideos-6,13
109.2385834169102,156.8220070574029,-1.3814554178000216,zaidvideos-6,14
109.21264647601629,156.2475861927039,-1.3803341241178992,zaidvideos-6,15
109.07598584759471,156.218262240684,-1.3762761916320194,zaidvideos-6,16
108.93932521917314,156.18893828866413,-1.3722182591461398,zaidvideos-6,17
108.67696250475596,155.92641165057316,-1.3669809961908967,zaidvideos-6,18
108.35407656374831,155.5516022377072,-1.3611759074541083,zaidvideos-6,19
108.01474984950681,155.07916401215647,-1.354234694550326,zaidvideos-6,20
107.60966004232995,154.21621053586674,-1.3427489849785688,zaidvideos-6,21
107.20457023515308,153.353257059577,-1.3312632754068112,zaidvideos-6,22
106.56336718304807,152.9277834981447,-1.315635243040246,zaidvideos-6,23
105.832603934591,152.6682505940721,-1.298435984785995,zaidvideos-6,24
105.09827495751313,152.41832671955055,-1.2805742557561834,zaidvideos-6,25
104.35324879457283,152.19722993368194,-1.260725114399691,zaidvideos-6,26
103.60822263163256,151.97613314781333,-1.2408759730431986,zaidvideos-6,27
102.82824382217872,152.1765030078093,-1.2211339416703153,zaidvideos-6,28
102.03811747018868,152.4992341520885,-1.2014230067442864,zaidvideos-6,29
101.30693327394829,152.6039013591885,-1.1814314775787433,zaidvideos-6,30
100.71328077445706,152.19975271287038,-1.1607852285210007,zaidvideos-6,31
100.11962827496583,151.79560406655224,-1.1401389794632582,zaidvideos-6,32
99.49963785057409,151.7564587086426,-1.117383717357805,zaidvideos-6,33
98.8740605936277,151.79473829069846,-1.094181088848292,zaidvideos-6,34
98.2043701263281,152.05975799423453,-1.0675466110457479,zaidvideos-6,35
97.45275512551542,152.7458664948053,-1.0345386988418608,zaidvideos-6,36
96.70114012470273,153.4319749953761,-1.0015307866379735,zaidvideos-6,37
95.42403420404179,154.5957783839091,-0.9573754489690388,zaidvideos-6,38
94.07185815197394,155.82782389929386,-0.9116276219479544,zaidvideos-6,39
92.58473007021838,157.08046270019963,-0.8594690413936725,zaidvideos-6,40
90.89517394393128,158.3639914293869,-0.7976943305395949,zaidvideos-6,41
89.20561781764417,159.64752015857425,-0.7359196196855169,zaidvideos-6,42
87.60066296582099,162.0291690517941,-0.6531316380929048,zaidvideos-6,43
86.00256767679218,164.49985471507065,-0.5686398777917627,zaidvideos-6,44
84.52495910077091,166.55370308231585,-0.4775171756030156,zaidvideos-6,45
83.19461206286994,168.09808364330053,-0.37828998888497156,zaidvideos-6,46
81.86426502496894,169.64246420428523,-0.27906280216692747,zaidvideos-6,47
80.5761196555687,168.88783140236131,-0.18282970619022304,zaidvideos-6,48
79.28905638023258,168.07424953985,-0.08667338177098888,zaidvideos-6,49
78.29925599221501,166.85839947230096,0.005368888689354254,zaidvideos-6,50
77.60671849151599,165.24028119971416,0.09329710519080794,zaidvideos-6,51
76.92444176271079,163.6305624391426,0.1809281799677995,zaidvideos-6,52
76.64233513776418,162.34842464716635,0.2569707274907684,zaidvideos-6,53
76.36022851281757,161.0662868551901,0.3330132750137366,zaidvideos-6,54
75.83638922330402,159.4623713246274,0.39423589735003445,zaidvideos-6,55
75.11476866278119,157.59518309885766,0.44333312635178307,zaidvideos-6,56
74.36911163198302,155.69289697211653,0.4911813296207,zaidvideos-6,57
73.32700480112251,153.3577367333952,0.5236248821846924,zaidvideos-6,58
72.284897970262,151.02257649467384,0.5560684347486851,zaidvideos-6,59
71.3541956209085,150.03734330277626,0.5829175592646018,zaidvideos-6,60
70.497762925893,149.95206147542785,0.6060370650818011,zaidvideos-6,61
69.59513947258219,149.92655399065984,0.6280522735400913,zaidvideos-6,62
68.36918071120411,150.31946690395472,0.6423374004860181,zaidvideos-6,63
67.14322194982601,150.7123798172496,0.6566225274319448,zaidvideos-6,64
66.51883835376738,151.0753403069415,0.6730246793259124,zaidvideos-6,65
66.21837984672689,151.42217256853948,0.6905667677303634,zaidvideos-6,66
66.03731301203975,151.89489413633197,0.7086766357477736,zaidvideos-6,67
66.41909263273261,152.9610938618985,0.7294631790834207,zaidvideos-6,68
66.80087225342548,154.02729358746498,0.7502497224190678,zaidvideos-6,69
67.65154727132403,155.37770691329845,0.7707466365322398,zaidvideos-6,70
68.70317745945358,156.84992606781776,0.7911194238357796,zaidvideos-6,71
69.85257760806954,158.25792500225,0.8124573936466184,zaidvideos-6,72
71.33874095391646,159.44472095638227,0.8371198809825982,zaidvideos-6,73
72.82490429976338,160.63151691051453,0.8617823683185779,zaidvideos-6,74
75.76367201072472,162.13257104867827,0.9027713439637186,zaidvideos-6,75
79.18664117672427,163.73837791485252,0.9492024823785801,zaidvideos-6,76
83.1585980034649,165.16635900130174,0.9978018894334195,zaidvideos-6,77
88.57788593579575,166.12552666847594,1.0521176410845643,zaidvideos-6,78
93.99717386812654,167.08469433565014,1.1064333927357086,zaidvideos-6,79
101.09279466516173,166.69166553119803,1.1636909748271234,zaidvideos-6,80
108.60749867837289,165.96058760883932,1.2216840145286045,zaidvideos-6,81
116.05358218330582,165.34024448151803,1.2788469823206614,zaidvideos-6,82
123.35714617104564,164.9498890054282,1.33428595460853,zaidvideos-6,83
130.66071015878535,164.5595335293384,1.3897249268963974,zaidvideos-6,84
137.76242983957084,164.31283353249577,1.4448183733948496,zaidvideos-6,85
144.82852993677605,164.09148450257916,1.4998508447539924,zaidvideos-6,86
151.33502481526006,164.1345819016578,1.5473217019635055,zaidvideos-6,87
156.90884432920885,164.61842334906203,1.5821898689236362,zaidvideos-6,88
162.48266384315752,165.10226479646622,1.6170580358837663,zaidvideos-6,89
165.8500784636559,164.66560227677323,1.6349636771163278,zaidvideos-6,90
168.97233698488208,164.12666153851387,1.6509845932680487,zaidvideos-6,91
171.05213168540845,162.7243596585281,1.663858634110653,zaidvideos-6,92
171.72153415792934,160.15398093973587,1.672475137770335,zaidvideos-6,93
172.39093663045023,157.5836022209437,1.681091641430017,zaidvideos-6,94
172.65617384318762,157.68074595200426,1.6878823416532756,zaidvideos-6,95
172.90013920014695,157.9182856014781,1.6945769469588277,zaidvideos-6,96
173.15961398857257,157.84826895185313,1.6985196602799222,zaidvideos-6,97
173.4362307801978,157.43832165585582,1.6994208087760903,zaidvideos-6,98
173.712847571823,157.02837435985847,1.7003219572722583,zaidvideos-6,99
108.05129447461498,158.47797032720726,-1.3327913912399578,zaidvideos-7,0
107.63858707785144,158.1530776917532,-1.3240825547130108,zaidvideos-7,1
107.22587968108792,157.82818505629913,-1.3153737181860639,zaidvideos-7,2
106.81317228432438,157.5032924208451,-1.3066648816591169,zaidvideos-7,3
106.3057217824765,157.2937528717444,-1.2966051211186547,zaidvideos-7,4
105.6889523132236,157.21731303766683,-1.2849866021010596,zaidvideos-7,5
105.0721828439707,157.14087320358925,-1.2733680830834646,zaidvideos-7,6
104.45541337471778,157.06443336951168,-1.2617495640658696,zaidvideos-7,7
103.4128255562919,156.8320305621626,-1.240949126886531,zaidvideos-7,8
102.33748248023734,156.58763060302343,-1.219442388310135,zaidvideos-7,9
101.26213940418278,156.34323064388423,-1.1979356497337392,zaidvideos-7,10
100.09403750400732,156.21961683539686,-1.1734805179292305,zaidvideos-7,11
98.78258105746325,156.28267253246227,-1.1444687784085474,zaidvideos-7,12
97.47112461091916,156.34572822952768,-1.1154570388878642,zaidvideos-7,13
96.15966816437509,156.4087839265931,-1.086445299367181,zaidvideos-7,14
94.65424670388677,157.19734716055666,-1.0508099120082934,zaidvideos-7,15
93.11649774107443,158.10682831733658,-1.0140705833430383,zaidvideos-7,16
91.57874877826208,159.0163094741165,-0.9773312546777834,zaidvideos-7,17
90.0111265794472,160.0023451160318,-0.9382779915011975,zaidvideos-7,18
88.38043866018249,161.14999578212178,-0.8943397554673579,zaidvideos-7,19
86.7497507409178,162.29764644821174,-0.8504015194335182,zaidvideos-7,20
85.11906282165312,163.4452971143017,-0.8064632833996785,zaidvideos-7,21
83.45662072741578,164.7027572637101,-0.758875033799735,zaidvideos-7,22
81.78551840364045,165.99016545402358,-0.7102913259544903,zaidvideos-7,23
80.11441607986512,167.27757364433702,-0.6617076181092458,zaidvideos-7,24
78.56312138358977,168.5037432661481,-0.6111601514041155,zaidvideos-7,25
77.3712495698144,169.54619718245206,-0.5547214081193277,zaidvideos-7,26
76.179377756039,170.588651098756,-0.49828266483454,zaidvideos-7,27
74.98750594226362,171.63110501505994,-0.4418439215497522,zaidvideos-7,28
73.99467776772224,172.33314839711184,-0.38212839868306775,zaidvideos-7,29
73.08146704887447,172.8990275654629,-0.321102163983625,zaidvideos-7,30
72.1682563300267,173.46490673381393,-0.2600759292841819,zaidvideos-7,31
71.3474275031207,173.8351209650501,-0.19911978175751244,zaidvideos-7,32
70.95155537914691,173.30527648555767,-0.13848603522560005,zaidvideos-7,33
70.55568325517312,172.77543200606527,-0.0778522886936873,zaidvideos-7,34
70.15981113119933,172.24558752657285,-0.0172185421617749,zaidvideos-7,35
69.8844803569793,171.48108091551205,0.03507963837504676,zaidvideos-7,36
69.6761169992891,170.58620645357993,0.08274694891459522,zaidvideos-7,37
69.46775364159892,169.6913319916478,0.13041425945414398,zaidvideos-7,38
69.32220307435338,168.73818792047854,0.1779549877554541,zaidvideos-7,39
69.70009242747992,167.29946377233318,0.22444086407144484,zaidvideos-7,40
70.07798178060644,165.86073962418786,0.27092674038743525,zaidvideos-7,41
70.45587113373297,164.4220154760425,0.317412616703426,zaidvideos-7,42
70.70851554439348,163.02071754223192,0.35825635590602767,zaidvideos-7,43
70.86722624820445,161.64748926917244,0.394868492273588,zaidvideos-7,44
71.02593695201543,160.274260996113,0.43148062864114806,zaidvideos-7,45
71.17379346208028,158.90446560117243,0.4676690577069075,zaidvideos-7,46
71.02858674099988,157.62735791544307,0.4924173896240422,zaidvideos-7,47
70.88338001991949,156.35025022971368,0.517165721541177,zaidvideos-7,48
70.73817329883909,155.07314254398432,0.5419140534583119,zaidvideos-7,49
70.26656451070237,154.6346646263472,0.5620654792148286,zaidvideos-7,50
69.46855365550933,155.03481647680232,0.5776199988107273,zaidvideos-7,51
68.67054280031628,155.43496832725745,0.593174518406626,zaidvideos-7,52
67.87253194512324,155.83512017771255,0.6087290380025248,zaidvideos-7,53
67.34162718160745,156.95985072166536,0.6273798051401719,zaidvideos-7,54
66.82061523630192,158.11141751352545,0.6461452481126986,zaidvideos-7,55
66.29960329099639,159.26298430538557,0.6649106910852253,zaidvideos-7,56
65.82365967863048,160.4767186496203,0.6786012678798525,zaidvideos-7,57
65.40780717685071,161.7733430636879,0.6855253564372805,zaidvideos-7,58
64.99195467507094,163.06996747775545,0.6924494449947084,zaidvideos-7,59
64.57610217329118,164.36659189182305,0.6993735335521364,zaidvideos-7,60
64.31204991707352,165.15696138678837,0.7055089415618786,zaidvideos-7,61
64.06621369032334,165.8865802914614,0.7115497079058986,zaidvideos-7,62
63.820377463573145,166.61619919613443,0.7175904742499184,zaidvideos-7,63
63.84861459596877,167.39257567295653,0.727609730052299,zaidvideos-7,64
64.37018377482688,168.25311577964686,0.744790266879729,zaidvideos-7,65
64.89175295368499,169.11365588633717,0.7619708037071589,zaidvideos-7,66
65.41332213254309,169.9741959930275,0.7791513405345889,zaidvideos-7,67
66.9525736989891,169.80465968504524,0.8080563065541366,zaidvideos-7,68
68.71306056708465,169.41119372169936,0.8395100615284926,zaidvideos-7,69
70.47354743518018,169.01772775835352,0.8709638165028483,zaidvideos-7,70
72.64082402106784,168.75605719125537,0.9060829017990931,zaidvideos-7,71
75.8250749014358,168.8238751147766,0.9503653129000603,zaidvideos-7,72
79.00932578180375,168.89169303829783,0.9946477240010276,zaidvideos-7,73
82.19357666217167,168.95951096181906,1.0389301351019944,zaidvideos-7,74
86.4416038350668,168.643895242005,1.0869106103834543,zaidvideos-7,75
91.04422310547099,168.2004683077458,1.1361237737250784,zaidvideos-7,76
95.6468423758752,167.75704137348663,1.1853369370667026,zaidvideos-7,77
100.47206252253875,167.5429874668247,1.2326954910654886,zaidvideos-7,78
106.1134858821536,168.1699679946861,1.2732538108072031,zaidvideos-7,79
111.75490924176844,168.79694852254747,1.3138121305489177,zaidvideos-7,80
117.39633260138322,169.42392905040884,1.3543704502906317,zaidvideos-7,81
122.78609280048445,169.73840760635838,1.3894479147556276,zaidvideos-7,82
128.05664413407922,169.90485891245496,1.4219291846158617,zaidvideos-7,83
133.327195467674,170.07131021855153,1.454410454476096,zaidvideos-7,84
138.45131877507413,170.23762986977806,1.484940484570992,zaidvideos-7,85
142.69687392530693,170.4031595917843,1.5037630760738598,zaidvideos-7,86
146.9424290755397,170.56868931379054,1.5225856675767278,zaidvideos-7,87
151.1879842257725,170.73421903579677,1.5414082590795957,zaidvideos-7,88
154.51652951449887,169.94527406827356,1.552981527408151,zaidvideos-7,89
157.25171548107406,168.53872783105479,1.5598640572121516,zaidvideos-7,90
159.98690144764925,167.132181593836,1.566746587016152,zaidvideos-7,91
162.6059308444506,165.8131733722443,1.5731204230582427,zaidvideos-7,92
163.71492483419243,165.63215935380467,1.5728812401955043,zaidvideos-7,93
164.82391882393426,165.451145335365,1.572642057332766,zaidvideos-7,94
165.9329128136761,165.27013131692536,1.5724028744700278,zaidvideos-7,95
166.41495717770584,164.66870413654436,1.5760723231178322,zaidvideos-7,96
166.35364519945173,163.70291888248084,1.5831292524081073,zaidvideos-7,97
166.29233322119765,162.73713362841733,1.5901861816983822,zaidvideos-7,98
166.23102124294354,161.7713483743538,1.5972431109886573,zaidvideos-7,99
93.747418288029,162.5369203245156,-1.0777711595593569,zaidvideos-8,0
93.25984847588336,162.6983325698947,-1.0604017429871022,zaidvideos-8,1
92.77227866373772,162.8597448152738,-1.0430323264148476,zaidvideos-8,2
92.28470885159209,163.0211570606529,-1.025662909842593,zaidvideos-8,3
91.79713903944645,163.18256930603204,-1.0082934932703382,zaidvideos-8,4
91.04472334151261,163.57629286545426,-0.9860238838606716,zaidvideos-8,5
90.2544725170376,164.00320375545408,-0.9630542469028033,zaidvideos-8,6
89.46422169256257,164.4301146454539,-0.9400846099449349,zaidvideos-8,7
88.67397086808757,164.85702553545372,-0.9171149729870667,zaidvideos-8,8
87.52873827050423,165.4693878678996,-0.8807907371131422,zaidvideos-8,9
86.26517841521813,166.14356734782749,-0.8400149682671988,zaidvideos-8,10
85.00161855993203,166.81774682775537,-0.7992391994212554,zaidvideos-8,11
83.73805870464592,167.49192630768326,-0.7584634305753122,zaidvideos-8,12
82.48791844932609,168.23279904134887,-0.7128447182007297,zaidvideos-8,13
81.24582995398602,169.0136877272571,-0.6643202397089637,zaidvideos-8,14
80.00374145864596,169.79457641316534,-0.6157957612171976,zaidvideos-8,15
78.76165296330589,170.5754650990736,-0.5672712827254317,zaidvideos-8,16
77.63271572613839,171.38501108550065,-0.5151768243729647,zaidvideos-8,17
76.61692974714343,172.2232143724465,-0.4595123861597968,zaidvideos-8,18
75.60114376814848,173.0614176593924,-0.4038479479466286,zaidvideos-8,19
74.58535778915352,173.89962094633825,-0.3481835097334606,zaidvideos-8,20
73.61179365944402,174.45108660871762,-0.2946677883819213,zaidvideos-8,21
72.70859927854357,174.5246562301528,-0.24473326179976296,zaidvideos-8,22
71.80540489764313,174.598225851588,-0.19479873521760477,zaidvideos-8,23
70.9022105167427,174.6717954730232,-0.14486420863544658,zaidvideos-8,24
70.14605450279092,174.57188587773902,-0.09593234767553979,zaidvideos-8,25
69.83101358968514,173.95153863229666,-0.050008483582387304,zaidvideos-8,26
69.51597267657937,173.33119138685433,-0.004084619489234641,zaidvideos-8,27
69.20093176347358,172.710844141412,0.04183924460391785,zaidvideos-8,28
68.92418802493255,172.03707064732845,0.08650236716801844,zaidvideos-8,29
68.91552450834475,170.98931341275642,0.12234029902875584,zaidvideos-8,30
68.90686099175694,169.9415561781844,0.15817823088949312,zaidvideos-8,31
68.89819747516914,168.8937989436124,0.19401616275023037,zaidvideos-8,32
68.88953395858134,167.8460417090404,0.22985409461096765,zaidvideos-8,33
68.61162760602025,167.1617337852223,0.2580463955935566,zaidvideos-8,34
68.33372125345916,166.47742586140419,0.2862386965761455,zaidvideos-8,35
68.05581490089807,165.7931179375861,0.31443099755873444,zaidvideos-8,36
67.77790854833698,165.10881001376796,0.34262329854132356,zaidvideos-8,37
67.58897359211095,164.026577187088,0.3633668655245805,zaidvideos-8,38
67.41274883536136,162.8874979457135,0.38304632765079005,zaidvideos-8,39
67.23652407861175,161.748418704339,0.4027257897769996,zaidvideos-8,40
67.06029932186216,160.6093394629645,0.42240525190320916,zaidvideos-8,41
67.09317961631001,159.9157319332949,0.4420954278484002,zaidvideos-8,42
67.19576159449036,159.37061497419361,0.4617891750665851,zaidvideos-8,43
67.2983435726707,158.8254980150923,0.48148292228477013,zaidvideos-8,44
67.40092555085104,158.280381055991,0.501176669502955,zaidvideos-8,45
67.36695359085915,158.10823124864126,0.5184023216788397,zaidvideos-8,46
67.25104926796394,158.15986173234245,0.5341471168293443,zaidvideos-8,47
67.13514494506872,158.21149221604364,0.549891911979849,zaidvideos-8,48
67.0192406221735,158.26312269974483,0.5656367071303536,zaidvideos-8,49
66.90658668875263,158.5182046847434,0.5802379504537175,zaidvideos-8,50
66.7971831448061,158.97673817103933,0.5936956419499408,zaidvideos-8,51
66.68777960085959,159.43527165733525,0.6071533334461642,zaidvideos-8,52
66.57837605691306,159.89380514363117,0.6206110249423876,zaidvideos-8,53
66.56152990273915,160.293558056643,0.6336809902415379,zaidvideos-8,54
66.69894606485292,160.59534334751467,0.6461047452122328,zaidvideos-8,55
66.83636222696668,160.89712863838633,0.6585285001829279,zaidvideos-8,56
66.97377838908046,161.198913929258,0.6709522551536229,zaidvideos-8,57
67.18011985000481,161.4277387265625,0.683971830704877,zaidvideos-8,58
67.59323720736093,161.43768204316552,0.6987788679978088,zaidvideos-8,59
68.00635456471703,161.44762535976855,0.7135859052907406,zaidvideos-8,60
68.41947192207314,161.45756867637155,0.7283929425836725,zaidvideos-8,61
68.86513463001974,161.5067781250996,0.7439080742830834,zaidvideos-8,62
69.53861479209982,161.83085049870274,0.7643798668278482,zaidvideos-8,63
70.2120949541799,162.1549228723059,0.7848516593726131,zaidvideos-8,64
70.88557511625999,162.47899524590906,0.805323451917378,zaidvideos-8,65
71.55905527834007,162.8030676195122,0.8257952444621429,zaidvideos-8,66
73.03050856944444,163.33480574961303,0.851285717251033,zaidvideos-8,67
74.50196186054879,163.86654387971384,0.876776190039923,zaidvideos-8,68
75.97341515165316,164.39828200981466,0.9022666628288131,zaidvideos-8,69
77.44486844275752,164.93002013991548,0.9277571356177031,zaidvideos-8,70
80.37998962392045,165.14121965259483,0.9632248311238624,zaidvideos-8,71
83.5242062179489,165.30662793421394,1.00011784416106,zaidvideos-8,72
86.66842281197741,165.47203621583307,1.0370108571982584,zaidvideos-8,73
89.81263940600586,165.6374444974522,1.0739038702354562,zaidvideos-8,74
94.1113077707288,165.6631941235843,1.1113079633123406,zaidvideos-8,75
98.79479339234989,165.6423908645541,1.1488824164024538,zaidvideos-8,76
103.47827901397096,165.6215876055239,1.186456869492567,zaidvideos-8,77
108.16176463559205,165.60078434649367,1.2240313225826804,zaidvideos-8,78
112.55245235927612,165.85566760254392,1.2583261755007051,zaidvideos-8,79
116.76746134419798,166.27596276764245,1.290653268315477,zaidvideos-8,80
120.98247032911983,166.696257932741,1.3229803611302486,zaidvideos-8,81
125.1974793140417,167.1165530978395,1.3553074539450203,zaidvideos-8,82
129.20659811224746,167.31498366307423,1.3840212441627238,zaidvideos-8,83
133.00982672373715,167.29154962844518,1.4091217317833589,zaidvideos-8,84
136.81305533522684,167.26811559381613,1.4342222194039937,zaidvideos-8,85
140.61628394671652,167.24468155918706,1.4593227070246289,zaidvideos-8,86
144.2427058453954,166.93981635553126,1.4828426878482162,zaidvideos-8,87
147.57444988938963,166.16589920349756,1.5037284906767245,zaidvideos-8,88
150.9061939333838,165.39198205146386,1.5246142935052325,zaidvideos-8,89
154.237937977378,164.61806489943015,1.5455000963337404,zaidvideos-8,90
157.11770889919654,163.96215136646668,1.5624043472711595,zaidvideos-8,91
158.64156045448823,163.66024869071393,1.5673639425353119,zaidvideos-8,92
160.1654120097799,163.35834601496117,1.5723235377994642,zaidvideos-8,93
161.68926356507157,163.0564433392084,1.5772831330636168,zaidvideos-8,94
163.0217508480663,162.7296522899209,1.5822996551401511,zaidvideos-8,95
163.01468822498214,162.22864262589002,1.5877146649033589,zaidvideos-8,96
163.00762560189798,161.72763296185911,1.5931296746665664,zaidvideos-8,97
163.00056297881386,161.22662329782824,1.5985446844297742,zaidvideos-8,98
162.9935003557297,160.72561363379734,1.603959694192982,zaidvideos-8,99
99.52976900542463,154.12221121500974,-1.254267586483094,zaidvideos-9,0
99.49252659478337,153.76264054712985,-1.2505409528403595,zaidvideos-9,1
99.4552841841421,153.40306987924998,-1.2468143191976249,zaidvideos-9,2
99.41804177350085,153.0434992113701,-1.2430876855548902,zaidvideos-9,3
99.30399516646406,152.53195181639103,-1.2372710773159707,zaidvideos-9,4
99.1820032977312,152.00468269102237,-1.2312382648084803,zaidvideos-9,5
99.06001142899834,151.47741356565373,-1.22520545230099,zaidvideos-9,6
98.63744580814983,151.62174551333976,-1.2088411309970506,zaidvideos-9,7
98.1455170137362,151.9210623240384,-1.1900926153554694,zaidvideos-9,8
97.65358821932256,152.22037913473704,-1.171344099713888,zaidvideos-9,9
96.92705046877593,152.57985714117837,-1.1465469796210155,zaidvideos-9,10
96.10870921365553,152.96287648508422,-1.1193830143080725,zaidvideos-9,11
95.29036795853513,153.34589582899008,-1.0922190489951298,zaidvideos-9,12
94.38290945773481,154.01865401768165,-1.0586483949931709,zaidvideos-9,13
93.42198060952657,154.86525551324465,-1.0212337277778023,zaidvideos-9,14
92.46105176131832,155.7118570088076,-0.983819060562434,zaidvideos-9,15
91.10236104618835,156.82277707388238,-0.939237322790495,zaidvideos-9,16
89.39270397789215,158.16691940617343,-0.8883316992333468,zaidvideos-9,17
87.68304690959596,159.51106173846446,-0.8374260756761988,zaidvideos-9,18
85.84913687368929,161.152740743048,-0.7828378601401984,zaidvideos-9,19
83.85547302228343,163.17696689772194,-0.7235148834885308,zaidvideos-9,20
81.86180917087758,165.20119305239587,-0.6641919068368634,zaidvideos-9,21
79.95488926173917,166.82963895481032,-0.6024578042827038,zaidvideos-9,22
78.21357142420226,167.70250437563857,-0.5361206431874233,zaidvideos-9,23
76.47225358666535,168.5753697964668,-0.4697834820921428,zaidvideos-9,24
74.92025397548386,169.46343870631608,-0.40127968596057206,zaidvideos-9,25
73.93620904336866,170.39711808322866,-0.32627598472013086,zaidvideos-9,26
72.95216411125345,171.33079746014124,-0.25127228347968966,zaidvideos-9,27
71.94363493286217,172.05639128917608,-0.1784703785834455,zaidvideos-9,28
70.80289082458002,171.65832315967117,-0.11755817394586558,zaidvideos-9,29
69.66214671629785,171.2602550301663,-0.05664596930828531,zaidvideos-9,30
68.58568925740104,170.81283001919354,0.0039251261030118605,zaidvideos-9,31
68.47353153928431,169.6250517862028,0.05937958312006265,zaidvideos-9,32
68.36137382116758,168.43727355321207,0.11483404013711343,zaidvideos-9,33
68.24921610305084,167.2494953202213,0.17028849715416422,zaidvideos-9,34
68.09270034758735,165.77421314648214,0.21577731564302427,zaidvideos-9,35
67.93475368769333,164.28965665207366,0.26094466192129734,zaidvideos-9,36
67.77680702779931,162.80510015766518,0.3061120081995707,zaidvideos-9,37
67.49541893340368,161.95234991368514,0.34031599856507155,zaidvideos-9,38
67.19639634836498,161.1898577054806,0.37295379522874783,zaidvideos-9,39
66.89737376332629,160.42736549727604,0.40559159189242405,zaidvideos-9,40
66.10981031836978,159.8599021592704,0.4260200199787605,zaidvideos-9,41
65.1854554326363,159.34704690492043,0.4430298248634418,zaidvideos-9,42
64.26110054690282,158.83419165057046,0.4600396297481232,zaidvideos-9,43
63.79338129104086,158.9047434192595,0.4824613531671919,zaidvideos-9,44
63.5332236851205,159.2404801984208,0.5073430395564367,zaidvideos-9,45
63.273066079200134,159.5762169775821,0.5322247259456814,zaidvideos-9,46
62.867171042214956,159.5530996581222,0.5506187377795032,zaidvideos-9,47
62.36156092081701,159.28445058697406,0.5645738143911936,zaidvideos-9,48
61.85595079941907,159.01580151582593,0.5785288910028841,zaidvideos-9,49
61.561472319667516,159.14245551276827,0.5948740794793433,zaidvideos-9,50
61.47812548156234,159.66441257780113,0.6136093798205715,zaidvideos-9,51
61.39477864345716,160.186369642834,0.6323446801617996,zaidvideos-9,52
61.474382435103266,160.63655697781493,0.6504350928798879,zaidvideos-9,53
61.79214483946279,160.9818500919507,0.6675829775333875,zaidvideos-9,54
62.10990724382231,161.32714320608648,0.6847308621868871,zaidvideos-9,55
62.66695321297843,161.6548137352696,0.7028899343965044,zaidvideos-9,56
63.75042302468702,161.94371457755688,0.7232736192295806,zaidvideos-9,57
64.8338928363956,162.23261541984414,0.7436573040626566,zaidvideos-9,58
66.04509910345014,162.4294604240981,0.7670898871807803,zaidvideos-9,59
67.71250699674015,162.29753457823296,0.8014113927455007,zaidvideos-9,60
69.37991489003018,162.16560873236784,0.8357328983102216,zaidvideos-9,61
71.18913208020933,162.2907143871032,0.8713917637761,zaidvideos-9,62
73.99101434861252,164.21504054604188,0.9164121485500843,zaidvideos-9,63
76.79289661701569,166.13936670498052,0.9614325333240681,zaidvideos-9,64
79.70479973576803,168.0360660035828,1.0069344960742455,zaidvideos-9,65
86.02734921534547,169.07633263175717,1.0673653760864181,zaidvideos-9,66
92.34989869492283,170.11659925993155,1.1277962560985901,zaidvideos-9,67
98.67244817450026,171.15686588810593,1.188227136110763,zaidvideos-9,68
105.37594890903677,170.81672707209404,1.243840752608404,zaidvideos-9,69
112.10484639390394,170.38456122646974,1.299133218205077,zaidvideos-9,70
118.83374387877105,169.95239538084547,1.3544256838017492,zaidvideos-9,71
125.29502839276438,170.23531774493952,1.4069461165571155,zaidvideos-9,72
131.70675494918856,170.65066385157402,1.4589532098974256,zaidvideos-9,73
138.1184815056127,171.06600995820853,1.510960303237735,zaidvideos-9,74
143.880097081112,171.13614572087045,1.5480909667789324,zaidvideos-9,75
149.42500899630298,171.0912113688748,1.5802628203870919,zaidvideos-9,76
154.96992091149394,171.04627701687917,1.6124346739952515,zaidvideos-9,77
159.5357272289406,170.33928954024427,1.639149859670865,zaidvideos-9,78
163.5886687094735,169.28551233165547,1.6630067907151445,zaidvideos-9,79
167.64161019000645,168.23173512306664,1.6868637217594245,zaidvideos-9,80
169.85891443072856,167.00698737466104,1.6974665121871146,zaidvideos-9,81
170.64850081826455,165.6492625397313,1.6977605265796805,zaidvideos-9,82
171.43808720580054,164.29153770480153,1.698054540972246,zaidvideos-9,83
171.87237656587055,163.9700228702384,1.6991120181507708,zaidvideos-9,84
171.90399596147915,164.8228793694241,1.7010347531533823,zaidvideos-9,85
171.93561535708776,165.67573586860976,1.702957488155994,zaidvideos-9,86
171.91216499691498,165.82868961489885,1.7027497137229524,zaidvideos-9,87
171.79693171043996,164.81513877302694,1.6989910902304888,zaidvideos-9,88
171.68169842396492,163.80158793115507,1.6952324667380254,zaidvideos-9,89
171.5819494413664,162.94462956464176,1.6912866615159994,zaidvideos-9,90
171.52177145756332,162.48785196848934,1.6868625029850914,zaidvideos-9,91
171.46159347376025,162.0310743723369,1.6824383444541833,zaidvideos-9,92
171.44770801138276,161.66385200664507,1.6782440663147764,zaidvideos-9,93
171.63442347518279,161.68470230628256,1.6750459365385406,zaidvideos-9,94
171.8211389389828,161.70555260592005,1.6718478067623048,zaidvideos-9,95
171.98044079829614,161.7785845156286,1.6686755943448037,zaidvideos-9,96
171.87474448090455,162.35603865602408,1.6657539163950714,zaidvideos-9,97
171.76904816351296,162.93349279641953,1.6628322384453391,zaidvideos-9,98
171.66335184612137,163.510946936815,1.659910560495607,zaidvideos-9,99
