frame,time_s,elbow_angle,wrist_angle,wrist_height
0,0.0,133.75837322322863,103.35994565495972,-0.7957388596234256
1,0.028521939953810627,73.53801575225255,170.62919000023413,-0.20640875142325343
2,0.057043879907621255,68.69078634279823,173.8400287363821,-0.024914814384866056
3,0.08556581986143187,72.70565561480142,169.67267903667744,-0.20777597245845664
4,0.11408775981524251,85.22548029023521,171.50113941748526,-0.15924704552911081
5,0.14260969976905313,77.5624616792075,175.34882218586662,-0.0037923519227074667
6,0.17113163972286374,78.77663743810172,175.1850443950734,-0.05871428002811472
7,0.19965357967667438,89.47470045115483,172.90678145165754,-0.036774104706947176
8,0.22817551963048502,95.8889623586318,176.41812283789045,-0.010656062642555532
9,0.25669745958429563,105.78608781252122,177.7409844604635,0.01924502539044776
10,0.28521939953810627,75.51441767898835,174.4672561738309,-0.020685743232802506
11,0.3137413394919169,163.1812024317468,175.03981096666044,-1.472974454109629
12,0.3422632794457275,117.8685510549716,91.69799355254007,-0.9234194724890089
13,0.3707852193995381,63.97203528794042,153.68783228140168,-0.6962090665726264
14,0.39930715935334876,59.51952952349255,152.6086608981867,-0.640074143030494
15,0.4278290993071594,172.532152516445,24.232825966486228,-0.971606148472194
16,0.45635103926097004,46.10237598558318,126.141012453763,-0.8818900832713815
17,0.4848729792147806,169.52963377334058,170.28664625201253,-1.4915375607781658
18,0.5133949191685913,179.1328358583636,173.72990950865292,-1.5501308659852453
19,0.5419168591224018,174.36539112603634,174.19595499960644,-1.4517417482347454
20,0.5704387990762125,177.90790573859096,166.14717429894907,-1.2895813520087045
21,0.5989607390300231,174.2596535596357,162.0504131108342,-1.2876878739038795
22,0.6274826789838338,173.8441170161071,165.6720634974609,-1.2566704964257511
23,0.6560046189376444,178.99562765756616,171.2846747449738,-1.458229736009987
24,0.684526558891455,82.3022252194967,170.5802636405915,-0.6363915130358514
25,0.7130484988452657,101.14514504889326,150.79167849212644,-0.7078996218754626
26,0.7415704387990762,117.81995517208824,127.21977896172356,-0.8471881758214568
27,0.7700923787528869,175.57758729816237,177.42274406456193,-1.7691071793285111
28,0.7986143187066975,171.05498205834897,175.7586359899528,-1.5767195282226374
29,0.8271362586605081,175.486943766682,158.91235741496754,-1.5424892726651642
30,0.8556581986143188,149.6211587297997,115.93037405004124,-1.1475856708558525
31,0.8841801385681294,173.30937314349973,151.00664500382328,-1.344258087690776
32,0.9127020785219401,174.6391262620278,177.2990643885038,-1.5465530181144673
33,0.9412240184757507,177.2284917600989,178.57749327047702,-1.5343056471218781
34,0.9697459584295612,179.40647135565976,179.88552599233887,-1.4801963997493306
35,0.9982678983833719,177.3485549555988,174.6979509606743,-1.5264543383939475
36,1.0267898383371825,175.69219977026512,165.9921071501082,-1.5278584161271525
37,1.055311778290993,163.1330303249586,170.86457189748464,-1.570529920577629
38,1.0838337182448037,165.69260696677628,174.39511262025616,-1.728252813664283
39,1.1123556581986145,158.177992829433,176.26923497915237,-1.555356793007708
40,1.140877598152425,168.707347761112,169.1852596622033,-1.4471543327566347
41,1.1693995381062356,58.51837818945774,175.2455269795379,-0.6737775497167564
42,1.1979214780600462,142.09381902434055,152.82380204708824,-1.0384280797532444
43,1.2264434180138568,135.7986391059806,158.26757945833256,-1.0257874980376105
44,1.2549653579676676,171.37503610949574,173.8334138576543,-1.2371464990358512
45,1.2834872979214782,166.56154381157555,173.73303068632868,-0.44796201288257753
46,1.3120092378752888,103.53811393607673,27.933137272194642,-0.8316592378713087
47,1.3405311778290994,172.03675545460214,20.1275900278058,-0.526713315855529
48,1.36905311778291,163.55648753417634,150.01803146519092,-1.1564703650257566
49,1.3975750577367207,15.349503986004812,161.99276773987705,-0.5447454553615868
50,1.4260969976905313,47.75565651013543,173.97964056210586,-0.17665642955474856
51,1.454618937644342,45.65509500020311,177.22822264404041,0.010713291580374134
52,1.4831408775981525,25.166644838714785,144.66127046825648,-0.31002939366636056
53,1.511662817551963,165.83910295814175,168.77368197848202,-2.14155264765178
54,1.5401847575057739,170.65287799361516,173.73846962494386,-1.7155163590251485
55,1.5687066974595845,179.4880052547838,177.2896312571394,-2.1062775297303595
56,1.597228637413395,174.40185721030556,178.71426024652428,-2.243256968543244
57,1.6257505773672056,173.0709055445162,179.9362352532558,-2.110602224471695
58,1.6542725173210162,173.62126215264433,179.40960367201035,-1.9294239061757665
59,1.682794457274827,177.41198621969147,174.15910445546842,-1.9458704521118435
60,1.7113163972286376,177.06099224322384,176.9787463605978,-1.8989514157113518
61,1.7398383371824482,178.60888760292147,178.01936616510181,-1.9211152242986387
62,1.7683602771362588,175.76551696648667,175.24981957367459,-1.8723777973158169
63,1.7968822170900693,179.80268734889484,175.3641534006631,-1.971535555920889
64,1.8254041570438801,174.88971322473506,170.10036441675106,-2.0165938814527666
65,1.8539260969976907,176.19940888088408,174.51558353371513,-1.901332702869614
66,1.8824480369515013,175.57966678718876,168.63450547873055,-1.8156859271708294
67,1.910969976905312,175.9183960716278,170.5724948111275,-1.8295978427253612
68,1.9394919168591225,177.12441422444215,173.19887737715598,-1.7832506281330098
69,1.9680138568129333,177.4087661930799,172.79029665300357,-1.7869777595683773
70,1.9965357967667439,175.05684920638464,174.08870706429477,-1.8080694306875609
71,2.0250577367205542,178.00776241335055,173.39972990620694,-1.7968463963925623
72,2.053579676674365,179.69214333376036,174.21356433064253,-1.835866129556131
73,2.082101616628176,177.75338163697916,174.93416528314793,-1.9151144290286712
74,2.110623556581986,177.3310368234246,177.70575939522539,-1.8926342388927555
75,2.139145496535797,177.7962581460881,177.23157295255484,-1.7487861132998972
76,2.1676674364896074,179.26221044017993,161.6786842805188,-1.4322873894046286
77,2.196189376443418,177.69675679937555,168.94512342611213,-1.6011546794542568
78,2.224711316397229,175.07107805625168,171.96789195797368,-1.7959254346744387
79,2.2532332563510393,172.69445261314218,172.88795047565634,-1.8482874234731816
80,2.28175519630485,171.97326799882765,172.39541567533416,-1.889195438451176
81,2.3102771362586605,63.385836757081414,142.19649013889494,-0.9325525126201457
82,2.3387990762124713,132.6992996677432,142.79017204393733,-1.2732606506432511
83,2.367321016166282,63.23103048993697,132.66870466495826,-0.9004594326349296
84,2.3958429561200925,0.7668993730762114,177.86572661724588,-0.24777951624562944
85,2.4243648960739033,0.6698973982274977,170.0198207756784,-0.19733534296551208
86,2.4528868360277136,5.049507487318171,169.62584221635356,-0.01731988528724015
87,2.4814087759815244,6.88686020518619,169.34825327426793,0.1584306684571422
88,2.5099307159353352,5.344051215149014,170.10385259982615,0.20264254520136077
89,2.5384526558891456,2.1088886421104585,167.54023446848046,0.3842359992309957
90,2.5669745958429564,12.90382916564157,174.94411603493108,0.8919990809528225
91,2.5954965357967668,46.18082115732636,173.56633380592564,1.4673301377814287
92,2.6240184757505776,41.20973600186383,178.38647915065462,1.388058560698992
93,2.6525404157043884,40.33555256298346,175.11575945426335,1.0383176023760003
94,2.6810623556581987,33.429518574587476,178.73673074580148,0.7534533992516259
95,2.7095842956120095,47.62413049982147,179.48891232709752,0.9830988144246807
96,2.73810623556582,43.77919976937452,178.9846054102647,0.8205376975800482
97,2.7666281755196307,41.075560808231494,170.61207399511642,0.6973578406664973
98,2.7951501154734415,43.24105755908613,154.65337650587549,0.6951605213198506
99,2.823672055427252,93.20357366967916,159.62993827586348,1.7273545101858467
100,2.8521939953810627,41.0323965741723,138.75315464860205,0.6394092920628306
101,2.880715935334873,23.950363241393195,134.70753728105677,0.03665489247473229
102,2.909237875288684,20.270286951373137,161.91768641819007,-0.1750582363752831
103,2.9377598152424946,80.90705523305331,49.561929758911276,-0.9291946342234989
104,2.966281755196305,46.340751068307966,179.08608702377074,-0.4601428083135168
105,2.994803695150116,69.85095313333728,166.15624006861455,-0.8942109864757563
106,3.023325635103926,93.43437075983395,176.86571200421858,-0.9125606012200698
107,3.051847575057737,91.60911939418855,154.12971783512558,-0.747464169334236
108,3.0803695150115478,79.15938797233296,173.8749322038078,-0.4037655968564931
109,3.108891454965358,79.8399439550204,179.98943845687452,-0.4176492192337745
110,3.137413394919169,24.96108621520467,136.52847286043843,0.30001507126524585
111,3.1659353348729793,83.37881484290601,31.991459086331272,-0.10315564566470188
112,3.19445727482679,121.37000649553505,126.61751277160455,-0.5695694258784192
113,3.222979214780601,144.7673997516037,152.4237906869088,-0.3758881488460532
114,3.2515011547344113,89.469648131742,167.41118367247597,-0.959839334547946
115,3.280023094688222,89.26610968621081,143.52160240748944,-0.8902281636944279
116,3.3085450346420324,,,
117,3.3370669745958432,,,
118,3.365588914549654,,,
119,3.3941108545034644,,,
120,3.422632794457275,,,
121,3.4511547344110856,17.71028173575085,171.81430590633485,0.34340281030488584
122,3.4796766743648964,2.806873540380309,176.24084069010533,0.25383937867010137
123,3.508198614318707,27.388957345262575,178.91889485430502,-0.5074474320360713
124,3.5367205542725175,91.1838257853585,149.0737717626419,-0.9105617089314328
125,3.5652424942263283,90.45801070700118,18.403466957879264,-0.9413836785905534
126,3.5937644341801387,164.7028908198934,91.48069062836962,-1.2579525495621477
127,3.6222863741339495,80.4781344973498,109.6932738151527,-0.9720102681013076
128,3.6508083140877603,155.28071981243602,168.30438281946982,-1.4194642776064288
129,3.6793302540415707,146.23045111216635,31.125899296945914,-1.2870978688535728
130,3.7078521939953815,127.26259741414897,5.7486480261103825,-1.1357871669807993
131,3.736374133949192,71.64905884184297,98.56541052565996,-0.9522664983222553
132,3.7648960739030026,137.12567772473494,169.24931744143592,-1.2693042954942473
133,3.7934180138568134,131.9559426966756,177.68523796540376,-1.1351856230663162
134,3.821939953810624,48.43243107066889,142.57013369636147,-0.8240307775289186
135,3.8504618937644346,143.77757781851642,157.7164848362189,-1.3063295845106184
136,3.878983833718245,160.14801288687224,165.40171453723795,-1.6105326490150205
137,3.9075057736720558,145.30335153724354,160.6828273599976,-1.3702644591168969
138,3.9360277136258666,2.4837792220822132,171.1177370045433,0.08392088253863937
139,3.964549653579677,19.370059606773502,164.08315260672302,-0.8204172399750211
140,3.9930715935334877,18.52660767155507,164.02695704371155,-0.7152004593374112
141,4.021593533487298,145.76936416045717,134.92578929560216,-1.1044267150829639
142,4.0501154734411084,116.05291459441483,119.0738162578317,-0.8168140603175248
143,4.07863741339492,46.8834409587397,165.9596980799589,-0.8038143685643572
144,4.10715935334873,168.4153374638782,173.1483233058724,-1.313240790779879
145,4.13568129330254,172.71363099430346,176.68643222619224,-1.267265718364382
146,4.164203233256352,172.54868136840128,175.12834055634946,-1.293355756116592
147,4.192725173210162,164.06919311391857,166.1192200250501,-1.1697527609117968
148,4.221247113163972,73.74343096948537,171.71376661473718,-1.0230809369157456
149,4.249769053117784,45.97952453571129,71.3574435761106,-0.6761168132983717
150,4.278290993071594,35.66668374534532,166.53214168701416,-0.5554328686366875
151,4.306812933025404,128.22689155921321,91.16164580405692,-1.0424443601246451
152,4.335334872979215,176.98472907137287,176.74859265729688,-1.525917888956943
153,4.363856812933026,170.65993530995178,175.8583165449496,-1.114492973013443
154,4.392378752886836,71.85098549817893,171.40610054585977,-0.5066286016756545
155,4.420900692840647,89.38403798431656,157.4034222938375,-0.10963976495527172
156,4.449422632794458,127.61907639850713,153.05158617452753,0.4552458751326962
157,4.477944572748268,139.40778044218823,173.07189780688256,-0.7570421280084608
158,4.506466512702079,126.60517068167636,42.62630018108924,-0.8354048212861094
159,4.53498845265589,50.463219934722595,143.84857861952477,-0.7771115099375012
160,4.5635103926097,37.375501536314914,174.51252214500118,0.2749046385223768
161,4.592032332563511,38.81988371214892,175.00004033513255,0.04505141799678288
162,4.620554272517321,41.953218923648826,167.2268755025836,0.5777071801020025
163,4.649076212471132,43.237180504260735,155.16756066338684,0.683724638421835
164,4.677598152424943,161.8182516230416,150.09147127081707,-1.1930631055282046
165,4.706120092378753,155.45852927388881,178.16477021677915,-1.7552148667620449
166,4.734642032332564,157.0530878336663,178.029994995434,-1.89542423739904
167,4.763163972286375,156.65925050593233,170.0085234046167,-1.9445786839901498
168,4.791685912240185,154.33714561433206,119.64745869672825,-1.7121196807336918
169,4.820207852193996,147.63133110861025,165.4079521796711,-1.7422836385211034
170,4.8487297921478065,140.177661837655,173.786875310279,-1.641110431750108
171,4.877251732101617,141.57366814635816,159.2722124761989,-1.2282843161964752
172,4.905773672055427,113.87680873413399,91.95642201647506,-1.202240896746825
173,4.9342956120092385,148.32752087960898,68.47978311665518,-1.2011675146648488
174,4.962817551963049,155.99458237408948,136.58078860569805,-1.2873332384524
175,4.991339491916859,178.08998058183772,167.2647723404768,-1.300157921985475
176,5.0198614318706705,174.78329974765913,171.91055574649724,-1.400785731476123
177,5.048383371824481,173.4340489593505,173.59753206398167,-1.4127207189697832
178,5.076905311778291,173.17190623512204,177.86888598453794,-1.4056703990862809
179,5.105427251732102,169.48029102201826,177.69332737786706,-1.497748647538189
180,5.133949191685913,171.10325227224624,178.58970250869177,-1.3497641267308116
181,5.162471131639723,173.12522667345857,161.9783387927421,-1.2376213525302553
182,5.1909930715935335,162.50562380173315,160.303784180135,-0.14159896909943
183,5.219515011547345,160.6765133237075,161.12791892937253,-0.767910914910819
184,5.248036951501155,157.7668310546803,168.0995891116414,-0.735174486959162
185,5.2765588914549655,178.41541248473672,153.58575369792942,-0.2483776794820067
186,5.305080831408777,38.82130178802713,146.99644124263992,-0.5344669438882692
187,5.333602771362587,177.4312948602235,147.96805664743388,-0.9059151365651263
188,5.3621247113163975,167.71092244013758,171.16440985526714,-1.5136796278586266
189,5.390646651270209,164.06013524934426,176.63580370713257,-1.4278984627554974
190,5.419168591224019,174.7454027253893,179.88851444065114,-1.4627069314632464
191,5.447690531177829,161.00455042845667,167.99643220965416,-1.4159490853837136
192,5.47621247113164,166.7840454683065,174.39725846952587,-1.3963048327495864
193,5.504734411085451,171.87099166951015,177.23805664702107,-1.368525416246412
194,5.533256351039261,111.77754324834315,149.05330728751804,-0.7509778979077789
195,5.561778290993072,121.39247039365702,139.9815513297994,-0.8831200303059483
196,5.590300230946883,143.54111992858557,133.67031473604334,-0.5593347083802
197,5.618822170900693,166.52255984511197,174.22634889723173,-0.7392920927991953
198,5.647344110854504,177.95756916166968,171.73766611259066,-0.9279721324461395
199,5.675866050808314,168.0711727236049,176.46594272951518,-0.7145986850227946
200,5.704387990762125,119.94133459762465,51.858853572197695,1.549843581424461
201,5.732909930715936,130.45272829150738,81.79358437433226,2.576533228462308
202,5.761431870669746,162.9572970189358,170.1058691771048,2.4389504130441586
203,5.789953810623557,170.00447529750892,175.5819377415941,2.0486434611133135
204,5.818475750577368,116.71710307014654,176.4460673287361,1.9104940936487864
205,5.846997690531178,151.8290746002556,117.98430501283795,2.3409946788672915
206,5.875519630484989,176.31480118158035,164.32274896713616,2.126375588258201
207,5.9040415704388,179.82154285850936,157.48591436145392,2.381438220007978
208,5.93256351039261,169.31170473965992,179.09570671064336,2.643255716965302
209,5.96108545034642,137.86164451440985,178.10071310892627,3.805906623686421
210,5.989607390300232,160.28911187985412,179.5362350385963,3.0498483831935435
211,6.018129330254042,148.71405453505554,172.11363113596653,3.003761652811754
212,6.046651270207852,145.66245004176295,175.55878249104234,2.0702378039358864
213,6.075173210161664,,,
214,6.103695150115474,179.93528060323806,120.8480522334714,-1.7247482244369503
215,6.132217090069284,166.1577860582182,128.02215371599968,-1.8199659643561974
216,6.1607390300230955,158.6919740516474,125.33961021250339,-1.8635921958805381
217,6.189260969976906,157.73885636765746,124.2865837640962,-1.8786499807758208
218,6.217782909930716,156.45548569543573,122.35642505472488,-1.88058077721899
219,6.246304849884527,158.09914833786718,137.3229349602347,-1.8817956656529167
220,6.274826789838338,156.558133790062,139.38076060669138,-1.8782645334231596
221,6.303348729792148,155.84247785934863,137.56250186824562,-1.8851407783643797
222,6.331870669745959,159.08863137299025,163.4381394289602,-1.953448403982583
223,6.36039260969977,162.2211795312549,164.96485523944665,-1.9573643153135147
224,6.38891454965358,164.53151122711736,153.1575801048039,-2.005722527940441
225,6.4174364896073905,166.61068182924146,149.20195491823267,-2.0051488473513746
226,6.445958429561202,163.60652562391934,157.35594590429278,-1.9905873594630394
227,6.474480369515012,164.74890035238812,149.95059047423666,-1.9869100456279944
228,6.5030023094688225,161.5765087408369,146.27007580104316,-1.9755864604947886
229,6.531524249422633,167.9795796227187,165.37944465906637,-1.9997921755680022
230,6.560046189376444,153.5200091151027,161.54599346303021,-1.6660380093419616
231,6.5885681293302545,149.20308469469245,161.87734112600504,-1.6057763359739563
232,6.617090069284065,152.39595471391917,164.22585605069506,-1.743581986629855
233,6.645612009237876,155.20845150037377,160.38665519519478,-1.830636399772275
234,6.6741339491916865,159.92906471151562,154.65576196566414,-1.9051771536636037
235,6.702655889145497,160.92635065483407,149.464411690555,-1.9285993478394514
236,6.731177829099308,150.46574740511286,129.90576579131277,-1.7443059089080857
237,6.759699769053118,162.72846861879069,134.68417288830366,-1.8205526105501824
238,6.788221709006929,150.84329713902198,134.70617041829226,-1.6125798541977456
239,6.816743648960739,155.322107591646,144.84719733288853,-1.7613086477246178
240,6.84526558891455,161.46374515517843,131.45729679615405,-1.8262959907316403
241,6.873787528868361,164.2196449487055,134.3499562820456,-1.8812596297245765
242,6.902309468822171,164.20438400068508,152.238195111391,-1.9146095642983978
243,6.930831408775982,154.51406030822176,145.94421922833234,-1.6851073968336636
244,6.959353348729793,156.61693900696736,151.0785736547011,-1.7688000787241436
245,6.987875288683603,158.04050971000868,159.45665294395016,-1.8315507972105984
246,7.016397228637414,158.7350953641942,166.3306577640645,-1.8574645065238333
247,7.044919168591225,165.17962781025537,171.89220992809635,-1.8901032577755286
248,7.073441108545035,170.44152343443614,174.99572703974587,-1.9238201974554523
249,7.101963048498845,168.18692600106985,172.6944274594257,-1.9237270190987257
250,7.130484988452657,167.32876396023426,170.45849607683783,-1.8417945192731067
251,7.159006928406467,166.5354613641849,145.10603433583063,-1.8590744248558448
252,7.187528868360277,165.60438788846892,151.85870205428716,-1.812399017514669
253,7.216050808314089,165.23204287432307,151.52626404406885,-1.7891633815876578
254,7.244572748267899,164.8892229942072,151.21924807001366,-1.7593002887648452
255,7.273094688221709,164.25429118224875,151.6201249948516,-1.7582042853280664
256,7.301616628175521,164.40379504884885,165.07429632399112,-1.8016052424813391
257,7.330138568129331,163.52345637093953,169.78064855193813,-1.8160476489578454
258,7.358660508083141,160.5640874692195,172.02900798584682,-1.827414243759761
259,7.387182448036952,159.43678910370932,171.1513618934948,-1.8054535256066118
260,7.415704387990763,160.86431459298484,178.2946517009896,-1.765764258373365
261,7.444226327944573,161.07300446412688,171.7964452185516,-1.7472604499782192
262,7.472748267898384,161.5809756435977,176.15967723649408,-1.7196555312387714
263,7.501270207852195,157.1047338892184,162.59459187204558,-1.6946221505209316
264,7.529792147806005,157.72947302130711,147.78790428406256,-1.6969930092318417
265,7.558314087759816,150.92436666344264,158.32218765418204,-1.6663671731100889
266,7.586836027713627,150.09699942393468,157.43295994695066,-1.6087258620697433
267,7.615357967667437,149.72481126990775,140.85610497846235,-1.6705630158002487
268,7.643879907621248,151.45838955668287,126.60931360702715,-1.6958408279306396
269,7.672401847575058,151.3302863178203,152.37800075701492,-1.688001884609183
270,7.700923787528869,155.33978344101635,132.28382624477527,-1.6994674883813776
271,7.7294457274826796,154.14720979345975,177.15209867892804,-1.7655936410496083
272,7.75796766743649,152.84746426747208,157.6367838249139,-1.759042670482422
273,7.786489607390301,158.28260285306368,169.75339543723996,-1.8391341325702173
274,7.8150115473441115,161.38750111718147,157.57457219360344,-1.8697102865906043
275,7.843533487297922,158.69659826293795,158.84258440895974,-1.8887560929683471
276,7.872055427251733,159.88061407004463,179.81443933038565,-1.8628446698611023
277,7.9005773672055435,162.60480742010355,178.58934797911866,-1.8330864935765492
278,7.929099307159354,164.38346882258733,153.7387245613988,-1.8671302863375077
279,7.957621247113164,161.98680231359035,149.6983919074296,-1.8824823943891682
280,7.9861431870669755,160.05844550677273,156.326396312101,-1.8038052712288544
281,8.014665127020786,167.5027389234021,161.02344795753106,-1.5654222483782092
282,8.043187066974596,165.0169249952825,166.34096621391834,-1.498540310987741
283,8.071709006928407,151.9490105429728,179.24862072735337,-1.5897213750462713
284,8.100230946882217,158.13709119174766,179.1188965174483,-1.5761822705681392
285,8.128752886836029,151.67139747551266,172.80173459750873,-1.620886610303101
286,8.15727482678984,177.10121644182436,161.92026911750833,-1.351877581240953
287,8.18579676674365,163.46237848565966,164.3526171995697,-1.4178556479308133
288,8.21431870669746,174.5020703814117,153.91184444934441,-1.3203987542265427
289,8.24284064665127,173.28575234273157,141.12826052701425,-1.29706162634165
290,8.27136258660508,153.06256605412455,137.15910547357612,-1.2915159831421623
291,8.299884526558891,126.96182203847374,175.74575944744942,-1.3300119173636655
292,8.328406466512703,,,
293,8.356928406466514,162.80515740821087,177.41659842024532,-1.4866484350722704
294,8.385450346420324,166.34855354441314,169.33511769001666,-1.4795052820934003
295,8.413972286374134,162.3312404696106,166.11826538644925,-1.4477126984354691
296,8.442494226327945,168.18975470462254,164.87180543116588,-1.7046258952412978
297,8.471016166281755,171.2031222773551,163.30064938859226,-1.8053735342881847
298,8.499538106235567,174.2640932119416,160.21617015847448,-1.9367284178968571
299,8.528060046189378,174.39640761529418,165.47236336864003,-2.05213143660391
300,8.556581986143188,177.327557301036,167.09732831466036,-2.1067832595257854
301,8.585103926096998,175.96481077158208,167.18826959079797,-2.0177490807105434
302,8.613625866050809,176.36364829444008,168.7010934690993,-2.0061714979788796
303,8.642147806004619,174.4453832148737,170.61248964038487,-1.9561337542084323
304,8.67066974595843,173.69178757537077,172.58382202319888,-1.943377077291259
305,8.699191685912242,175.27193586045505,173.32469229400348,-1.910207825674922
306,8.727713625866052,177.24120039653639,174.1492658926969,-1.87929028251657
307,8.756235565819862,178.78622704099823,171.0846018681196,-1.890525775355251
308,8.784757505773673,168.917827645039,161.81059628363857,-1.8332355518414443
309,8.813279445727483,179.64176915029233,162.5469152913229,-1.8692617720535318
310,8.841801385681293,177.44734197702886,165.31845172035602,-1.8455421025900622
311,8.870323325635104,170.84637592547105,171.95011184076662,-1.7900528388151375
312,8.898845265588916,171.23639992417245,175.1872191929033,-1.7762054594479975
313,8.927367205542726,169.18885845986864,166.52973682423936,-1.7721428415581193
314,8.955889145496537,172.36137887903604,163.04251079355305,-1.7197149198225745
315,8.984411085450347,170.78363836338266,166.57804316462114,-1.787023628805615
316,9.012933025404157,171.62170210833105,173.09197495063162,-1.7777898537204788
317,9.041454965357968,170.0423750020382,170.0477698581812,-1.7880699932783066
318,9.06997690531178,166.55465741278928,172.3120965891543,-1.8077362159688868
319,9.09849884526559,167.67153124819896,171.8592066223854,-1.7891876521232661
320,9.1270207852194,168.99612287396442,171.1502606354225,-1.8108918416080184
321,9.15554272517321,169.9221658865571,177.82447518980547,-1.837339670380673
322,9.184064665127021,170.5670228480217,174.08447099857878,-1.7507873188139853
323,9.212586605080832,171.91371837705387,173.4409167852649,-1.7774835858675417
324,9.241108545034642,172.25333760486805,170.67158060276012,-1.8092461536237656
325,9.269630484988454,173.41356323326107,171.71752987490493,-1.8316822612740524
326,9.298152424942264,174.4555865301834,173.76314509744915,-1.8163545018427458
327,9.326674364896075,176.1166325744407,174.58555176121865,-1.847218125070646
328,9.355196304849885,177.6747150122898,175.4020775258026,-1.8437570521484385
329,9.383718244803696,179.50656628400586,178.02823825357956,-1.839274301210108
330,9.412240184757506,178.3699000729369,178.6416272502279,-1.8434462040804689
331,9.440762124711316,177.26660067035598,179.54298939479114,-1.8574259673723585
332,9.469284064665128,177.59115896214752,179.69293737544666,-1.8765319167997416
333,9.497806004618939,177.44950079207848,178.90222724099144,-1.8831673437668701
334,9.52632794457275,177.04656222142816,178.87943231624314,-1.8787622774190091
335,9.55484988452656,176.76379752183269,179.57573498797979,-1.8949255337642457
336,9.58337182448037,175.50417602461565,179.08541389135303,-1.884861768799597
337,9.61189376443418,175.47918833822865,178.37498823716763,-1.897284314352997
338,9.640415704387992,173.74114486686005,177.46426956948855,-1.8871306904318612
339,9.668937644341803,172.05056125935306,176.79874676618857,-1.8853074148617401
340,9.697459584295613,172.10699484730836,175.8874806744989,-1.8842683863444856
341,9.725981524249423,172.28681638923194,175.4860994799852,-1.8566047103030199
342,9.754503464203234,172.47061933006992,175.5273009011849,-1.861400949182995
343,9.783025404157044,172.9550381668942,176.68721002619517,-1.8626970553703677
344,9.811547344110854,172.67436368524045,175.90220737982688,-1.8459069555828524
345,9.840069284064667,171.99631957407092,178.35038824990212,-1.8047218179358377
346,9.868591224018477,172.35579104864053,177.47497362974607,-1.7945614948849435
347,9.897113163972287,173.9096704500991,177.1647346999435,-1.7439480088923196
348,9.925635103926098,176.70776642340746,178.29190592891547,-1.7282864472585788
349,9.954157043879908,158.2154790458296,109.8275776877929,-1.2729472416949152
350,9.982678983833718,179.42333470098882,117.62437772916665,-1.3426907461666826
351,10.011200923787529,178.0651633809976,164.16614301673627,-1.42243926853652
352,10.039722863741341,147.81268823653332,50.77580085542902,-1.022819687843161
353,10.068244803695151,167.35945994667549,70.79255642568982,-1.2754823912263507
354,10.096766743648962,170.77037297295044,144.0067115337598,-1.3003871570342258
355,10.125288683602772,132.35243512078287,85.25611087345189,-1.023433712932149
356,10.153810623556582,175.25028847049043,175.14488326497332,-1.6490076259504383
357,10.182332563510393,175.82769425219726,169.15544941039877,-1.692187716704364
358,10.210854503464205,179.3133281001121,173.71398968820466,-1.419337903092015
359,10.239376443418015,179.76830137161372,177.40412977715883,-1.4882269987219388
360,10.267898383371826,179.19817241417329,178.26149649704382,-1.5200350252282029
361,10.296420323325636,179.1661444538959,179.60324281450204,-1.6083716592800945
362,10.324942263279446,177.32298891615443,178.52434788151118,-1.680060582194667
363,10.353464203233257,179.18520694316737,177.8209888044709,-1.6892411456104832
364,10.381986143187067,177.34800799065565,176.01911932654176,-1.6928165170014353
365,10.41050808314088,174.9841370553602,176.8720817560456,-1.701996866088494
366,10.43903002309469,175.30514301070613,178.84428553587202,-1.6397408824923874
367,10.4675519630485,172.25567397582492,177.39520672437953,-1.7169331824230178
368,10.49607390300231,170.82507760975827,179.8614122940998,-1.760033279109473
369,10.52459584295612,170.56458411963672,179.37897740642856,-1.7578295933992412
370,10.553117782909931,173.10376841452836,177.76923688773243,-1.674567404176731
371,10.581639722863741,169.92965968155053,179.99546675264764,-1.7444228672756403
372,10.610161662817553,173.5414192504202,177.34539881693507,-1.790136290686298
373,10.638683602771364,175.18129782315543,177.01966093279614,-1.711354206771216
374,10.667205542725174,178.141005414033,176.5306637053194,-1.606266697230223
375,10.695727482678985,176.05501786006363,173.77098038883813,-1.572560836494298
376,10.724249422632795,176.0238658936953,175.4549574179171,-1.5127170897491693
377,10.752771362586605,178.74842080052886,178.027670392548,-1.544636931031801
378,10.781293302540417,174.8055635353909,172.03284296605364,-1.6643731349838387
379,10.809815242494228,168.27076692114713,168.73951098434793,-1.6975847329506015
380,10.838337182448038,172.00785784019692,179.81556486898083,-1.489624433372941
381,10.866859122401848,171.93593295451583,179.03154511235397,-1.4097784213533489
382,10.895381062355659,159.27194281080972,145.77299946495208,-1.3956548607586965
383,10.92390300230947,166.50797032366722,170.06151171126731,-1.7280131363501978
384,10.95242494226328,160.56429230101583,178.2237823366944,-1.7147796325186881
385,10.980946882217092,167.3887099454104,167.44094793293434,-1.8496519868234609
386,11.009468822170902,172.8872907394696,178.65839131898588,-1.6416187389789707
387,11.037990762124712,172.81218072445841,179.2009640780331,-1.7752402987358327
388,11.066512702078523,171.9642522958983,179.95482182125482,-1.7631681722415464
389,11.095034642032333,174.69888348906636,179.35218210315395,-1.7567718097523486
390,11.123556581986143,178.28903736617266,164.4733140691236,-1.7658876535363845
391,11.152078521939954,177.41176500158602,166.50001168291027,-1.7113342029803886
392,11.180600461893766,179.6028578547616,168.22171034504987,-1.6978453321170182
393,11.209122401847576,179.90496337029228,176.81813794647204,-1.8668613394641818
394,11.237644341801387,178.19249503914438,176.50703073353256,-1.7981566832366347
395,11.266166281755197,175.53283150700076,172.91959892142253,-1.7612158949251064
396,11.294688221709007,174.02161677158887,169.22799107495675,-1.7905757846723878
397,11.323210161662818,177.55104552673782,170.45277651146947,-1.7880188092150378
398,11.351732101616628,175.0262114526703,162.10159119295906,-1.866707316215531
399,11.38025404157044,171.6556425343234,158.24498745633852,-1.940007226525188
400,11.40877598152425,171.73631809239836,158.37673597352892,-1.9734757354891852
401,11.437297921478061,166.01727249699567,149.9877914378452,-2.0361709490820297
402,11.465819861431871,162.10690586190253,140.35236794834572,-2.0261658530681887
403,11.494341801385682,161.54535030042481,134.8213102401745,-2.0931446803785736
404,11.522863741339492,158.49698326402657,131.1327374941186,-2.119109278940589
405,11.551385681293304,156.69347283853287,130.24871469050711,-2.111914364012084
406,11.579907621247115,153.84677767051718,126.68124907084285,-2.090579533799514
407,11.608429561200925,155.37364719513076,131.21392101916206,-2.086595279271173
408,11.636951501154735,154.34911968565046,134.53271926071338,-2.074224316467779
409,11.665473441108546,152.15079009970526,135.27286703504387,-2.085365780281032
410,11.693995381062356,154.95675601987102,136.04037425557405,-2.0912342967029125
411,11.722517321016166,160.8769862182964,173.77837803367876,-2.0087332737563344
412,11.751039260969979,163.8070720997867,178.89008655879044,-1.808166872674306
413,11.779561200923789,157.0932620401337,150.355537819484,-1.7127404208042405
414,11.8080831408776,153.3858140120577,127.26339345447147,-1.6675640867917214
415,11.83660508083141,155.06135769560305,133.06396287038518,-1.6505629559852646
416,11.86512702078522,155.8895233579193,136.32807089401797,-1.8423063280598924
417,11.89364896073903,155.80555261683318,135.55144935923857,-1.7868523645871008
418,11.92217090069284,163.3689572714248,139.11056441160844,-1.9425968023965026
419,11.950692840646653,168.5104897474615,126.70940383842334,-2.045808668992895
420,11.979214780600463,168.00966067199056,124.2425054776365,-1.9924987996901904
421,12.007736720554274,172.12667018374424,127.62495230151467,-2.087092186073455
422,12.036258660508084,166.0867148501106,154.9698465101571,-2.0876023333396376
423,12.064780600461894,163.04379130500266,156.41029491234676,-1.9525946658194233
424,12.093302540415705,163.3914013327536,150.20744398984968,-1.920073504628899
425,12.121824480369517,162.06964834231636,177.50138635255854,-1.7451990575367542
426,12.150346420323327,170.02290933297013,151.0919472462608,-1.8159340548009593
427,12.178868360277137,179.83776179850253,143.99734757379017,-1.8856523516842665
428,12.207390300230948,173.41607981521506,113.84697058695679,-1.619179367622529
429,12.235912240184758,165.65438302140365,112.45230754835974,-1.4382693165881386
430,12.264434180138569,144.63469876174815,143.58981645805216,-1.4427195754933098
431,12.292956120092379,131.05352315139396,152.89533255415137,-1.1981932973866627
432,12.321478060046191,131.60382749037038,146.38082715671408,-1.1817779691851564
433,12.350000000000001,124.85251861026316,103.03212986863221,-1.3205146362147677
434,12.378521939953812,147.30283839182965,57.709095496090164,-1.4797420527291523
435,12.407043879907622,151.21312118453756,45.53342227968807,-1.516366919088685
436,12.435565819861433,143.90157526143977,101.9592445142215,-1.5247529756243816
437,12.464087759815243,162.02966910001516,118.15404929821848,-1.5908199999360924
438,12.492609699769053,161.1935721208359,137.97556731770007,-1.62256624380833
439,12.521131639722865,158.1489138446004,122.00621267429133,-1.5754480664285295
440,12.549653579676676,176.60269380665173,53.4975832662067,-1.2945449543596714
441,12.578175519630486,170.15883757605553,124.79935944197803,-1.3940788538144746
442,12.606697459584296,173.42400419237723,24.921795743860073,-1.4828505371569398
443,12.635219399538107,174.42400459556728,101.96539531287469,-1.4470000915245762
444,12.663741339491917,178.61465853434288,171.9107118183022,-1.788534528368277
445,12.69226327944573,157.31455987742163,160.96618033103604,-1.618365149316671
446,12.72078521939954,170.0509340361413,155.97036917439573,-1.5802675730437716
447,12.74930715935335,173.25293916872565,175.47914547851553,-1.6802280655807977
448,12.77782909930716,177.89935580707288,168.11843576165296,-1.7948496702392767
449,12.80635103926097,175.7798544902569,161.13708743348116,-1.8231547557512184
450,12.834872979214781,179.74600405851467,169.6196102339231,-1.908441565068051
451,12.863394919168591,178.95441111188597,172.2010349255003,-1.8692743449293139
452,12.891916859122404,176.5268795884587,174.59197936666493,-1.8172130908390733
453,12.920438799076214,176.31585367508876,177.52789866504128,-1.8180687185383757
454,12.948960739030024,178.0125511376119,177.83068265198088,-1.834310586449601
455,12.977482678983835,178.80398878039108,174.10523540684878,-1.8355140693177652
456,13.006004618937645,175.00362951103932,171.05161639682962,-1.877563721306496
457,13.034526558891455,177.02051782650463,172.30190185782695,-1.86785099592542
458,13.063048498845266,178.07093720742736,173.4840741368002,-1.831795309986584
459,13.091570438799078,179.24443777413057,177.9336890420341,-1.804467645185435
460,13.120092378752888,177.45242428661157,177.38604331979374,-1.7656998805624136
461,13.148614318706699,176.70385451151276,175.50329832350994,-1.7515181493719314
462,13.177136258660509,174.8673664585135,177.89133659265747,-1.714159245940182
463,13.20565819861432,174.81053271695689,177.46305071470474,-1.6800739490980419
464,13.23418013856813,174.25678955760907,178.10485693343688,-1.6553959037267765
465,13.262702078521942,176.7422031775937,179.2231175611466,-1.6834012074171116
466,13.291224018475752,177.73989114640435,178.9201033897388,-1.7334804558090897
467,13.319745958429563,178.97192342693347,176.2955982055327,-1.7533552299260213
468,13.348267898383373,176.98446290072283,179.59421774468152,-1.768190622429511
469,13.376789838337183,178.1276374910811,178.52080946587927,-1.759743021075562
470,13.405311778290994,178.65604694118466,177.69451218414213,-1.7575240687284528
471,13.433833718244804,178.50640011750164,175.92300144525797,-1.7672120425739228
472,13.462355658198616,178.0200652899735,176.8112855959507,-1.7796192998033444
473,13.490877598152426,176.92685098595027,177.43694883570964,-1.7845667641724468
474,13.519399538106237,175.51679885356833,176.74547460302645,-1.7946921459576963
475,13.547921478060047,174.07691934406185,171.28219911924472,-1.80937565246122
476,13.576443418013858,171.87661922149613,171.01243375167803,-1.8292218848619333
477,13.604965357967668,171.6337414872904,174.77788627524956,-1.8255644497727839
478,13.633487297921478,172.5471407489658,175.0798266340517,-1.8226149183113818
479,13.66200923787529,173.35085763247707,176.04879968013074,-1.8102442215731958
480,13.6905311778291,172.78473908512262,160.35847770682477,-1.8102805672969586
481,13.719053117782911,170.7398920012775,159.34332690937572,-1.8087904430311876
482,13.747575057736722,168.37074660745057,162.66008073880357,-1.8221678573732034
483,13.776096997690532,163.58189287762232,167.14514543986337,-1.8257149352322917
484,13.804618937644342,165.1180087116979,167.0275590814869,-1.819978373515518
485,13.833140877598153,164.41002945430495,172.51715584100535,-1.8141549269282338
486,13.861662817551965,167.1854364603719,172.17404850754838,-1.8615767064429178
487,13.890184757505775,167.27706031662288,166.09985674337415,-1.8614313609004887
488,13.918706697459585,171.4743092669874,163.2632865918074,-1.8872521512845555
489,13.947228637413396,169.4149124534959,161.78202603322342,-1.8601654628414734
490,13.975750577367206,165.59758444556286,163.241811600155,-1.856512752545846
491,14.004272517321017,170.38559627525711,172.34310665957793,-1.8449331346806137
492,14.032794457274829,173.60527985133794,167.39138184878576,-1.8178455358669146
493,14.061316397228639,167.01516340655874,168.37185896673347,-1.7337197334091605
494,14.08983833718245,168.45124711369152,169.69349704153356,-1.745032907234309
495,14.11836027713626,169.9917445787522,164.31459276203867,-1.7477717935096269
496,14.14688221709007,164.24281915414514,158.708161415743,-1.7056727015532567
497,14.17540415704388,162.04338570524442,175.1470096663534,-1.6719235429033092
498,14.20392609699769,161.52195683010405,165.46767734078438,-1.6588977732474997
499,14.232448036951503,157.23498700208336,178.74370394899233,-1.5653331319177013
500,14.260969976905313,156.18307455052494,159.26404699611086,-1.5767115549748687
501,14.289491916859124,151.76982946974715,161.06739381215567,-1.5820734943560022
502,14.318013856812934,151.15041583050117,166.73899910418825,-1.579137007989623
503,14.346535796766744,154.71227752983,158.12142574101745,-1.596508421249837
504,14.375057736720555,155.31188647617142,168.46264442794327,-1.6148129736251056
505,14.403579676674365,154.3869562725965,177.61655403060453,-1.6261171873406828
506,14.432101616628177,160.65073820242972,168.9934123421417,-1.6704346449236476
507,14.460623556581988,161.19969776441934,169.90340506298918,-1.6945481154678703
508,14.489145496535798,161.10813161756806,171.80814951264284,-1.7223637071694122
509,14.517667436489608,163.37002467889448,171.55189168175693,-1.7619693829954508
510,14.546189376443419,166.00764721647477,166.77715969518536,-1.8075693550293157
511,14.574711316397229,168.248850930239,165.96544442429212,-1.8247522932600435
512,14.603233256351041,169.14240511657988,166.50601610552985,-1.8286087605091084
513,14.631755196304852,171.18047455081287,166.01681180607787,-1.8503693102786498
514,14.660277136258662,170.02450376636995,166.63475083711987,-1.8479585268871586
515,14.688799076212472,174.19337647289882,163.35221008597293,-1.851262751025099
516,14.717321016166283,174.3572735796819,168.3772719411272,-1.8496726311173584
517,14.745842956120093,173.45163796082903,171.26422159607714,-1.8571912726404205
518,14.774364896073903,175.95783302178225,171.7794211655253,-1.8507078665438998
519,14.802886836027715,177.10974175254157,174.4590272334989,-1.8509627849380952
520,14.831408775981526,176.1768081180052,177.11412742357845,-1.8362790071906523
521,14.859930715935336,176.23671249572197,179.2695433128664,-1.8299733327131786
522,14.888452655889147,177.32784025465622,178.17957535666787,-1.8428222686742615
523,14.916974595842957,176.02806007152867,177.10592426263898,-1.844220751019615
524,14.945496535796767,175.48059594760704,177.72222864824664,-1.8342685959230052
525,14.974018475750578,176.7147140925364,177.77047311843802,-1.8244955283870572
526,15.00254041570439,176.51617225409223,177.79327740957598,-1.834072660708054
527,15.0310623556582,176.22001015935393,173.56640576771414,-1.831226417640884
528,15.05958429561201,176.3456955182162,172.0510263537691,-1.828827389138749
529,15.08810623556582,,,
530,15.116628175519631,145.22623359780943,141.9978203354553,-1.2485678938987221
531,15.145150115473442,137.09686004932996,158.48048476394715,-0.08542735371364285
532,15.173672055427254,28.883500028094268,155.0463563285656,-0.18165228922981472
533,15.202193995381064,,,
534,15.230715935334874,158.86280921737014,171.16252256783878,-1.7219694780889194
535,15.259237875288685,144.06766285863816,149.51088853934556,-1.7211397678498628
536,15.287759815242495,155.1281169122059,162.79178182373857,-1.7635594481526136
537,15.316281755196306,156.64943064042342,167.80331660993932,-1.7175566137488538
538,15.344803695150116,162.09450198679176,161.79950145177062,-1.7472865630416192
539,15.373325635103928,158.64321603609872,175.013531534965,-1.7436387081511686
540,15.401847575057738,165.12558970709387,168.05893098330432,-1.7122357417771785
541,15.430369515011549,125.42963073152424,169.52545058616113,-1.3665586466361264
542,15.458891454965359,128.88002038363675,173.13059472312523,-1.4222530169591963
543,15.48741339491917,164.28694504668624,174.51878068047438,-1.6959880402586685
544,15.51593533487298,170.3467150816111,179.89945809184402,-1.7957418418066189
545,15.54445727482679,169.29065263134575,175.79489757968426,-1.7983336411624387
546,15.572979214780602,169.79168104049546,177.211292066421,-1.8555812084921677
547,15.601501154734413,169.88104676155288,165.87786235982216,-1.865212918950423
548,15.630023094688223,172.96898615098195,171.2543466170939,-1.810318573641386
549,15.658545034642033,167.64290011805056,169.8119057833899,-1.8045182637693775
550,15.687066974595844,165.8006899648264,169.1737376515995,-1.849128249223786
551,15.715588914549654,164.4179700754238,165.16862240174527,-1.8367811915804126
552,15.744110854503466,165.09021546335924,158.24534726403672,-1.8532546964420908
553,15.772632794457277,163.44570095834825,157.63058132574147,-1.8156446108757582
554,15.801154734411087,165.0244827244026,163.90064034274116,-1.8277618874045423
555,15.829676674364897,159.6836105611265,163.47185608979717,-1.7923444490589457
556,15.858198614318708,162.48153586426227,163.15197850875705,-1.8654807810330651
557,15.886720554272518,170.42875331595963,164.38419045448614,-1.9643750693582598
558,15.915242494226328,165.15864863404258,172.0234001089906,-1.9615952663616858
559,15.94376443418014,169.47368583616563,167.20146604361662,-2.136560616404913
560,15.972286374133951,177.34740142002426,149.8742619973092,-1.969833744698205
561,16.00080831408776,177.14100613673392,162.79313415525866,-2.0277941872144876
562,16.02933025404157,168.16829757341483,174.81640493305932,-1.7483330628450462
563,16.057852193995384,124.70748844445225,100.7487093917761,-1.3125171456676232
564,16.086374133949192,112.56833030999528,149.50542842939535,-1.236907103467945
565,16.114896073903004,69.03227880914925,175.73763558070675,-0.8508992139759353
566,16.143418013856813,51.79906385605231,171.09732009339297,-0.6858237105421364
567,16.171939953810625,71.6033869347491,175.94649164293813,-0.8989193875102546
568,16.200461893764434,38.41380625019349,165.9427698738116,-0.6313924252837922
569,16.228983833718246,34.59495836076421,167.40483066739097,-0.6934827460610669
570,16.257505773672058,27.732297741735206,167.9913798297986,-0.7007470647974194
571,16.286027713625867,21.21847727107946,168.37526951160336,-0.6270583455871066
572,16.31454965357968,4.285809446014441,164.62706410252767,-0.5961709839260362
573,16.343071593533487,18.661344839082645,158.61245192155124,-0.5153955746878357
574,16.3715935334873,59.32509889682812,147.18276812795835,-0.5518511095103411
575,16.400115473441108,16.266342806298308,175.16441636411625,-0.6183733525935994
576,16.42863741339492,50.00971053513925,155.303225639262,-0.8941752312982929
577,16.457159353348732,65.68044609959018,114.98244738641922,-0.9411280605351806
578,16.48568129330254,82.1545928524871,136.26269242134026,-0.9908119330501574
579,16.514203233256353,38.563535111190625,151.94136943919534,-0.7537107953186816
580,16.54272517321016,17.140850034643066,170.9080132292173,-0.697706294136913
581,16.571247113163974,58.60577495551131,149.24934987226678,-0.7055660772547083
582,16.599769053117782,13.508949179755675,176.7301704005591,-0.6994354399031729
583,16.628290993071595,59.78400363373282,163.69256776861278,-0.7714851586723651
584,16.656812933025407,18.283330631504253,173.33028759136855,-0.18649384590079146
585,16.685334872979215,26.43254206675062,163.8855998787458,-0.2250441080651007
586,16.713856812933027,21.442962232183127,161.12746920203122,-0.21284667692039827
587,16.742378752886836,33.30310884702744,158.3004280500335,0.18492155081206446
588,16.770900692840648,9.736746397748426,153.09593978274316,0.16116701499612116
589,16.79942263279446,16.04400304400212,175.3790288655931,0.26108471478989564
590,16.82794457274827,5.835836819678012,169.71360448211337,0.03442292082657235
591,16.85646651270208,39.29184909201768,166.16344463564275,-0.4763501111477812
592,16.88498845265589,10.537991460386182,177.85976105770413,-0.016165163628642676
593,16.9135103926097,40.89981167700507,168.96804901084613,0.5401494425993256
594,16.94203233256351,1.160231466231445,151.3534732641662,0.24257150749929784
595,16.970554272517322,21.0607530598965,37.63132285271668,-0.0859873862750858
596,16.999076212471135,177.9465647006965,173.03459751618666,-1.4411578142636972
597,17.027598152424943,160.51325446070726,69.71625815454564,-1.1270084849684718
598,17.056120092378755,171.3763140603104,27.096936076605115,-1.3312033646159416
599,17.084642032332564,174.93805526242454,139.30178432712304,-1.5608004372782212
600,17.113163972286376,155.09265077128273,143.4024086960303,-1.4108292162152982
601,17.141685912240185,151.81775626499712,149.74011501460083,-1.5202806020572808
602,17.170207852193997,159.73490303048774,144.2314319606548,-1.4153356216980364
603,17.19872979214781,149.84919269644217,161.91688881048424,-1.2698707517364083
604,17.227251732101617,117.1781080975761,116.08772528634108,-1.020230307191613
605,17.25577367205543,121.01435347404589,116.80152524433844,-1.1302683703840684
606,17.284295612009238,163.97426835188088,172.40949000414327,-1.8235105803931695
607,17.31281755196305,170.986253532918,153.2634419675056,-1.5334966807763768
608,17.34133949191686,177.2433147202988,175.04743241894238,-1.3889779335965837
609,17.36986143187067,155.72553941386658,174.8031255834729,-1.282752141480257
610,17.398383371824483,176.37604450602936,7.742088764913212,-1.1197002316311828
611,17.42690531177829,137.8041773132966,108.80406664849795,-0.7877106755938269
612,17.455427251732104,124.10343712382698,100.86782772461389,-1.0066047940185796
613,17.483949191685912,103.52693027005752,130.01842779942265,-0.8735170322104595
614,17.512471131639725,114.8037562258085,128.74139687555393,-1.0117182368368784
615,17.540993071593533,91.15372810186533,123.30268191137161,-0.8042579225249625
616,17.569515011547345,24.23656364496167,168.78403837469236,-0.7200890798796825
617,17.598036951501157,16.627647756866335,172.046482288692,-0.5047288007447068
618,17.626558891454966,47.18206697426372,156.3110984228331,-0.329970581892225
619,17.655080831408778,42.37457576819331,176.1959685513116,-0.48548525825256356
620,17.683602771362587,64.19181781285388,164.47538935915944,-0.5091026498366658
621,17.7121247113164,2.5789109489314037,175.53018460710018,-0.31649187446239874
622,17.740646651270207,15.66767371530625,178.82497551680257,-0.41519142966423384
623,17.76916859122402,36.41993234236642,163.81978144712866,-0.3280075283608275
624,17.79769053117783,4.68087525242591,171.36966364544065,-0.049460372887751805
625,17.82621247113164,2.407632251286703,174.34943791612181,0.05802681231496695
626,17.854734411085452,4.381141773561453,168.09875148608523,-0.11296506270166536
627,17.88325635103926,55.06972081058972,149.27133923603463,-0.734944838775748
628,17.911778290993073,166.6891862430652,172.50525121662423,-2.2347930182870352
629,17.940300230946885,150.19692127335014,165.10888630424344,-1.9542624984115693
630,17.968822170900694,161.46109246983045,2.4681044725576293,-1.5487125572251903
631,17.997344110854506,133.50052086662407,160.07752825684264,-1.518241974534677
632,18.025866050808315,122.46378862024478,132.41127849476578,-0.8704837357213624
633,18.054387990762127,,,
634,18.082909930715935,151.01027904737103,160.56801981972632,-1.5848535573739522
635,18.111431870669747,160.0565717753646,173.49470864053598,-1.562424303603516
636,18.13995381062356,177.53023092848787,174.11632151264504,-1.5700538746982002
637,18.168475750577368,164.57060047278318,172.78332925967266,-1.439138882341701
638,18.19699769053118,50.168658019545084,178.61009167031844,-0.6804636085906476
639,18.22551963048499,129.08922583059552,142.0551859295922,-1.244210016045969
640,18.2540415704388,165.07036075083604,163.41856521070738,-1.3912773612046792
641,18.28256351039261,168.43003979567806,170.11960389702048,-1.4240097148087139
642,18.31108545034642,178.14225105372506,173.41729846285656,-1.2815997278437945
643,18.339607390300234,,,
644,18.368129330254042,,,
645,18.396651270207855,,,
646,18.425173210161663,,,
647,18.453695150115475,,,
648,18.482217090069284,47.302626337796376,178.65458093809843,0.08299308747330919
649,18.510739030023096,82.59088913728607,144.12258000727223,-0.49919529477211205
650,18.539260969976908,117.03510204266816,154.16578102110367,-0.6209803776590808
651,18.567782909930717,116.89014517637453,145.4835139100203,-0.8309310688998011
652,18.59630484988453,131.96544944429584,156.22793196594642,-0.736853425411659
653,18.624826789838338,106.96137095088665,149.07240941064688,-0.7332597378338022
654,18.65334872979215,,,
655,18.68187066974596,144.47128793835608,133.95174546098795,-1.5965152519640204
656,18.71039260969977,74.44163513505491,172.0459271974776,-0.5151351385215869
657,18.738914549653582,122.72716816174307,158.42243719554693,-0.4181587679999903
658,18.76743648960739,131.17664240065534,133.98362925448654,-0.7417416333973377
659,18.795958429561203,147.07384158363075,102.05041467560764,-0.9272828822506505
660,18.824480369515012,89.5670226869949,94.21024125409848,-0.5579919298110111
661,18.853002309468824,3.1357267174823504,179.18967018730586,-0.503719963828652
662,18.881524249422633,,,
663,18.910046189376445,179.07776558234897,179.1607226228364,-1.6850352393374408
664,18.938568129330257,162.88173521477526,163.728636618635,-1.5971946859228185
665,18.967090069284065,176.75975753726763,141.46288441585443,-1.2391481490602445
666,18.995612009237878,130.86975626040422,114.46758163021379,-1.1229011919932135
667,19.024133949191686,115.47382978212488,179.45830251212607,-1.265885903142079
668,19.0526558891455,145.0774544427891,150.6659508311673,-1.3520165641305668
669,19.08117782909931,145.16453376425164,116.56498494595048,-1.3594937600775925
670,19.10969976905312,135.84202641781684,129.1478734372496,-1.363130641937349
671,19.13822170900693,131.4729138736369,127.49316019903935,-1.3170550512326902
672,19.16674364896074,140.7551952768416,141.62584504632213,-1.315679081494096
673,19.195265588914552,151.53493450800872,112.1224339973348,-1.388801724718101
674,19.22378752886836,148.2244203287526,157.76911221658332,-1.3220449726361108
675,19.252309468822173,80.47402762103043,178.31682438069885,-1.3296379753117122
676,19.280831408775985,12.155331619329226,175.1288694853745,-0.3542467861641073
677,19.309353348729793,40.6300616671991,152.23959376512877,0.11586540977837417
678,19.337875288683605,114.04116135830297,118.55148261829073,-2.9269469356774085
679,19.366397228637414,121.6588724962378,153.3715772579454,-1.7152861957053607
680,19.394919168591226,94.65882780574728,159.84144971718203,-1.2019724245756742
681,19.423441108545035,87.73960948418065,168.04338254756976,-0.9504848838367211
682,19.451963048498847,30.91101192002544,161.26669924374463,-0.7002212258214321
683,19.48048498845266,59.41179413923723,159.3489845885809,-0.8238226180774383
684,19.509006928406468,71.06249847746041,150.86115204092732,-0.9363518734639062
685,19.53752886836028,60.19699033491083,157.9031292763737,-0.84920236043619
686,19.56605080831409,12.529669876146738,170.5477134803999,-0.5368455599994802
687,19.5945727482679,35.08643346995867,143.14490706768092,0.6242152728987342
688,19.62309468822171,162.05374729045207,178.11231994445654,-1.0290834692986497
689,19.65161662817552,131.92185736187076,169.04528727119782,-0.5563831364360261
690,19.680138568129333,107.80607437105898,160.65383618623994,-0.4552387958177115
691,19.708660508083142,109.39588739978662,164.72319112183973,-0.6040684314039109
692,19.737182448036954,99.44092187658252,179.14124947066938,-0.8028587090102483
693,19.765704387990763,103.66848124502133,175.00714807761653,-1.0385407370031166
694,19.794226327944575,109.6747411509034,173.61551952120908,-1.1486392830047234
695,19.822748267898383,123.66052097209635,147.35032496449892,-1.5118426421552211
696,19.851270207852195,170.44734756991897,160.25108073737997,-1.550591536631323
697,19.879792147806008,162.5594260419788,135.01596754366258,-1.499190984421879
698,19.908314087759816,141.26289291693905,138.31059257161598,-1.323865666048548
699,19.93683602771363,142.27010507108497,160.80352425784324,-1.1409283420608818
700,19.965357967667437,122.19282910490185,171.2374900269518,-1.2480606349218133
701,19.99387990762125,90.60360524520766,176.20131190628535,-0.9255076009666027
702,20.022401847575058,76.45349286995929,173.8372344986226,-0.8609468638651554
703,20.05092378752887,75.41897955887787,172.1574737871887,-0.8306446518980672
704,20.079445727482682,79.6524412290795,175.2848176007252,-0.8486505386072908
705,20.10796766743649,78.62140234895175,175.74888102825568,-0.835410035962255
706,20.136489607390303,85.15674571836534,158.6317430435045,-0.987075886107142
707,20.16501154734411,95.22780057907022,155.08054472197279,-1.2500438016089295
708,20.193533487297923,99.15962756934628,154.11981725929118,-1.3510679359560742
709,20.222055427251732,88.89057010919018,173.21660885135924,-1.2834476625200444
710,20.250577367205544,137.1038797807966,141.05931828508017,-1.428224645802628
711,20.279099307159356,142.00672329451842,136.7390421760199,-1.357739121271383
712,20.307621247113165,104.6998072948248,105.49300746629291,-1.2430170667839304
713,20.336143187066977,79.95233574106115,134.29299996054922,-1.026191545004229
714,20.364665127020785,75.28484790902078,138.84493515191633,-1.0094498880527676
715,20.393187066974598,149.4330313096748,155.00769403405803,-1.436915656095378
716,20.42170900692841,161.1230297272764,172.9280997547403,-1.383821370314927
717,20.45023094688222,150.0241832846538,154.07694269113728,-1.4720657986103647
718,20.47875288683603,151.01135194014327,150.84776045330634,-1.5121188410085031
719,20.50727482678984,139.70015980713166,160.87609201830853,-1.5797384817142601
720,20.53579676674365,127.6823286545071,158.25675478587604,-1.5056100997273427
721,20.56431870669746,105.93974134999837,152.41861320809224,-1.3738022680549598
722,20.592840646651272,93.47571431301567,148.71127055191727,-1.3386844552790889
723,20.621362586605084,87.302097292922,149.58890252243344,-1.2812445101838559
724,20.649884526558893,85.87714921022838,145.011081920825,-1.3165260670852028
725,20.678406466512705,86.06613859263827,152.02593367323288,-1.2996790459688699
726,20.706928406466513,82.15899420198076,160.49194379116653,-1.2792164615592598
727,20.735450346420325,86.17597994362532,165.0651400794532,-1.2689611343524205
728,20.763972286374134,94.93480707340328,160.79826751027164,-1.2914245465434553
729,20.792494226327946,108.49856156562126,155.9021071082979,-1.401645047604783
730,20.82101616628176,,,
731,20.849538106235567,,,
732,20.87806004618938,,,
733,20.906581986143188,,,
734,20.935103926097,,,
735,20.96362586605081,,,
736,20.99214780600462,,,
737,21.020669745958433,,,
738,21.04919168591224,,,
739,21.077713625866053,,,
740,21.106235565819862,,,
741,21.134757505773674,,,
742,21.163279445727483,71.72863012471255,164.67097030740146,2.8992925446829507
743,21.191801385681295,15.482444815615688,167.49249742368997,1.5891246987641048
744,21.220323325635107,,,
745,21.248845265588916,179.08792474860263,173.66984138296206,-2.2054924052437954
746,21.277367205542728,129.99908798760052,170.0048378454999,-2.1927132404854697
747,21.305889145496536,47.46628273330022,177.34542148771476,-0.5162135592215682
748,21.33441108545035,48.160307606794156,177.6845255725021,-0.6376664787579458
749,21.362933025404157,46.83893075405839,179.00132303259014,-1.0547343066979324
750,21.39145496535797,69.61318568166575,176.05931627516304,-3.088839942474116
751,21.41997690531178,146.25935247505828,176.83952372335548,-8.41566269448174
752,21.44849884526559,,,
753,21.477020785219402,98.97818348119849,175.0513582721949,-1.7999891265818668
754,21.50554272517321,113.76566401072209,179.46026913511565,-4.888575939228634
755,21.534064665127023,72.36225426607045,172.90241972023534,-3.6893524961663946
756,21.562586605080835,127.10041577698163,173.90182227904427,-2.449021260929841
757,21.591108545034643,134.8557290488043,168.12271036110937,-2.170618144876884
758,21.619630484988456,102.62496457530597,175.5094977809843,-2.0942460467247312
759,21.648152424942264,56.953023516831216,173.6960035983025,-2.490611524425337
760,21.676674364896076,112.65151868248907,177.95037716347042,-2.1318379815984456
761,21.705196304849885,,,
762,21.733718244803697,133.26226875315322,175.99535820450316,-1.3982358381643154
763,21.76224018475751,163.3621615936457,178.29909014595916,-1.5841015582621398
764,21.790762124711318,171.5975537144559,172.15528962308844,-1.7487612538119557
765,21.81928406466513,161.91748083882266,172.2192441078167,-1.7930192312509188
766,21.84780600461894,151.78619213232952,175.9832254550101,-1.8619020223849212
767,21.87632794457275,149.57172291287185,179.0868996841995,-1.8267661180307366
768,21.90484988452656,147.41608579465736,175.8501662349828,-1.786012352350236
769,21.93337182448037,146.4652816166568,179.2023512350962,-1.7148393273360647
770,21.961893764434183,143.8725907564496,179.54151316315392,-1.7148644515233549
771,21.990415704387992,143.12519942460526,171.29304932376286,-1.7263673779666107
772,22.018937644341804,144.7552245432354,165.63506889130892,-1.7024740416169586
773,22.047459584295613,146.0302723717887,163.71679236338778,-1.713401271687037
774,22.075981524249425,144.5385461169196,160.094511274113,-1.717519558798195
775,22.104503464203233,147.0313620961327,159.50149674307167,-1.7567575318009663
776,22.133025404157046,149.15755318283743,158.6657235204266,-1.8361246671485043
777,22.161547344110858,151.40090234465245,156.0594739479629,-1.9180348686502957
778,22.190069284064666,152.73728216663025,161.39711592647598,-1.9564717520857027
779,22.21859122401848,154.61366704907132,164.62000066053525,-1.872079054595667
780,22.247113163972287,158.25882728213406,156.83647946592544,-1.9320759732076245
781,22.2756351039261,155.96922123210481,165.78551547637073,-1.9337421332345341
782,22.304157043879908,158.2355424882774,165.2395758233249,-1.8570630862025008
783,22.33267898383372,159.22564457344592,166.27594832548726,-1.8185352001034336
784,22.361200923787532,159.67389763331263,165.3196145188364,-1.7756912087304728
785,22.38972286374134,163.59749955491702,172.2991233522719,-1.2889427959184125
786,22.418244803695153,109.12754159447219,179.92668933195975,-0.9359928251139167
787,22.44676674364896,177.7881948470633,160.4839209391387,-1.128911189665151
788,22.475288683602773,94.41401706890917,160.91569833997374,-0.8992008087990782
789,22.503810623556582,175.9050550479696,172.6234493969555,-1.0998994315983655
790,22.532332563510394,166.20241050757392,168.024911065933,-1.0189297437822584
791,22.560854503464206,72.34451828611586,66.88562065315439,-0.9274991162294167
792,22.589376443418015,80.93618981715902,139.65625677026853,-0.6873047938930783
793,22.617898383371827,103.26275790297706,118.87182552801946,-0.8124621337138399
794,22.646420323325636,47.81208792808919,146.38332674172713,-0.5249260254574456
795,22.674942263279448,45.64665083688317,158.26836408828697,-0.42391493405656844
796,22.703464203233256,56.64742941167664,150.33747091506345,-0.5340305227917543
797,22.73198614318707,42.906029101137506,141.20791719115462,-0.34418684298717467
798,22.76050808314088,65.91215711166006,160.89277515112013,-0.5021670314197269
799,22.78903002309469,56.23532251273308,99.64244194333394,-0.6649771480057685
800,22.8175519630485,99.61454766838015,158.24926643267042,-0.8971434981518719
801,22.84607390300231,125.72609527268806,170.50855644426687,-0.993129764236652
802,22.874595842956122,69.52828413593546,154.8290664844095,-0.6313802660985872
803,22.903117782909934,84.90336544522462,148.91496056829976,-0.5795348932770251
804,22.931639722863743,75.51900002183848,157.87543215105208,-0.5530113611726222
805,22.960161662817555,39.70943907156737,168.94192917316377,-0.6139179285205173
806,22.988683602771363,73.6905033995981,149.32728603287842,-0.9235462710990677
807,23.017205542725176,103.34899407579296,170.18181491731792,-0.9539889311340446
808,23.045727482678984,165.23200466601958,166.61411939926376,-1.2407344130458082
809,23.074249422632796,161.3366717363135,148.40852451847516,-1.9182484267772288
810,23.10277136258661,157.12548829683777,148.19714245054038,-1.9657318062422853
811,23.131293302540417,103.91225375535764,149.96569867592163,-1.2917339985510867
812,23.15981524249423,162.51768253752132,150.09025501043072,-1.72779143647778
813,23.188337182448038,153.26998548488444,160.46228695382538,-1.8081621021194152
814,23.21685912240185,152.380630604196,174.60403131634834,-1.8018555370511566
815,23.24538106235566,148.4535958542057,168.66510487618854,-1.9904265284110103
816,23.27390300230947,153.82088594037475,165.73111408745075,-1.9609408364002636
817,23.302424942263283,152.90048549792468,164.15247407413116,-1.9057490035674534
818,23.33094688221709,174.90013630105997,173.06488770472708,-1.8116206948409241
819,23.359468822170903,120.83449441312771,153.26386797407298,-1.095491208493787
820,23.387990762124712,113.32443744426516,172.28646050992774,-1.1006325617761563
821,23.416512702078524,136.41294227714036,179.23672232199883,-1.323866262962557
822,23.445034642032333,174.95663898664023,0.7513396944122159,-1.0334204445600017
823,23.473556581986145,100.52284590270249,87.97577245523624,-1.0225146152461522
824,23.502078521939957,52.69868413459743,130.28693965711392,-0.8376027297730552
825,23.530600461893766,34.57175744545322,173.13784079072417,-0.7800847907299139
826,23.559122401847578,164.34138873786958,130.4358817666977,-1.4530246642002917
827,23.587644341801386,155.22446454669938,126.72988576720951,-1.4945341241148218
828,23.6161662817552,129.56885619160198,117.0848636362598,-1.697131581521475
829,23.644688221709007,126.83012683726113,116.80241455530077,-1.5821600753168372
830,23.67321016166282,122.38644664170822,135.8862488973438,-1.6160112675640144
831,23.70173210161663,101.4605004941552,164.8860658798249,-1.3903937466593956
832,23.73025404157044,121.1840597769609,163.01093303366227,-1.7133077820878369
833,23.758775981524252,121.9344128897222,163.8107781586338,-1.6669540125997122
834,23.78729792147806,137.1029565854052,157.45132052810027,-1.651612516155677
835,23.815819861431873,156.27183586640692,142.1088751809404,-1.7787658819871475
836,23.84434180138568,167.22918180888524,139.5699103716581,-1.92514795215968
837,23.872863741339494,159.40868751553325,145.7873898279979,-1.8222403227601716
838,23.901385681293306,109.86879747715663,156.14889523297805,-1.3538469325168287
839,23.929907621247114,105.99376884167177,171.09087529739006,-1.2697812929194485
840,23.958429561200926,114.14142830607615,165.57170962352689,-1.42400080463205
841,23.986951501154735,121.32141495095321,166.9522781040628,-1.4359516109353692
842,24.015473441108547,108.29988238617405,156.33149963850664,-1.3121197999200354
843,24.04399538106236,128.89428950784148,161.81260836319845,-1.3595859803883565
844,24.072517321016168,123.7094076901603,166.7158814687681,-1.2721704038096948
845,24.10103926096998,122.93451637052911,168.7728603560623,-1.1941891051957678
846,24.12956120092379,132.67319558094147,160.56499584791587,-1.2476158089891836
847,24.1580831408776,137.08883342654863,164.2450539719489,-1.2658868472953688
848,24.18660508083141,143.14334204687327,165.99790365376225,-1.2728030474717096
849,24.21512702078522,143.29889356740938,152.0325450794174,-1.4288502413769515
850,24.243648960739034,148.49823132310163,161.46001170826943,-1.43314274761684
851,24.272170900692842,126.77295402650189,163.72252192563386,-1.3813141432146474
852,24.300692840646654,127.36865310420782,166.66122003311705,-1.3462983079804853
853,24.329214780600463,149.10460762831667,135.64852525671898,-1.460660584898042
854,24.357736720554275,139.44558562126343,156.96353631700381,-1.5275520948998715
855,24.386258660508084,152.49214718575382,137.6553563799031,-1.4503972391238524
856,24.414780600461896,164.84270317955375,158.87008132797635,-1.6107639997290835
857,24.443302540415708,95.60345212833141,154.87738685040466,-1.0399316000610495
858,24.471824480369516,119.80671577051992,149.6836777965297,-1.1577496074849873
859,24.50034642032333,160.37941789535998,167.06332352839556,-1.6209102860882432
860,24.528868360277137,148.71848085666053,178.63841429279424,-1.598531247589602
861,24.55739030023095,164.7264145509682,176.04474257452677,-1.6359958870758358
862,24.585912240184758,151.78917006496337,178.84240894429186,-1.8517707463504696
863,24.61443418013857,156.93084828746834,177.79499400419243,-1.9769253303019498
864,24.642956120092382,135.46224105380065,178.36743390408225,-1.7174612653712849
865,24.67147806004619,118.59518986802293,163.13100072457263,-1.459117567828961
866,24.700000000000003,14.492845373530567,165.0825460310617,-0.326139466921177
867,24.72852193995381,13.99481987551556,159.7762997760761,-0.3770390872074063
868,24.757043879907624,13.276262781709585,166.32739455312637,-0.36237407504041774
869,24.785565819861432,155.44879722518013,153.0830407950831,-1.1204061237414908
870,24.814087759815244,156.49629378865447,178.48001925168236,-1.576520165156406
871,24.842609699769056,161.4983505475994,159.8068152011823,-1.4541162718212572
872,24.871131639722865,161.9400808229181,162.86776536746615,-1.5192386451540185
873,24.899653579676677,161.42394943611077,161.9219405032074,-1.4992768443928506
874,24.928175519630486,164.309407042984,160.53911067538527,-1.4262441878803727
875,24.956697459584298,169.29950788447516,147.38672634506767,-1.425478112594447
876,24.985219399538106,167.79868566201586,159.18069731999347,-1.446282502267437
877,25.01374133949192,167.8126660956191,161.86133711085068,-1.4407652373821052
878,25.04226327944573,167.43228314206402,165.43734499162085,-1.4741957227052394
879,25.07078521939954,163.43694351928747,165.91244096440226,-1.5600482483883256
880,25.09930715935335,160.32036466825772,164.1418373237606,-1.6897378873070201
881,25.12782909930716,160.14336116994198,155.40923896871553,-1.7622360520790603
882,25.156351039260972,156.44384979029854,164.4462425967251,-1.7273880483455024
883,25.18487297921478,156.94269182586075,162.1669293910751,-1.8096017941171245
884,25.213394919168593,160.57593582028952,166.94935410807454,-2.002968587489138
885,25.241916859122405,157.63831401965982,165.6268668121954,-1.9613364713307346
886,25.270438799076214,147.18736267706737,174.2270121996654,-1.6660630087765516
887,25.298960739030026,148.49433577098625,165.5073797221343,-1.6013553436763448
888,25.327482678983834,150.2519652472535,156.7423286675732,-1.5400173436870528
889,25.356004618937646,15.653419872383378,154.87781774838564,-0.6456859665202761
890,25.38452655889146,3.8010731091586503,165.72145380184435,-0.5622764839774391
891,25.413048498845267,1.8717529738479097,167.30535990557195,-0.39615321038256873
892,25.44157043879908,7.454042946115146,156.47622138148606,-0.5762328218330176
893,25.470092378752888,1.0927491038559494,165.88507630711325,-0.4284234964640841
894,25.4986143187067,2.2677578404282017,162.72262923817732,-0.362323862044795
895,25.52713625866051,0.043769575068674835,162.26449081689825,-0.40210417726771974
896,25.55565819861432,3.0885129777005464,179.39560683072042,-0.37827653334807615
897,25.584180138568133,5.700784081203037,169.04418200399408,-0.3831380445440176
898,25.61270207852194,158.3864312475189,167.4721845385018,-1.806336640005736
899,25.641224018475754,162.48075910145653,166.42528597369193,-1.7157613758412187
900,25.669745958429562,166.53988313547103,68.16237832254117,-1.5183208335424407
901,25.698267898383374,165.28563719991212,143.98860730586924,-1.6201335334091818
902,25.726789838337183,167.96810029206046,147.64980337590802,-1.6121443855044728
903,25.755311778290995,168.42131919139942,147.05320997169144,-1.6815321982922107
904,25.783833718244807,169.0800810485476,149.93774547620913,-1.6618080660725114
905,25.812355658198616,171.4091349696018,147.39577427380908,-1.689561095814308
906,25.840877598152428,169.0757988232897,155.75180878723407,-1.6967539786445536
907,25.869399538106236,168.7733501320712,156.65066568218106,-1.7302841835625795
908,25.89792147806005,165.76605627852396,155.05518836176594,-1.7696761645303027
909,25.926443418013857,167.615062438928,157.16885645318192,-1.7444972238207281
910,25.95496535796767,165.8840853375621,154.91012048504982,-1.7746781430469625
911,25.98348729792148,161.78707267490168,166.18560355299405,-1.7359526696752796
912,26.01200923787529,161.69803437451935,165.85407579399168,-1.697371861193984
913,26.040531177829102,160.4270688034286,165.86644700891296,-1.7351197966321044
914,26.06905311778291,153.0883423178924,168.49654355842736,-1.6806155015483115
915,26.097575057736723,155.64205946173465,169.7910391855484,-1.6989581622837795
916,26.12609699769053,148.64728530566322,173.1299684518887,-1.6437284384471365
917,26.154618937644344,143.21967376535125,171.26157271924507,-1.5991860557402167
918,26.183140877598156,133.82638131205195,127.84178418313971,-1.441606627486967
919,26.211662817551964,115.89638587566232,148.9145970842008,-1.4286058915084148
920,26.240184757505777,114.29519335504746,147.9271524587738,-1.4419698619968102
921,26.268706697459585,102.18455731320566,154.24990423193097,-1.3283435518021358
922,26.297228637413397,81.34511815865748,148.47279096089454,-1.1287862289286839
923,26.325750577367206,86.84958319525145,145.01190246376345,-1.162369556127644
924,26.354272517321018,81.21137240589886,148.59312234373073,-1.1168786892840135
925,26.38279445727483,62.10351708768547,160.77730154657763,-0.8876344697217519
926,26.41131639722864,62.173358084057575,160.70793402697805,-0.8810960688137621
927,26.43983833718245,50.52958061081355,166.27642517064768,-0.7247014198959836
928,26.46836027713626,44.27404446028984,156.90006879132787,-0.6004148262337676
929,26.49688221709007,41.979146468379625,167.0583655284979,-0.5867224360174137
930,26.525404157043884,36.2939802599214,160.08635120319792,-0.5069906947084942
931,26.553926096997692,36.3118782183313,154.82280832477466,-0.5115106061821219
932,26.582448036951504,36.83078443665537,170.57038480298604,-0.4744520008410039
933,26.610969976905313,36.38879106519182,170.96615729329812,-0.492718846771999
934,26.639491916859125,35.32175602910387,153.60986546327402,-0.4443973130217937
935,26.668013856812934,36.86983578711425,163.7461153764737,-0.4255856993652353
936,26.696535796766746,34.49055705973951,164.31138341758378,-0.3988340569676301
937,26.725057736720558,34.05475462549305,166.49898405014244,-0.3577559290921173
938,26.753579676674367,35.958417878276585,167.95567549579894,-0.3703509325376715
939,26.78210161662818,34.06505437210547,167.1162124834598,-0.3907006815121337
940,26.810623556581987,35.626673357877934,161.18744928420304,-0.4012530141587173
941,26.8391454965358,34.30862704762209,169.8853388903237,-0.4099003474620606
942,26.867667436489608,31.490745490186967,171.81752589139566,-0.41022270233490554
943,26.89618937644342,30.914887521293686,170.00092643415707,-0.43038639238734827
944,26.924711316397232,30.70249234517428,169.19953136177685,-0.42931987023249873
945,26.95323325635104,34.71555877291749,167.34242714281046,-0.49702525727984126
946,26.981755196304853,38.2758872568553,166.10594133230674,-0.5518974843695114
947,27.01027713625866,37.21442539133064,173.51768120335794,-0.5513321292385517
948,27.038799076212474,40.73396889204356,171.5848741315448,-0.6059549917690671
949,27.067321016166282,47.37742955140678,164.7259412705155,-0.6923243545228053
950,27.095842956120094,47.88448003560259,159.66974821463998,-0.703743925584617
951,27.124364896073907,54.4067807711448,159.10015893305876,-0.7735106086390153
952,27.152886836027715,57.34897771948121,155.04523339043402,-0.803595614103039
953,27.181408775981527,60.35225137761702,154.55137346056458,-0.8378446156919471
954,27.209930715935336,68.55576621855657,154.7434093565575,-0.9200420610047993
955,27.238452655889148,73.57628214038999,149.5117303776789,-0.9727400329924054
956,27.266974595842957,81.61496325988716,154.1809025449794,-1.053779301190534
957,27.29549653579677,99.41571530815557,146.93040480036427,-1.2145035049874557
958,27.32401847575058,100.46953378479728,151.83673902137338,-1.21890188538905
959,27.35254041570439,101.41852368368113,156.30601456432981,-1.2282928529157546
960,27.3810623556582,111.16672925243549,152.86958805314143,-1.2855471647262742
961,27.40958429561201,111.71338890547152,145.8449349325164,-1.286227776343647
962,27.438106235565822,117.48334649489473,152.28620866583367,-1.369776134375515
963,27.46662817551963,120.3380766852764,154.54595710132412,-1.421940628668492
964,27.495150115473443,121.28435451910474,152.09688575610605,-1.4521248743303494
965,27.523672055427255,123.7293231982667,155.21582737740198,-1.4443753032678832
966,27.552193995381064,127.55883017639731,156.10112740927556,-1.4827498021432703
967,27.580715935334876,129.02544036805267,156.84418751312424,-1.492130671583502
968,27.609237875288684,127.6513921569732,156.58120954597365,-1.4844874680707827
969,27.637759815242497,125.44192485207809,158.07444118077424,-1.4820463341074166
970,27.666281755196305,119.30127665603784,158.87366829963545,-1.415499543085218
971,27.694803695150117,109.47570964203861,162.3144228679139,-1.3265945250255664
972,27.72332563510393,106.08415465619059,162.54776129274205,-1.3251922444893414
973,27.751847575057738,102.68853525644855,161.40279217860544,-1.3135962118560751
974,27.78036951501155,99.86772329067828,162.55289218793766,-1.2807710146378557
975,27.80889145496536,98.76767404467351,160.9154204775225,-1.2686365120052185
976,27.83741339491917,93.54989802633311,164.76618479696856,-1.1942958940793362
977,27.865935334872983,,,
978,27.89445727482679,126.6072081654112,172.40203648756696,-1.4858142764486582
979,27.922979214780604,19.157930230774998,163.12306449985164,3.86778494166655
980,27.951501154734412,41.99543930862424,158.059633305687,3.707139506046785
981,27.980023094688224,19.25738822330688,176.8076037991131,2.8342271397785184
982,28.008545034642033,4.681330878476664,170.518131238166,1.546948502559357
983,28.037066974595845,4.758144134983801,177.26978971353964,2.6456995219412622
984,28.065588914549657,11.712153270380387,175.90879219571116,7.284064062541796
985,28.094110854503466,120.94484535170511,170.72427870713213,25.75081501378915
986,28.122632794457278,79.87008940258409,173.19277200024635,18.543643866126168
987,28.151154734411087,97.97282019588906,174.5111782538958,10.884254817728124
988,28.1796766743649,53.10795297567984,169.19337433282075,16.920889228047574
989,28.208198614318707,58.306132477133374,168.44394675077314,8.052012725995112
990,28.23672055427252,41.769670713308756,168.30307994214556,1.4535951567684169
991,28.26524249422633,43.280738027769964,162.76173903283023,0.3090408022118889
992,28.29376443418014,45.086474154348814,168.7787640511235,-0.11467087568498238
993,28.322286374133952,64.68471102705405,156.759552595979,-0.614562321050627
994,28.35080831408776,168.23583303012532,168.08874977808676,-1.8278550972896266
995,28.379330254041573,170.95394001720334,167.48977760856377,-1.9334728774443195
996,28.40785219399538,165.07209926217607,164.90733915401162,-1.8650644357358506
997,28.436374133949194,163.82428491203726,165.4289014038674,-1.9785591910419291
998,28.464896073903006,167.83770424074476,168.86537234569178,-1.929545008697236
999,28.493418013856814,167.28849682247954,170.72043644565545,-1.91191854176601
1000,28.521939953810627,168.14431555463273,174.4649249566991,-1.88148060211773
1001,28.550461893764435,167.10965580404064,178.110670616375,-1.894904573233309
1002,28.578983833718247,165.51299676670033,179.69909113352088,-1.7573295091414975
1003,28.607505773672056,153.9090094835205,171.9292459992183,-1.2855534936742752
1004,28.636027713625868,174.67753483371987,179.39379272057434,-1.2950545880828135
1005,28.66454965357968,170.48425363865556,179.60537354425273,-1.3084390664810885
1006,28.69307159353349,168.95385284486568,179.82235314876542,-1.3268725824094707
1007,28.7215935334873,165.4285427297078,176.75232615863925,-1.302481384503083
1008,28.75011547344111,170.1235986687627,179.27449013512836,-1.314785543828774
1009,28.77863741339492,167.0612380621066,177.39538372701855,-1.3170971552961952
1010,28.80715935334873,164.3529052181197,178.06816777025222,-1.330620917118002
1011,28.835681293302542,157.82084711558625,173.8863262620711,-1.634300659876684
1012,28.864203233256355,157.71426675499617,170.92065453192606,-1.7745978254357675
1013,28.892725173210163,154.10612599935774,166.79530786415629,-1.8812335039221406
1014,28.921247113163975,154.75845583370156,164.5960448420677,-1.8472887264735378
1015,28.949769053117784,161.76353986084152,167.37846718883566,-1.8377667876275827
1016,28.978290993071596,162.30090486282836,169.3788518485479,-1.9765076326272681
1017,29.006812933025408,165.12727665902287,172.75223284576253,-1.6730423268482488
1018,29.035334872979217,156.0502551833594,171.97858449666924,-1.6990714027305183
1019,29.06385681293303,139.8840619679811,168.5533715881409,-1.2777061649946406
1020,29.092378752886837,41.60240145107375,146.98243534800608,-0.6689610890518445
1021,29.12090069284065,114.85877793060577,179.81694409812093,-1.1730399577305968
1022,29.149422632794458,84.55398217629313,139.76172055574918,-0.6103081042253234
1023,29.17794457274827,71.11800893186165,140.81224675344126,-0.2569663359281219
1024,29.206466512702082,62.907622059878896,154.8735193751583,0.045092385894976675
1025,29.23498845265589,60.06014710306692,154.2355701253147,0.39298458536386405
1026,29.263510392609703,58.14987769876693,163.62411811873483,0.7476744471306566
1027,29.29203233256351,67.54220488242078,154.65069304158996,1.3372970265998818
1028,29.320554272517324,80.51983437812778,161.459360857899,2.1178584725985323
1029,29.349076212471132,85.71175498463703,168.68328993908827,2.7215956574079287
1030,29.377598152424945,92.11477976766517,171.91357650326785,3.8303851988747755
1031,29.406120092378757,117.77582222049993,177.9823710844828,4.886194113894446
1032,29.434642032332565,145.82151547909626,168.51043631519178,5.52498882529815
1033,29.463163972286377,153.38765274031323,157.0259891278902,5.755229225227949
1034,29.491685912240186,171.2167451835139,177.78980914332465,8.47797390030657
1035,29.520207852193998,43.69258161076749,176.60683107650536,17.801653644840407
1036,29.548729792147807,34.77857736016947,175.78381656225667,3.009659977766131
1037,29.57725173210162,21.647793272148753,169.11218866216274,2.7940013641581434
1038,29.60577367205543,23.257991123403812,170.5246297448476,2.8237464793211133
1039,29.63429561200924,19.94090280084703,175.6561369767198,2.4000732432612386
1040,29.66281755196305,13.533338165686791,175.85125129715837,2.494332074019661
1041,29.69133949191686,4.384730536111773,178.3966448947516,1.8289530629904862
1042,29.719861431870672,5.524041004045334,178.6353600165006,2.132296897018736
1043,29.74838337182448,9.874528535904545,178.76885111308283,1.922846319327422
1044,29.776905311778293,10.35626507954876,177.79315928514904,3.05028348405375
1045,29.805427251732105,10.91560528753516,173.98891449475397,1.6677583721412716
1046,29.833949191685914,42.67023163633725,176.49543093301668,4.074421568315781
1047,29.862471131639726,5.331709650250392,170.42631518481707,3.1751885719797026
1048,29.890993071593535,10.554848354787913,176.4175459966711,0.8273384352900854
1049,29.919515011547347,16.86462806070287,165.29721428509907,1.458408218249655
1050,29.948036951501155,21.64914088445995,178.8136834661437,0.9268058060236116
1051,29.976558891454967,27.17873414381658,166.1318690181148,0.2425703971468293
1052,30.00508083140878,38.365533966905204,161.24409788324886,-0.20101883805592655
1053,30.033602771362588,59.29767332211916,156.9202833831938,-0.7147497386451988
1054,30.0621247113164,124.59862992861109,165.80002776042346,-1.3352095401086563
1055,30.09064665127021,159.64396165929378,174.44125395652932,-1.8777514092204692
1056,30.11916859122402,163.70428777490153,170.41111874337912,-1.9395756393215038
1057,30.147690531177833,161.8751909391961,169.8774602075678,-1.8139985871583455
1058,30.17621247113164,159.06965009836648,168.5474633756005,-1.713090490581371
1059,30.204734411085454,169.44911443363506,164.48416731526856,-1.8223359526312934
1060,30.233256351039262,168.46531949441945,169.48082462382902,-1.8800404585094255
1061,30.261778290993075,167.79424140321848,175.76367000062774,-1.8819587914639366
1062,30.290300230946883,163.68788532419322,176.54099496065854,-1.776679644372076
1063,30.318822170900695,153.64123001008275,148.2460720390704,-1.3699443195979233
1064,30.347344110854507,155.52649301779448,177.8672043381169,-1.5059659586454581
1065,30.375866050808316,156.33549004949967,179.62610151536313,-1.6078040339132575
1066,30.404387990762128,152.9714518599454,178.43640777096027,-1.6906852383092472
1067,30.432909930715937,150.2308072963433,175.1021249260639,-1.782081064434212
1068,30.46143187066975,153.02755480591483,179.23145923404135,-1.7793594306975908
1069,30.489953810623557,153.03732078296733,179.01333392886403,-1.7587671009258627
1070,30.51847575057737,157.4986531172712,176.96924118915385,-1.2967535401686638
1071,30.54699769053118,47.30483463106614,136.9826516115746,-0.8122246144400105
1072,30.57551963048499,8.85070867433439,166.7542417093001,-0.500445367227508
1073,30.604041570438802,139.25246223171922,178.22962075190958,-1.5694266879255883
1074,30.63256351039261,155.6994031696427,175.92226285715284,-1.9015817579314558
1075,30.661085450346423,159.81560825056528,178.1989730013156,-1.934093046637906
1076,30.68960739030023,160.62129865406695,171.92557122307306,-1.8961531306101964
1077,30.718129330254044,160.03881143977833,169.45848797713722,-1.8455186483576551
1078,30.746651270207856,165.60748655126085,169.2505506132041,-1.8894327747410693
1079,30.775173210161665,163.61072385162797,167.04146254355226,-1.8605194484196543
1080,30.803695150115477,165.4560270792327,166.47062457597212,-1.858237165194754
1081,30.832217090069285,162.33574877794157,163.21008129207075,-1.808250862662831
1082,30.860739030023097,165.41954410426303,169.34326088762523,-1.8273731864497398
1083,30.889260969976906,167.70631029635672,169.94815482283246,-1.7975646774843494
1084,30.917782909930718,167.01113716845492,179.1251517780797,-1.7531559786354716
1085,30.94630484988453,166.88316459142288,178.32780887329608,-1.7634629818787986
1086,30.97482678983834,168.91214586109302,179.59243311534252,-1.7590135562589133
1087,31.00334872979215,168.09220103404797,177.40980881159098,-1.7586935418986596
1088,31.03187066974596,168.55205145757608,172.1668178585549,-1.6584747429123783
1089,31.060392609699772,167.476574106099,176.65873639270274,-1.811521886444929
1090,31.08891454965358,168.853910868723,173.8012309236405,-1.8375011642392312
1091,31.117436489607393,167.52507391247087,169.94252302896206,-1.867648792529018
1092,31.145958429561205,166.55086960659563,165.05488054161944,-1.8729166514869815
1093,31.174480369515013,167.4990436819922,166.30630172312684,-1.8842410661690034
1094,31.203002309468825,167.0738101656555,166.9528909310973,-1.8640104855398942
1095,31.231524249422634,166.4151728719372,166.59561962637312,-1.8619259474235934
1096,31.260046189376446,166.63240246589953,162.7421830352594,-1.8430959760232146
1097,31.288568129330255,168.27060928864904,162.30240099070608,-1.8415113845152393
1098,31.317090069284067,166.06009247704623,165.76251649662177,-1.9282859878470147
1099,31.34561200923788,164.80756149137045,169.01090727524328,-1.8947537881855223
1100,31.374133949191688,162.4058286759391,168.39948510042737,-1.86727085810468
1101,31.4026558891455,164.34300227862354,179.9668089756144,-1.891497307452905
1102,31.43117782909931,166.35896666960187,177.35525147727918,-1.8957906181041233
1103,31.45969976905312,168.37149893435665,175.16743166825393,-1.8738435926587005
1104,31.488221709006933,167.19529488549904,176.59905533121767,-1.8518185632105435
1105,31.51674364896074,165.07771564828502,174.5970371971859,-1.8562868733082103
1106,31.545265588914553,164.71414877999112,174.0904304422622,-1.844123527655329
1107,31.573787528868362,163.83575078913773,173.99660399844782,-1.8687171946452432
1108,31.602309468822174,163.21728428365063,174.0995968437594,-1.8675595609676487
1109,31.630831408775983,162.4593031400248,176.56116338108802,-1.758139489670873
1110,31.659353348729795,164.28935614387902,175.7320814425481,-1.7715759822889596
1111,31.687875288683607,162.91788492376594,176.73190679673058,-1.8097093724521816
1112,31.716397228637415,162.60575810288637,170.13110340087874,-1.857446312088352
1113,31.744919168591228,160.75815774631423,168.87568816713426,-1.9224820653456547
1114,31.773441108545036,163.27429069340792,167.3462519908355,-1.9468954554957456
1115,31.80196304849885,165.02707945771297,165.88199483683314,-1.9341805943738457
1116,31.830484988452657,165.02713134688815,164.78347570919036,-1.92887570651217
1117,31.85900692840647,165.23928557590918,163.09713592788268,-1.8784444662595214
1118,31.88752886836028,166.9871755550601,161.01742189171304,-1.8309279429333205
1119,31.91605080831409,169.68561499251228,167.96524632936848,-1.8778719948526508
1120,31.944572748267902,168.43813858205988,166.82527170626153,-1.839115578852671
1121,31.97309468822171,164.8769233887906,162.93756443935166,-1.6397190089645395
1122,32.00161662817552,165.6205508962131,167.23707585220757,-1.7422372349530517
1123,32.03013856812933,165.13565589581958,167.3687823461782,-1.8063082042065162
1124,32.05866050808314,166.28261251480922,170.06039106796442,-1.9061776756799538
1125,32.087182448036955,166.31341437959605,171.02924034920346,-1.8448454587884537
1126,32.11570438799077,166.9239147595174,169.4501120536671,-1.8485914791135705
1127,32.14422632794457,167.7641129651768,170.3016919934284,-1.8939091638776455
1128,32.172748267898385,166.93855707198534,168.98711526330777,-1.908142938046606
1129,32.2012702078522,168.66821520316023,170.7472776995715,-1.8946094086755938
1130,32.22979214780601,167.54084822677922,167.84736379897217,-1.9056702888780908
1131,32.25831408775982,167.7371872125115,168.60626005894522,-1.9021935972623212
1132,32.286836027713626,162.6134904211633,139.98432975276563,-1.386594613459918
1133,32.31535796766744,165.55884799588893,169.96601059068476,-1.6110762511876495
1134,32.34387990762125,166.36481747665636,170.65747760528376,-1.7398688572881869
1135,32.37240184757506,166.4765885381589,173.08989731913093,-1.7935888312111214
1136,32.40092378752887,168.20635601586426,178.3641787190398,-1.8452267106077518
1137,32.42944572748268,166.28409255375834,178.07089802205545,-1.9332585269938682
1138,32.45796766743649,168.91497471311814,172.37921837718181,-1.9316897681861656
1139,32.486489607390304,168.79650740435113,170.72291249880644,-1.926163413221776
1140,32.515011547344116,168.81994114731106,169.60405879957943,-1.9590594604997504
1141,32.54353348729792,169.0583627426115,169.54585199640678,-1.9293589534048403
1142,32.57205542725173,166.34641854125934,163.5599317221329,-1.8140863341595328
1143,32.600577367205545,164.79555553386157,166.74698472166804,-1.8055344963521158
1144,32.62909930715936,164.9506855034379,168.7188415185038,-1.8917401543536052
1145,32.65762124711317,169.08918737840207,175.88133135562973,-1.7662334392617736
1146,32.686143187066975,173.03139546594713,167.0672940028059,-1.438472779839343
1147,32.71466512702079,134.9706090687849,157.62712050403002,-1.2781721532589754
1148,32.7431870669746,156.6193757688571,152.60421422431472,-1.4542610431137617
1149,32.77170900692841,138.14181491424358,136.07204730267273,-1.2413855129292957
1150,32.800230946882216,173.19976965973763,147.83880820641423,-1.5173424085575347
1151,32.82875288683603,177.481355377404,166.28901893963004,-1.4509782670972546
1152,32.85727482678984,161.15724043340734,154.39923799126362,-1.3736488612035458
1153,32.88579676674365,153.50466940102243,153.80302926782957,-1.416738499835056
1154,32.914318706697465,170.281425459285,177.63251371638117,-1.6129890811744123
1155,32.94284064665127,171.51667026416627,177.96927440268072,-1.6129705265629917
1156,32.97136258660508,117.28544081376386,126.06755290808036,-1.1888871135563344
1157,32.999884526558894,77.90379399444312,26.631984457768414,-0.9229710700158414
1158,33.028406466512706,75.81036078544363,109.14995643909954,-0.8249132719199865
1159,33.05692840646652,,,
1160,33.08545034642032,,,
1161,33.113972286374135,,,
1162,33.14249422632795,,,
1163,33.17101616628176,,,
1164,33.199538106235565,,,
1165,33.22806004618938,,,
1166,33.25658198614319,,,
1167,33.285103926097,,,
1168,33.31362586605081,,,
1169,33.34214780600462,,,
1170,33.37066974595843,,,
1171,33.39919168591224,,,
1172,33.427713625866055,50.544442031582115,146.27021051958818,-1.0189444682002333
1173,33.45623556581987,2.267252643647141,170.23471175661723,-0.04186918800059839
1174,33.48475750577367,123.57361643949281,147.69241443842327,1.3921772299931499
1175,33.513279445727484,36.933373389400145,179.0208234723731,1.8931879544548262
1176,33.541801385681296,162.30918934214733,176.88195316861822,-1.614323559957647
1177,33.57032332563511,174.7179401250553,146.70564995419846,-1.717102917497109
1178,33.59884526558892,175.1251177827756,161.40637642405216,-1.7978044826401023
1179,33.627367205542726,159.43745589100607,162.4009862515662,-1.7498079910261397
1180,33.65588914549654,159.79430958173037,167.85493968544347,-1.8362635921939747
1181,33.68441108545035,158.68240526850107,167.27684953282372,-1.7590394799811337
1182,33.71293302540416,156.16668259588948,164.1597221109416,-1.7735450686015892
1183,33.74145496535797,157.25415746981648,162.19013417297646,-1.632207268901436
1184,33.76997690531178,159.42977102785866,166.73950909467862,-1.7750641698443657
1185,33.79849884526559,163.1382119127688,169.9701136090567,-1.6929111501365977
1186,33.8270207852194,161.63065706985154,170.21330509910987,-1.645584012420164
1187,33.855542725173216,161.79551014123763,171.90778870399342,-1.6165058099718705
1188,33.88406466512702,161.73515573950775,172.46174146166194,-1.6287159863727416
1189,33.91258660508083,160.351936407151,170.56832245246756,-1.6187585157821667
1190,33.941108545034645,160.60073726470722,172.00225369695147,-1.6029641207173289
1191,33.96963048498846,159.59838318603065,172.1728250766626,-1.6041249817121412
1192,33.99815242494227,159.47359610749885,174.86889290076596,-1.5681791993043306
1193,34.026674364896074,166.0007386869373,179.04976704812896,-1.59104105189612
1194,34.055196304849886,164.98228196309114,177.12300539697551,-1.6552289580761144
1195,34.0837182448037,164.9501237261898,175.9317030342379,-1.7447095708671443
1196,34.11224018475751,164.8060368771302,178.16464548023956,-1.7706238874284732
1197,34.140762124711316,164.48463254174237,177.39501342266166,-1.853136721638879
1198,34.16928406466513,165.2977873609606,171.84264850805863,-1.9561259566833145
1199,34.19780600461894,165.0112086215501,169.92360943035223,-1.9548534942782925
1200,34.22632794457275,164.24511778398497,170.2096751320559,-1.8983791024982373
1201,34.254849884526564,169.2055477134439,178.68641631711085,-1.9121614220651304
1202,34.28337182448037,168.14734151349498,176.51752373280908,-1.9007449705148045
1203,34.31189376443418,167.77034438341155,173.8748590925622,-1.7794202588435803
1204,34.34041570438799,168.23158403425694,174.83474285613596,-1.5574843085279808
1205,34.368937644341806,167.83111058673433,176.4757962930215,-1.7618082293376591
1206,34.39745958429562,168.0081194505766,176.603778675755,-1.9558763763634672
1207,34.42598152424942,168.735084959122,177.1162683958351,-1.941772370035861
1208,34.454503464203235,169.25409222605893,175.39482126278259,-1.9310971937514447
1209,34.48302540415705,170.43735741401352,174.26535202959408,-1.8650847703106708
1210,34.51154734411086,176.01113442740473,165.37373461125875,-1.3389780439188168
1211,34.54006928406467,177.08441971588465,172.48753179360025,-1.244520132432313
1212,34.568591224018476,167.98114410794824,148.7413668258404,-1.2614789623397924
1213,34.59711316397229,133.77906627931327,91.30011894568484,-1.180319613237611
1214,34.6256351039261,117.10999099132549,73.92281231394146,-1.0820201024893514
1215,34.65415704387991,137.3158175834529,102.21009245037548,-1.1904124580260662
1216,34.68267898383372,157.12990378966416,159.80431603826003,-1.384956012390808
1217,34.71120092378753,167.57396879901316,174.46514481195402,-1.5954241996131988
1218,34.73972286374134,130.14021373187506,170.5308892124478,-1.5117166636699326
1219,34.768244803695154,113.68319085015716,150.36671340142757,-1.2384837954286447
1220,34.796766743648966,114.92595624075167,153.99677828050372,-1.2619388327004126
1221,34.82528868360277,107.70506948037493,160.02296570213886,-1.1082855423346438
1222,34.85381062355658,107.00221246728044,168.00176738392005,-1.0573823507815199
1223,34.882332563510396,109.97302620906599,174.9950859281513,-1.0743960937429533
1224,34.91085450346421,118.77499155282486,171.16649075391464,-1.0400495679962263
1225,34.93937644341802,112.59928921712002,161.0576353628026,-1.036031868845876
1226,34.967898383371825,108.85590962407974,172.67336020755965,-0.9882016336741435
1227,34.99642032332564,109.26829535115918,162.898085801389,-1.0418431646090343
1228,35.02494226327945,109.02506070069178,154.24279913226545,-1.0357493108112779
1229,35.05346420323326,108.44101533693654,160.0809489375857,-1.0686016346563152
1230,35.081986143187066,104.83741895690005,164.60619429800266,-1.0027076811248843
1231,35.11050808314088,160.50750751933916,169.40648179477878,-1.8288247803077038
1232,35.13903002309469,132.80417884143887,166.28127209756718,-1.4474661093224224
1233,35.1675519630485,118.79404743593246,178.41852955632936,-1.3536996551725897
1234,35.196073903002315,145.63195134175228,172.05666841977765,-1.6257032021953288
1235,35.22459584295612,130.92992743131188,171.95125981449792,-1.5131894349350672
1236,35.25311778290993,150.57743429741274,161.22129900328295,-1.7225210806178364
1237,35.281639722863744,161.22574394607153,164.34090809245046,-1.7931281725720725
1238,35.310161662817556,159.8615103286874,164.86642278548604,-1.8716217341917711
1239,35.33868360277137,167.47478106509436,169.12069603922504,-1.9679318862464674
1240,35.36720554272517,165.84362619766617,171.74499306697334,-1.8804455217742468
1241,35.395727482678986,162.68412213235555,169.9229952112835,-1.866523632789032
1242,35.4242494226328,166.93871353091725,175.2496241069036,-1.8896538837560872
1243,35.45277136258661,161.47995478474607,173.40420134275092,-1.8797063454240748
1244,35.481293302540415,155.19943555228633,171.76358161099043,-1.8667675920676665
1245,35.50981524249423,154.9042214639704,174.39863292045072,-1.854180022761286
1246,35.53833718244804,159.64066780045843,175.11835596022044,-1.9219311916638133
1247,35.56685912240185,162.31078814166682,173.97738474300277,-1.9103704080812134
1248,35.59538106235566,163.36970442716742,174.54737926793462,-1.9128835553268015
1249,35.62390300230947,161.5141567282483,172.63560699017222,-1.9011812146965026
1250,35.65242494226328,161.00583823523087,173.05649242605784,-1.964094413228218
1251,35.68094688221709,162.8630387871821,166.57834955448664,-1.9428037171024108
1252,35.709468822170905,163.75023842203893,162.5727633637174,-1.9244860863463933
1253,35.73799076212472,164.15296489944203,159.30260601903862,-1.91430840736748
1254,35.76651270207852,163.91826437348757,158.96767875894727,-1.9213158862736008
1255,35.795034642032334,162.41280098185163,161.0687407888407,-1.9283512887309855
1256,35.823556581986146,161.64202981259,158.1000657663165,-1.8837178266594512
1257,35.85207852193996,162.45018798021408,160.3581961126795,-1.8972184415648259
1258,35.88060046189377,158.7316398222789,160.36795382520828,-1.8535466131033296
1259,35.909122401847576,160.09151240688405,164.3610059062558,-1.8737094930278986
1260,35.93764434180139,159.152275074724,164.74100972157467,-1.8869416276871886
1261,35.9661662817552,162.30579858727154,166.86232942830046,-1.8980296838403663
1262,35.99468822170901,162.69734014119226,166.03941114079575,-1.9282605362508787
1263,36.02321016166282,163.93988718741812,171.772931326865,-1.9014026274155171
1264,36.05173210161663,163.8124308646179,170.02148636679053,-1.8924408174221596
1265,36.08025404157044,164.96350699841355,169.40421118159315,-1.9105662350260428
1266,36.10877598152425,164.6711288975477,167.013922180108,-1.8850927415790106
1267,36.137297921478066,165.297143751864,168.10423196341347,-1.905252290341663
1268,36.16581986143187,164.75278109044433,167.4884462225566,-1.896104268907735
1269,36.19434180138568,163.71215922397238,165.05451068783398,-1.9029375266867867
1270,36.222863741339495,163.66120649704348,165.29596781023702,-1.8894583823223647
1271,36.25138568129331,163.49249892259746,165.51306969670011,-1.8236750681085372
1272,36.27990762124712,164.44903778767662,165.85915087727955,-1.8476164390352179
1273,36.308429561200924,161.9798456755743,166.99652747077147,-1.8400064775201
1274,36.336951501154736,161.49945041563782,163.7600199433428,-1.7671504517220609
1275,36.36547344110855,160.9810201413196,165.2826559868976,-1.7863081255305133
1276,36.39399538106236,9.415790112297225,172.80835500484554,0.024186299882997787
1277,36.422517321016166,14.432562443558178,165.3446835800737,1.1013068950772946
1278,36.45103926096998,1.2243966251087335,166.86595122882778,0.6606839711630208
1279,36.47956120092379,15.342984026234692,170.22926736648972,0.19336140893474937
1280,36.5080831408776,73.43262938872687,161.35577934254223,2.4327878020793565
1281,36.536605080831414,34.384628765570895,163.23803110284774,1.4702421395082066
1282,36.56512702078522,48.294421560432895,168.75150201580882,2.275470200788234
1283,36.59364896073903,49.8748086007062,168.599484767882,2.3198605796421
1284,36.62217090069284,22.937062772469886,164.4084596377654,1.0688834760877433
1285,36.650692840646656,48.468098708444394,160.45561143152693,1.2790042765534766
1286,36.67921478060047,43.55280997408347,162.753207369998,1.275475954066265
1287,36.70773672055427,33.208419102832266,167.27152301536069,1.0335374840995573
1288,36.736258660508085,45.772706231607515,175.72258601542123,1.5876708562715762
1289,36.7647806004619,45.67512444233616,175.99013770963975,1.879180766784788
1290,36.79330254041571,26.52230864583638,175.57303868263435,1.4228348190440923
1291,36.821824480369514,4.276620400187805,177.849511626749,0.6995758329884366
1292,36.850346420323326,4.724539571583896,178.30168185347387,0.7738708312519998
1293,36.87886836027714,8.30455121505641,173.19343340546712,0.7330491716054728
1294,36.90739030023095,31.776290420870186,164.23118866810574,1.9510102355639807
1295,36.93591224018476,39.27785615249517,161.67987945777875,2.148729735979497
1296,36.96443418013857,27.7133410448124,168.49657458158106,1.16043143386099
1297,36.99295612009238,26.203089993422,167.17932834512985,1.1374905618493423
1298,37.02147806004619,15.87605074923291,173.65554987451048,0.037608856694410095
1299,37.050000000000004,7.080378761366481,175.24856026349713,0.3624745306315639
1300,37.078521939953816,128.33158752812355,167.32985568111397,4.090277470592879
1301,37.10704387990762,156.6002401382179,177.82917366956562,3.6818778995457886
1302,37.135565819861434,10.349257959260322,131.53928545161867,-0.11419800392213032
1303,37.164087759815246,134.06113520014685,162.9704496265766,-1.5780490691438305
1304,37.19260969976906,120.7879042985592,179.10276315272122,-1.577557878895244
1305,37.22113163972287,117.20697862443723,161.06343595938907,-1.6248219340150645
1306,37.249653579676675,113.65585130553147,159.63457797854895,-1.6420251561984052
1307,37.27817551963049,111.72682457139142,161.9000284746032,-1.6655217032023366
1308,37.3066974595843,111.04024883663303,162.97387220219585,-1.71974461262628
1309,37.33521939953811,111.42768935568203,161.52970879512,-1.7499617072322518
1310,37.36374133949192,111.7182663054264,168.91104773526064,-1.7716891731902222
1311,37.39226327944573,111.43611616964223,165.82732319556962,-1.7862677588558822
1312,37.42078521939954,112.51274454961094,163.22497285129847,-1.7779112392495018
1313,37.44930715935335,114.71073275370875,168.39249562074883,-1.798798481735475
1314,37.477829099307165,115.93282129529817,169.87191304473137,-1.8510552332852503
1315,37.50635103926097,115.66945926786836,171.3675321946926,-1.899365564803512
1316,37.53487297921478,115.20548229279729,170.2053915727855,-1.8722517902179336
1317,37.563394919168594,113.28558868532454,170.89327228594104,-1.890747365756399
1318,37.591916859122406,112.3793781595637,176.79761875965988,-1.8558137418903793
1319,37.62043879907622,112.16226017127532,174.1177366877916,-1.9020353169773205
1320,37.648960739030024,112.95077236573947,171.941147113305,-1.9739598996973466
1321,37.677482678983836,114.90284184209462,173.4371712384802,-1.9954221633373777
1322,37.70600461893765,118.35337962991457,171.13310374363874,-1.9533556423854692
1323,37.73452655889146,124.73361066318158,168.45779181075707,-1.906260131104099
1324,37.763048498845265,127.25604513597425,170.83683187174188,-1.9492982520742241
1325,37.79157043879908,132.15831593678018,170.88735912144745,-1.958093130369327
1326,37.82009237875289,143.5022730568809,168.703475769704,-1.9718725948630131
1327,37.8486143187067,146.78690803839964,167.5090608140494,-1.9084765960734111
1328,37.877136258660514,155.21543144084052,165.31799632481423,-1.9942199082710124
1329,37.90565819861432,156.70290056901672,160.94840830023477,-1.9477192359869635
1330,37.93418013856813,158.2606785442413,151.98555561757505,-1.9353913971272034
1331,37.96270207852194,160.16290873636217,155.9974792597624,-1.8630537448669855
1332,37.991224018475755,163.48089359428013,146.1081833787487,-1.8584304473800495
1333,38.01974595842957,165.1361530529292,158.38611791592862,-1.9599029416100924
1334,38.04826789838337,165.01964750587993,152.22712881921652,-1.967614016237933
1335,38.076789838337184,166.6385347892978,161.82320440369506,-2.0406737688459167
1336,38.105311778291,166.202318314538,166.2370019812621,-2.023002469819512
1337,38.13383371824481,166.46851770459725,164.95059273039558,-2.084635396091424
1338,38.16235565819862,164.95078418071853,168.5897452158199,-1.8210661737976546
1339,38.190877598152426,167.05048873658652,165.33798449540964,-1.8926130292826855
1340,38.21939953810624,165.68548787029962,165.72415881091115,-1.9148430305610025
1341,38.24792147806005,154.13736817310792,168.8792386428591,-1.8273665975684006
1342,38.27644341801386,155.53004253969934,173.21167621057435,-1.8646637742509404
1343,38.30496535796767,154.60332481158918,166.53325913065424,-1.9001844097850034
1344,38.33348729792148,150.8813527979467,148.487608223015,-1.95105130342921
1345,38.36200923787529,148.03804710924223,152.78590183659944,-1.9518483481716835
1346,38.390531177829104,144.01895137620338,149.09432156520452,-1.8683696220153718
1347,38.419053117782916,140.91911177804167,146.5449104748244,-1.855461819646017
1348,38.44757505773672,136.51319339957115,151.58930386115603,-1.8492799727733764
1349,38.47609699769053,134.71990654371282,149.0275272588139,-1.853827337308561
1350,38.504618937644345,133.98039968373786,151.90522190497518,-1.8463153213117653
1351,38.53314087759816,131.67752448121408,151.5366462725739,-1.8503180281181597
1352,38.56166281755197,129.7552681463705,154.75841922689872,-1.8461410919347392
1353,38.590184757505774,127.28189483548299,156.21058896537247,-1.8260634389325203
1354,38.61870669745959,125.21608638437964,157.7191849789292,-1.8011186554731313
1355,38.6472286374134,124.15015175226034,153.97033860682598,-1.7999152298284269
1356,38.67575057736721,123.44251804353603,159.59517467752298,-1.7982871307331414
1357,38.704272517321016,122.28798248287801,163.0323124292671,-1.7961530267245278
1358,38.73279445727483,121.07422904714855,163.14289831723718,-1.790817301083495
1359,38.76131639722864,120.75707927036495,163.31145795138593,-1.7860818628171946
1360,38.78983833718245,118.4907976836885,165.69815262535724,-1.763400035398717
1361,38.818360277136264,113.94736008041916,166.31709987426487,-1.6372453221765475
1362,38.84688221709007,109.49821021347418,160.46798746115124,-1.4984717329631563
1363,38.87540415704388,103.31816303951831,165.48736485906554,-1.3645572872484504
1364,38.903926096997694,96.81660458485256,174.82202266386983,-1.221876067459165
1365,38.932448036951506,90.97734307063087,162.3290517994821,-1.095867672958818
1366,38.96096997690532,62.37307989354928,137.1799612696902,-0.7695802538403305
1367,38.98949191685912,54.29280572287025,146.12192275014428,-0.6906789627157964
1368,39.018013856812935,49.463530124484585,157.22114728520634,-0.6482348139533638
1369,39.04653579676675,35.05379201789805,165.77927139405628,-0.4336522113051719
1370,39.07505773672056,28.441504834186635,170.897310573543,-0.23861984602761252
1371,39.103579676674364,31.458414213427996,163.83898682768745,-0.2027885390655003
1372,39.13210161662818,32.4066266381864,154.57898866383334,-0.19863973255657164
1373,39.16062355658199,29.379476643667182,156.7871249085559,-0.13077018845371907
1374,39.1891454965358,18.53344905555464,165.3640556899924,-0.20202069145621243
1375,39.21766743648961,11.784706524263644,158.58578714030463,-0.512149960523033
1376,39.24618937644342,12.261011132718501,169.44825617214607,-0.5316352641985648
1377,39.27471131639723,6.6199237231635895,159.09669923071536,-0.34730736288540615
1378,39.30323325635104,22.09844025113578,163.67932306070995,0.21621300786304143
1379,39.331755196304854,23.880789912628114,159.4257596995583,0.08027769480356256
1380,39.36027713625867,18.717615846626696,164.28534536316326,0.5019809276789572
1381,39.38879907621247,26.199041571828737,163.78043472163327,1.6316600436012516
1382,39.417321016166284,117.68203496408005,169.58300034929067,2.061979059531452
1383,39.445842956120096,105.91115218553448,173.2268859131784,3.2899393887741653
1384,39.47436489607391,148.97167317474842,177.56974674015936,3.544720750539678
1385,39.50288683602772,142.54908594366225,173.7770721865123,2.5505837614285616
1386,39.531408775981525,141.46222012815383,170.052464048871,2.31996716713516
1387,39.55993071593534,132.90388735231335,165.90391649385563,2.6400520049624867
1388,39.58845265588915,131.87570743348368,157.07349450593213,2.1790498639533062
1389,39.61697459584296,131.80168729670055,160.00140470571858,2.2080852734765957
1390,39.64549653579677,136.30439758282245,152.10639483280164,2.1991754914881216
1391,39.67401847575058,112.23180440170432,141.90971135402617,2.64765055795874
1392,39.70254041570439,82.60750418294938,176.35547758281723,4.608008382444125
1393,39.7310623556582,82.13539719572026,144.31160915465526,4.593154215309324
1394,39.759584295612015,7.292355944312609,174.24776038251713,4.5713118701496365
1395,39.78810623556582,32.06167601167853,177.99264148653776,3.5468743190474954
1396,39.81662817551963,10.035261383191036,168.39663990805255,3.5874222281602433
1397,39.845150115473444,105.70863680316609,134.24440315771736,1.9668891814941696
1398,39.87367205542726,127.5453015894137,167.27813364945249,1.701403582775567
1399,39.90219399538107,123.3625177172077,157.8626671224829,0.7537070061348089
1400,39.930715935334874,126.13390210713101,172.68911364139495,2.2851930485488756
1401,39.959237875288686,17.54978417622969,174.0008053706685,1.331409601200637
1402,39.9877598152425,30.110736098269317,175.49715628143898,-0.4256310386974239
1403,40.01628175519631,38.381250620737646,176.7707884303304,-0.5644510454885018
1404,40.044803695150115,22.248139193195673,169.89051630554903,-0.0016523681631098609
1405,40.07332563510393,28.016223129285063,151.96653361784482,0.23576477055287312
1406,40.10184757505774,49.057512395389885,165.60143259944522,-0.11467230048513
1407,40.13036951501155,52.28006142939906,171.98397870751566,-0.1477840062869973
1408,40.158891454965364,49.775317678772176,173.54983109155296,-0.1395345664546373
1409,40.18741339491917,68.35251552619916,150.91579458775152,-0.18108044023646805
1410,40.21593533487298,62.54312389600951,179.37323393526376,-0.09509069676910059
1411,40.24445727482679,57.85984657033393,167.24987988719872,-0.1033404930701598
1412,40.272979214780605,58.086376408316184,162.3658491051353,-0.033589559470446374
1413,40.30150115473442,53.24979666214908,167.54119525744983,-0.05571781045487314
1414,40.33002309468822,48.647502753614454,173.7297490562652,-0.12122828669983793
1415,40.358545034642034,53.607797389684364,167.2362578799218,-0.07761043009484433
1416,40.38706697459585,50.04550743893034,151.53598078073867,-0.018493447594658347
1417,40.41558891454966,55.11523127571562,174.1236092906563,-0.03660937585860706
1418,40.444110854503464,45.2341288984978,179.29811366012095,-0.01769323205918694
1419,40.472632794457276,59.596497444111215,156.45842525951628,0.14862612796042313
1420,40.50115473441109,57.0190339960394,160.11050385829716,-0.037381656646709324
1421,40.5296766743649,66.17521977856153,165.8757724598761,0.022554328340360388
1422,40.55819861431871,38.03130748656101,166.47513136806515,-0.48668421158220787
1423,40.58672055427252,98.17768968849039,140.29665664119293,-0.7621848994265129
1424,40.61524249422633,136.98844615656333,137.596627410844,-1.3361260553217151
1425,40.64376443418014,152.2365388354738,27.118004046720575,-1.109584302886294
1426,40.672286374133954,142.12738468023656,98.6010275049964,-1.0558601743888703
1427,40.700808314087766,121.09191000144052,162.79034698705507,-1.1927395775653562
1428,40.72933025404157,16.72406353088808,175.22592576926345,-0.6459311091037677
1429,40.75785219399538,155.7279615352449,170.783687453109,-1.825819011710855
1430,40.786374133949195,169.6986963387294,141.34899734934615,-1.9016811762198775
1431,40.81489607390301,172.23459430429216,161.27031863078025,-1.9449960144659353
1432,40.84341801385682,172.7217249623414,161.29294777122743,-1.9532211597499392
1433,40.871939953810625,172.4012004803701,163.25879598780546,-1.8754215090887534
1434,40.90046189376444,178.2144508465391,160.64783496998356,-1.9606009679519991
1435,40.92898383371825,172.15303571968244,159.2313782417689,-1.7370615402647658
1436,40.95750577367206,171.03938856543394,163.41696063938446,-1.881624956581978
1437,40.986027713625866,179.19018258183527,168.59120744570674,-1.7475731857581613
1438,41.01454965357968,176.5450302380789,163.55560178310347,-1.8009299219121169
1439,41.04307159353349,172.26128400208995,173.74277728036975,-1.7218448516992084
1440,41.0715935334873,179.87812343638362,176.91263078475336,-1.836499135745776
1441,41.100115473441114,179.96652776100686,166.57813508752173,-1.7011042601264212
1442,41.12863741339492,179.1410978900684,168.16566230603897,-1.7094333045232188
1443,41.15715935334873,176.19312679319788,163.58483145036203,-1.699624632451172
1444,41.185681293302544,175.4254520533654,170.828222778245,-1.7466206515116036
1445,41.214203233256356,172.6047709147753,163.89211380614597,-1.4526448748166965
1446,41.24272517321017,172.7181087913882,170.16441266797926,-1.3558691894331283
1447,41.27124711316397,174.61244693604837,169.86197636684298,-1.213392852609843
1448,41.299769053117785,177.10778265386165,165.40196631142314,-1.130301391932456
1449,41.3282909930716,177.79436452874626,171.20674536041423,-1.0473617051817086
1450,41.35681293302541,177.48477299641544,169.4718534032124,-0.9730084591687287
1451,41.385334872979215,176.6711537962622,169.08206309324893,-0.901009834569875
1452,41.41385681293303,174.61931956011404,166.6929251229685,-0.8190805119115441
1453,41.44237875288684,176.12131030626364,170.17583837260318,-0.8445841894311673
1454,41.47090069284065,,,
1455,41.49942263279446,93.30804229507623,150.20303910966726,-0.45524576880521445
1456,41.52794457274827,99.99732996856308,174.2569268027685,-0.85137027954425
1457,41.55646651270208,177.70933743871652,131.55298638185954,-1.365743955108265
1458,41.58498845265589,96.34087761898644,148.40840510228233,-0.1971102252460477
1459,41.613510392609705,56.66249363601237,92.94651101985264,1.7936959772048078
1460,41.64203233256352,77.55555048867832,177.21538852699902,0.7519336398896501
1461,41.67055427251732,87.1207344812712,147.9152056496881,0.6963809588372775
1462,41.699076212471134,80.77606471106292,106.73966121861584,0.5686445126946983
1463,41.727598152424946,,,
1464,41.75612009237876,159.77823066779553,170.4093857266665,-1.5155931655156247
1465,41.78464203233256,144.46132784496007,167.71008650454704,-1.3252790879067622
1466,41.813163972286375,56.859693873718754,149.72312719683555,-0.29758940523389826
1467,41.84168591224019,54.0283821508562,91.72428710293147,-0.37002921079923806
1468,41.870207852194,36.87974836462723,148.8275767957877,-0.2510390356053041
1469,41.89872979214781,17.48583282309706,173.03276951069242,-0.08948512926976512
1470,41.92725173210162,1.2361460201984367,170.56766401243112,-0.5597920152247545
1471,41.95577367205543,79.75651062991385,147.88638629596346,-0.8174653027464417
1472,41.98429561200924,128.49070824419113,130.99698246364886,-1.0263013840053936
1473,42.01281755196305,163.8107383069361,37.76077708494968,-1.0480233629306035
1474,42.041339491916865,178.39246446440194,8.322566497272959,-1.053273515974186
1475,42.06986143187067,82.26143368863329,159.2392147467377,-0.49575847460504774
1476,42.09838337182448,75.01175690018317,171.93231099117455,0.14479975522611332
1477,42.126905311778295,175.4295978870235,169.87700967978765,-1.3057912983078206
1478,42.15542725173211,174.78108058096814,167.55872793685205,-1.3079749870654678
1479,42.18394919168592,171.83987621742773,3.3678799544653852,-1.6478357348875279
1480,42.212471131639724,115.10666669127001,71.3151076686289,-0.9100368069342873
1481,42.240993071593536,86.44682222044214,121.97239965497683,-0.34971253891305454
1482,42.26951501154735,121.4642894020492,111.33056457995015,-0.41979308790692277
1483,42.29803695150116,127.84527238130072,107.64328058729681,-0.4476851602768363
1484,42.326558891454965,118.38262649753506,114.89592229866116,-0.43715040777835884
1485,42.35508083140878,130.44534918124006,88.23590332827048,-0.4270546884414094
1486,42.38360277136259,141.22674593068245,142.55906704467554,-0.6136567773607001
1487,42.4121247113164,135.62162672749807,158.05931005687887,-1.573102531138304
1488,42.440646651270214,174.4487995980414,175.37600630690125,-1.5730336311019821
1489,42.46916859122402,175.70070218664364,170.56861667120893,-1.5515752756557064
1490,42.49769053117783,178.1540356501007,175.55862743299983,-1.8727969303694523
1491,42.52621247113164,171.92222206874865,177.87518774353123,-1.9941578731043286
1492,42.554734411085455,168.0060901549434,179.42433070534042,-1.9359259975565473
1493,42.58325635103927,163.99369433344464,173.86926820435616,-1.8234893997453683
1494,42.61177829099307,172.90908006564095,124.48266324150269,-1.8678164810716518
1495,42.640300230946885,161.5750578623571,173.47637825267972,-1.7523127775830862
1496,42.6688221709007,152.02014693215497,177.73455329580673,-1.8058107318593595
1497,42.69734411085451,154.319116602526,176.09666529550591,-1.8247244203698847
1498,42.725866050808314,156.198814710414,179.69204912120955,-1.771074769476511
1499,42.754387990762126,159.75517283739703,173.9402188389868,-1.8124081640474619
1500,42.78290993071594,166.65393854913808,178.33154413575102,-1.6916387807028974
1501,42.81143187066975,170.3125375732367,178.96171552699076,-1.6501893028654586
1502,42.83995381062356,173.90277449409442,177.67175578213318,-1.4995575937873709
1503,42.86847575057737,117.65119094993281,89.2591733726019,-1.0530856650061278
1504,42.89699769053118,48.3972257581613,148.13819072149144,-0.6525980188995665
1505,42.92551963048499,115.69878039981691,71.08842358844527,-0.9354916284100137
1506,42.954041570438804,38.35069227281668,107.47101748304505,-0.6396673276602334
1507,42.982563510392616,8.046246913778042,124.43232690539465,-0.3356434036229868
1508,43.01108545034642,27.827344486179257,85.39220906587015,-0.19523790821440773
1509,43.03960739030023,8.720538075172598,166.75972357430385,1.864934846950476
1510,43.068129330254045,67.3573827126915,142.75824574015664,1.4579372342809565
1511,43.09665127020786,83.97800385173826,163.62145275644588,1.9054176555698166
1512,43.12517321016167,51.096981549188925,166.10580252302813,0.9219874624884765
1513,43.153695150115475,50.363517205588735,179.54088414627745,2.4300496557787157
1514,43.18221709006929,61.511583390196776,176.7538130300455,4.208421768422037
1515,43.2107390300231,27.87038953635279,156.51181529674173,0.804165504749691
1516,43.23926096997691,90.03553032423507,149.07835384938195,0.5551715307302729
1517,43.267782909930716,61.59896492401394,172.29292555085573,0.40289777395789067
1518,43.29630484988453,61.310817594720355,173.66743552421906,-0.06316161743429577
1519,43.32482678983834,52.937769062514505,170.1765548297607,-0.49578211472129896
1520,43.35334872979215,53.27972916144011,167.58667981035248,-0.4262446631051523
1521,43.381870669745965,32.05197262514271,168.01971606236188,-0.3669735551242871
1522,43.41039260969977,8.386258949121526,172.36020892758057,0.03779820795576402
1523,43.43891454965358,9.303100876859114,179.1192972312344,-0.09840616755871091
1524,43.467436489607394,50.47895442166667,168.19234289693523,0.7257564035357249
1525,43.495958429561206,49.902310965088084,175.53819251153445,0.8733187754495735
1526,43.52448036951502,10.185821090405001,170.11703491962652,0.08364272140013777
1527,43.55300230946882,1.4383445281390201,175.35997021787,0.23988410811644928
1528,43.581524249422635,5.30785336964274,178.98218123116703,0.8019756721055511
1529,43.61004618937645,13.625141673086956,176.56124754099903,0.7154523856657972
1530,43.63856812933026,77.24317488356157,169.8543221685748,0.042500359700731606
1531,43.667090069284065,64.43714074261842,170.57639901523675,0.060931214909711554
1532,43.69561200923788,52.70901238177328,159.92899666579356,0.12290901765874492
1533,43.72413394919169,7.250998203986611,179.66570250975516,0.6709726502170991
1534,43.7526558891455,12.849815009204239,170.28176483107944,-0.05065015283237675
1535,43.78117782909931,76.7766121834021,161.19735782538416,-0.020814250113496212
1536,43.80969976905312,3.5636512010784376,176.8245892191029,0.11096554326695102
1537,43.83822170900693,2.366337521331589,177.05858514313925,0.0010976787854019652
1538,43.86674364896074,7.343433917405076,171.98854322504536,-0.2088006400689725
1539,43.895265588914555,1.458852379917392,169.32930785732762,-0.336006600610008
1540,43.92378752886837,81.23824271582373,159.5954994653072,-0.6454206122012794
1541,43.95230946882217,64.41602477414837,176.02490255964656,-0.7755408136955174
1542,43.980831408775984,63.582582830593225,172.86830870679285,-0.5171878922420289
1543,44.009353348729796,40.1652846600957,156.2382518493255,-0.8756486257835643
1544,44.03787528868361,73.69110765689976,163.58107390213246,-0.9408303809121055
1545,44.06639722863741,44.53726542878557,179.03404337888892,-0.8934926316830916
1546,44.094919168591225,21.639889834642897,175.6534246319389,-0.7116974583816631
1547,44.12344110854504,36.466383981532886,175.99863885148656,-0.6725545014400872
1548,44.15196304849885,42.1677263600456,160.0816064983795,-0.8661300037474486
1549,44.18048498845266,10.6618886159836,165.46507306880082,-0.7783438086326301
1550,44.20900692840647,24.392622392975543,135.27134679840918,-0.8682947957290122
1551,44.23752886836028,19.090293591378927,172.59413707143858,-0.8389147236233951
1552,44.26605080831409,50.9310525689793,156.58976775438052,-0.8734179234421495
1553,44.2945727482679,54.84003199563894,166.56948238335406,-0.7389345802910046
1554,44.323094688221715,64.62708912832954,164.01754497533526,-0.8465314901661024
1555,44.35161662817552,70.42616374613831,163.61437590758308,-0.8373152503294801
1556,44.38013856812933,85.10119350795316,167.21543834608266,-0.5209840142271345
1557,44.408660508083145,103.90240755912433,168.44158332064552,-0.3836510850147646
1558,44.43718244803696,12.170192600307505,170.12435897117794,-0.5498261432093108
1559,44.46570438799077,51.494359507928664,174.07011605376172,-0.3201222255886406
1560,44.494226327944574,130.93412996994553,151.80540386282246,-0.27125490587854717
1561,44.522748267898386,68.82053349834263,162.75744818627305,-0.05823347466590024
1562,44.5512702078522,0.981134111702181,171.73520112980162,-0.3289231999031489
1563,44.57979214780601,103.09808237213142,146.37390235612378,-0.44034903064673975
1564,44.608314087759815,,,
1565,44.63683602771363,,,
1566,44.66535796766744,159.1836614481257,167.94435699774962,-0.6576433628478929
1567,44.69387990762125,,,
1568,44.722401847575064,,,
1569,44.75092378752887,,,
1570,44.77944572748268,,,
1571,44.80796766743649,,,
1572,44.836489607390305,55.694726336985745,149.3444258460387,-0.500624668604391
1573,44.86501154734412,110.07231939471633,142.4501431290236,-0.9665525249830146
1574,44.89353348729792,123.4348794731875,166.5513036926573,-1.222799706888208
1575,44.922055427251735,95.59091184499174,155.08720981289835,-0.9676886614545622
1576,44.95057736720555,61.14166266351983,162.09852189687348,-0.35726799870791215
1577,44.97909930715936,65.0162876376696,150.62052840631648,-0.6980673782992712
1578,45.007621247113164,39.55216139545387,152.01554663895377,-0.1115724129787146
1579,45.036143187066976,13.417835653585767,167.53175884290204,0.21267275309458641
1580,45.06466512702079,16.27321285343787,164.47566391147197,0.07283920946969467
1581,45.0931870669746,1.290876809972613,162.74634146401016,0.9079804572866587
1582,45.12170900692841,23.856570874870684,172.71683832748226,0.9038921363313194
1583,45.15023094688222,48.91788242341528,164.1257323668096,0.993157010517326
1584,45.17875288683603,48.902648195138156,170.00667474262664,1.0254768474498397
1585,45.20727482678984,89.55947748170695,161.62259191969594,-0.9741198948982387
1586,45.235796766743654,165.29837149033025,176.62908584307462,-1.4924544084086582
1587,45.264318706697466,,,
1588,45.29284064665127,,,
1589,45.32136258660508,119.10045298345376,141.60221047029492,-1.158365285595545
1590,45.349884526558895,140.14811214853347,136.0706377601578,-1.280293882032809
1591,45.37840646651271,,,
1592,45.40692840646651,,,
1593,45.435450346420325,,,
1594,45.46397228637414,,,
1595,45.49249422632795,,,
1596,45.52101616628176,,,
1597,45.549538106235566,,,
1598,45.57806004618938,130.72621246260223,123.82235394938064,-1.2320440548643876
1599,45.60658198614319,160.7636145277025,178.53723771153153,-1.9012675772489238
1600,45.635103926097,165.51632038484254,170.2476250762526,-1.6587011793332707
1601,45.663625866050815,172.8533916301147,168.23997320800626,-1.6705678513390823
1602,45.69214780600462,174.33701967839664,169.82031160446041,-1.827269157706605
1603,45.72066974595843,178.53961381544593,171.09855008771146,-1.8295397489602467
1604,45.749191685912244,166.650455575968,171.63831577971422,-1.6928013263796813
1605,45.777713625866056,165.28383005191472,171.20418626387294,-1.7077598903759994
1606,45.80623556581987,154.47720110897674,162.39709998130655,-1.6178930654191697
1607,45.83475750577367,12.600787067649396,178.90969127067154,0.15045818013817425
1608,45.863279445727485,21.550401029384876,167.6121639852315,-0.5801585974208741
1609,45.8918013856813,3.281726650784657,144.56462454373113,-0.12706524872824054
1610,45.92032332563511,23.893677762254732,172.81682323558874,-0.5372925748058534
1611,45.948845265588915,40.23896277566337,174.04417121841996,-0.6702416581096751
1612,45.97736720554273,41.400609812263745,176.73472719012577,-0.7464746807848833
1613,46.00588914549654,47.89255601102151,167.95108244738742,-0.807940826816078
1614,46.03441108545035,14.93207214369177,176.2929567336224,-0.4890371622027601
1615,46.06293302540416,43.37888430165753,159.11922478625283,-0.793821810974447
1616,46.09145496535797,17.70825077517751,165.25904186012187,-0.5304157817676477
1617,46.11997690531178,77.92108878556903,157.90483259411127,-0.9797778731438241
1618,46.14849884526559,25.884933448063773,162.55706046804156,-0.6098064631542537
1619,46.177020785219405,170.88910753700483,156.19567011385305,-1.79128539282472
1620,46.20554272517322,11.485902246086482,128.18717024603643,-0.33917261724033415
1621,46.23406466512702,0.8613160676591731,121.08820801837382,-0.8804121220339307
1622,46.262586605080834,171.62825975332308,163.14472907990705,-1.7236668564740052
1623,46.291108545034646,9.070907537826624,26.461082781440496,-0.5858469189260135
1624,46.31963048498846,9.145511518794859,170.04416349711005,0.1333297521183844
1625,46.34815242494226,6.796169486938139,172.3496569967187,0.1135929990236245
1626,46.376674364896076,6.823689142458059,169.3513262815099,-0.07230647042092797
1627,46.40519630484989,10.090801128758308,166.29316799617993,0.2699413761850473
1628,46.4337182448037,10.937035637996086,174.61466287343654,0.526079301493741
1629,46.46224018475751,11.55929653757398,179.3330033812963,0.28307585963850257
1630,46.49076212471132,12.570426429223053,175.43924344009594,0.31420110768318593
1631,46.51928406466513,17.02198938244986,179.45838082759965,0.3182893595578675
1632,46.54780600461894,16.39358579614483,177.48585763989118,0.34098893949725023
1633,46.57632794457275,14.797742443818775,174.44991770380338,0.10472600720289274
1634,46.604849884526566,4.784851645034089,170.74030592127207,-0.439016019653244
1635,46.63337182448037,7.677089812039669,176.46715495843998,-0.29385376057015117
1636,46.66189376443418,22.058532395570126,175.07579422103706,0.17907384941134596
1637,46.690415704387995,13.257362056305466,175.99364944682418,-0.02227984599250495
1638,46.71893764434181,9.92997481006405,177.63525966514365,-0.01860349338062429
1639,46.74745958429561,10.71183648350482,172.03777796973986,0.012318474701694384
1640,46.775981524249424,10.5749689301595,165.00614360528405,0.17203131973243568
1641,46.804503464203236,7.251402222530139,161.6022665593581,0.2767408038701492
1642,46.83302540415705,7.19613124085481,161.29378099033158,0.25103368596907244
1643,46.86154734411086,4.190918994997361,170.0191140589479,0.440410591482099
1644,46.890069284064666,10.496598392550592,173.56796638584288,0.589974559256312
1645,46.91859122401848,32.92299829140442,173.246341304071,0.7238455945939096
1646,46.94711316397229,41.09744226183133,155.1330532816151,0.7720301164758931
1647,46.9756351039261,51.34269433138063,161.65137952206754,1.0151181453755287
1648,47.004157043879914,62.410978904914174,168.89955772306575,0.9467671734672606
1649,47.03267898383372,64.15788278867664,157.11324139163122,1.1031139544555781
1650,47.06120092378753,68.17562493684834,176.72147100927606,0.7394508391814264
1651,47.08972286374134,52.210768790980765,175.91694930356127,0.6725182805333384
1652,47.118244803695156,66.58035711243095,170.22550214015976,0.39303029427748615
1653,47.14676674364897,36.36986255287325,173.42758356548038,-0.15211083391444952
1654,47.17528868360277,31.12594493749693,164.5662440100012,-0.3750604445166769
1655,47.203810623556585,30.228744256200667,169.47451044273691,-0.13543130876436782
1656,47.2323325635104,42.9396365736246,173.7492192067417,-0.2253705085847241
1657,47.26085450346421,31.12054389133423,175.2872473480861,-0.32497266201554287
1658,47.289376443418014,26.265846417241185,177.31416365616224,-0.2623916101347891
1659,47.317898383371826,34.264228167891034,177.777657407769,0.08062356137754532
1660,47.34642032332564,49.6428660139632,179.94384714666182,0.784361559645125
1661,47.37494226327945,26.509318651817036,159.9918198161992,0.43908399300996
1662,47.40346420323326,13.404118057210155,169.0206722774227,0.28390585294137605
1663,47.43198614318707,24.80731753368566,173.4778124250408,0.2871439519471792
1664,47.46050808314088,21.596290329182448,175.14658931649757,0.12988882187080433
1665,47.48903002309469,30.625763337739762,176.531064261998,0.28254766766699035
1666,47.517551963048504,,,
1667,47.546073903002316,,,
1668,47.57459584295612,,,
1669,47.60311778290993,,,
1670,47.631639722863746,168.43557672779937,177.52550612301798,-1.6780429758840016
1671,47.66016166281756,176.0129656456307,165.75944666580196,-1.4496070643330665
1672,47.68868360277136,165.49954098866013,168.92826134014163,-1.4977939334583543
1673,47.717205542725175,58.07635376618224,146.06087028977728,-0.6446999796479147
1674,47.74572748267899,176.13640697958226,161.77761086837282,-1.3840516192779269
1675,47.7742494226328,109.85594742357932,162.43311206340866,-1.2745012769398103
1676,47.80277136258661,153.19402570677525,174.4415847329541,-1.694554607980771
1677,47.831293302540416,147.86735025428476,168.1746376467644,-1.4873328798634187
1678,47.85981524249423,152.0327835841726,171.6365955633761,-1.562611969154916
1679,47.88833718244804,162.14479383342433,163.73361687356396,-1.4492038031270313
1680,47.91685912240185,152.5028513770676,179.52804779992223,-1.5361913234607703
1681,47.945381062355665,119.0136466485253,135.36483316813775,-1.1237210000768363
1682,47.97390300230947,131.29888641627065,173.7596491174504,-1.4136242138989856
1683,48.00242494226328,153.09933693589008,174.16871170344973,-1.6041046729433017
1684,48.030946882217094,152.96521454828599,176.64943656586524,-1.513934891969642
1685,48.059468822170906,151.3291987588387,170.49468551486748,-1.587929974386087
1686,48.08799076212472,157.57329344006166,167.38364179790784,-1.555057075523749
1687,48.11651270207852,157.1845861873706,169.90065297290383,-1.5929519743002554
1688,48.145034642032336,156.45547945396874,170.19090757040084,-1.5143775057373658
1689,48.17355658198615,156.245308940311,169.4719398248069,-1.492266170543625
1690,48.20207852193996,150.60726293471672,168.3640403733252,-1.512522689393718
1691,48.230600461893765,145.73161830762677,169.8074292370796,-1.4468606825834442
1692,48.25912240184758,145.90492714696722,167.74251342288872,-1.4760728651831434
1693,48.28764434180139,145.30990111895332,167.4402394162314,-1.4753167394766018
1694,48.3161662817552,143.48972822529734,144.00503575817936,-1.2835581122920174
1695,48.34468822170901,143.18113103086088,161.13682935229141,-1.3750918847899107
1696,48.37321016166282,142.24075701914563,165.90509928604607,-1.3948673824983857
1697,48.40173210161663,143.3559077071532,163.22324061130416,-1.4335486023019024
1698,48.43025404157044,145.90506378541085,166.80034921395338,-1.4344785488171896
1699,48.458775981524255,141.24908418328218,173.5997006790334,-1.3834400482478995
1700,48.48729792147807,146.0350799093782,175.60241863487724,-1.4059383096419025
1701,48.51581986143187,140.77407842675453,176.12348525077127,-1.4754794119425405
1702,48.544341801385684,129.1915057834738,161.2860098553396,-1.4869924980485913
1703,48.572863741339496,131.31948928080374,175.11435753839217,-1.4928472643025084
1704,48.60138568129331,132.56197468186784,161.29951837189867,-1.5644569189652981
1705,48.62990762124711,133.5545442901698,141.53608071055132,-1.5479002413662581
1706,48.658429561200926,128.35927466590493,159.2677750049343,-1.4218463271885045
1707,48.68695150115474,119.93982610168449,159.88180901726162,-1.3232906559734077
1708,48.71547344110855,123.94393602377326,161.03794054429179,-1.4675249844906137
1709,48.74399538106236,126.65254572904519,156.70115702786612,-1.4473112419571612
1710,48.77251732101617,128.6796444324824,149.6724059083616,-1.485080262491805
1711,48.80103926096998,127.3344915040739,155.74063673458446,-1.4358978431558074
1712,48.82956120092379,128.54723580167746,159.27696440957618,-1.502125569418536
1713,48.8580831408776,126.6873824594263,160.27551560359313,-1.502281876433195
1714,48.886605080831416,126.22902350630834,164.1530079765898,-1.5371795348428714
1715,48.91512702078522,122.06833847970427,162.73905534703226,-1.4595399925474906
1716,48.94364896073903,120.9271611411633,163.42636892508943,-1.4346283506193034
1717,48.972170900692845,117.18893285509924,169.84095764224062,-1.416957246945903
1718,49.00069284064666,119.8622603880531,166.49657754771857,-1.3876700624941773
1719,49.02921478060046,126.48748804291793,178.49182484208646,-1.4546308949907367
1720,49.057736720554274,137.59977262909462,171.8628369785968,-1.5111085433832674
1721,49.086258660508086,133.88459228406268,159.7141457756718,-1.4661609266345652
1722,49.1147806004619,131.32016465959492,163.52913763043645,-1.4468487543289532
1723,49.14330254041571,141.55038188042707,46.3104530997085,-1.1193504912010885
1724,49.171824480369516,138.0987343478554,166.748175504166,-1.2313416764812082
1725,49.20034642032333,121.83484410227852,171.7464738572889,-1.1946018399630571
1726,49.22886836027714,125.28029382499582,177.2831780686081,-1.3163440168193825
1727,49.25739030023095,123.05463569052195,173.34338867312036,-1.4757437207439388
1728,49.285912240184764,122.37118039067553,171.1731294963562,-1.3769948994725885
1729,49.31443418013857,119.14060124861251,174.14640180329687,-1.3342557393645558
1730,49.34295612009238,128.86275338446762,179.7128235096908,-1.4334894479773996
1731,49.37147806004619,130.504265393532,177.39749013992864,-1.3609298767537974
1732,49.400000000000006,136.33905504636223,179.08497549760162,-1.3969786013715828
1733,49.42852193995382,139.9382514797488,172.71629862155177,-1.425101108621618
1734,49.45704387990762,142.22435436618034,161.39371726306507,-1.3172772334008476
1735,49.485565819861435,143.87692591034195,157.52077929626998,-1.3416961829470284
1736,49.51408775981525,146.89962502380453,154.558035563595,-1.3733592169379947
1737,49.54260969976906,144.27159641785252,156.99576873345748,-1.3766142123117402
1738,49.571131639722864,136.12559112488898,159.36322897480866,-1.357503582832484
1739,49.599653579676676,99.89118918634146,157.45823521648904,-1.1729520177059563
1740,49.62817551963049,114.43300996415144,155.71911694588852,-1.2412903813704963
1741,49.6566974595843,120.26536157828703,161.91617729475723,-1.216218047185103
1742,49.68521939953811,135.29598629132522,173.24493341381796,-1.3426623478718687
1743,49.71374133949192,142.0512066651728,168.9748842596502,-1.4543085044291177
1744,49.74226327944573,142.4782732906676,167.43074801432843,-1.4308530614394552
1745,49.77078521939954,135.40988987872097,159.57829646514156,-1.4019823710702841
1746,49.799307159353354,126.9008587268313,157.27623865231956,-1.3107327854794377
1747,49.827829099307166,131.6887717581172,157.44371752440088,-1.3518917574292773
1748,49.85635103926097,140.3083420310927,166.12317601882805,-1.4601700101920774
1749,49.884872979214784,135.2586938575936,157.31346174738832,-1.2841170594767641
1750,49.913394919168596,134.75699647722274,162.44882330230945,-1.3147499684131112
1751,49.94191685912241,130.99894415331673,157.48928621384243,-1.2722534109894426
1752,49.97043879907621,132.86207490802957,163.11203029186788,-1.294651142137438
1753,49.998960739030025,131.4923406845203,161.60377983400585,-1.3042923972656042
1754,50.02748267898384,136.3744114674509,159.9384994965618,-1.3609782696908141
1755,50.05600461893765,127.46866742371675,159.7777770599626,-1.330722077856219
1756,50.08452655889146,125.53660797436694,155.91602880376044,-1.3540320369801429
1757,50.11304849884527,119.6995640040151,162.5482959453708,-1.3895627962875257
1758,50.14157043879908,123.98228165221397,156.38886251924316,-1.347624457490299
1759,50.17009237875289,131.4233315471584,164.47582426162072,-1.543753622665419
1760,50.1986143187067,129.43193043329453,164.84846199372979,-1.4862005237825608
1761,50.227136258660515,132.47350496276607,176.81327416709837,-1.4959323234844417
1762,50.25565819861432,131.90696130634743,175.37707274533656,-1.4836948830766474
1763,50.28418013856813,130.47890555267753,179.5141791821117,-1.4624360677616004
1764,50.312702078521944,131.93239885616651,167.50752179402883,-1.4225277879231095
1765,50.34122401847576,127.13644294079022,167.954245405084,-1.4289488315725702
1766,50.36974595842956,132.9571461373612,166.58630218667116,-1.4183827105899096
1767,50.398267898383374,127.26317852633255,159.18465559703503,-1.5198667414196174
1768,50.426789838337186,129.78308795196816,165.70421261471148,-1.4351813595138254
1769,50.455311778291,128.06739146429575,168.68075127752155,-1.4754568176063023
1770,50.48383371824481,127.67944067342228,170.22895441744114,-1.4552832301726948
1771,50.512355658198615,116.62438719000139,170.82369444515916,-1.455277689164157
1772,50.54087759815243,119.24285903990247,172.05468842625382,-1.4500244308550814
1773,50.56939953810624,131.04533944652013,171.24083966959418,-1.5085149492974392
1774,50.59792147806005,125.79029716759716,169.4240645608158,-1.4230707599251484
1775,50.626443418013864,127.05219616846293,167.56939631641967,-1.4070890178485844
1776,50.65496535796767,126.12065493989847,168.0374328013823,-1.396426731370263
1777,50.68348729792148,113.74048013600039,148.95725788664492,-1.2821780013044837
1778,50.71200923787529,133.33919436653272,167.98749315075517,-1.421046399975092
1779,50.740531177829105,133.87834659047542,165.2289819460194,-1.3705739635131684
1780,50.76905311778292,123.55573790373234,177.23463676316217,-1.2242769931520794
1781,50.79757505773672,129.42668729002892,172.21157568490412,-1.3413474998675021
1782,50.826096997690534,124.48140200963786,169.4941239617088,-1.323284809806884
1783,50.85461893764435,133.90312317721563,166.29181348979847,-1.4098218982330584
1784,50.88314087759816,138.19723159645727,168.6673154532497,-1.4201351044534116
1785,50.911662817551964,128.7863034590832,166.36199983742816,-1.2812591342804034
1786,50.940184757505776,140.62833163635872,171.79237384971108,-1.472876985973674
1787,50.96870669745959,138.8082081107406,168.65600918357995,-1.4654486718703958
1788,50.9972286374134,138.63201024290527,168.40650927979442,-1.5039332050704128
1789,51.02575057736721,139.17021008298556,166.0237449925461,-1.524847652470292
1790,51.05427251732102,135.61633697570804,167.1940876088446,-1.4861200139405286
1791,51.08279445727483,136.8414129947735,167.5379075704203,-1.4769173310275803
1792,51.11131639722864,135.68555360939726,168.23386902827193,-1.4384250837044246
1793,51.139838337182454,135.1363398087512,170.58281683503736,-1.4658967798108866
1794,51.168360277136266,134.23254180169292,169.23723072888362,-1.454293074585453
1795,51.19688221709007,135.34779569748144,177.94686270466056,-1.3107896795003329
1796,51.22540415704388,128.54842743733138,166.76220959265316,-1.1794290754145664
1797,51.253926096997695,131.1509152023184,171.26062890097313,-1.3443231576026293
1798,51.28244803695151,125.46979220088689,169.53057971409208,-1.283646355372678
1799,51.31096997690531,131.90669389067807,171.0975159891994,-1.329530626263091
1800,51.339491916859124,140.48848368204236,169.06673590104222,-1.4791946572895869
1801,51.36801385681294,137.12023261200602,170.62498335051194,-1.468090521737148
1802,51.39653579676675,140.2546897909564,170.23736518665825,-1.459642602185026
1803,51.42505773672056,142.40729718302688,166.54139217723835,-1.4739826353658918
1804,51.453579676674366,140.98202078070452,156.45494127188044,-1.4673811998974968
1805,51.48210161662818,141.11697435540188,155.65979114746796,-1.4470254406922254
1806,51.51062355658199,141.82442629794974,170.12481134419957,-1.503272441714528
1807,51.5391454965358,139.90332291007175,171.5586917467422,-1.4741631026548998
1808,51.567667436489614,142.57261808045723,170.46509633817575,-1.5048657939232457
1809,51.59618937644342,141.36985048562454,169.4145863604529,-1.49413871949253
1810,51.62471131639723,137.33912521161227,161.89237007560388,-1.4164764207196574
1811,51.653233256351044,140.51529490852406,164.65264085482227,-1.4022168632168923
1812,51.681755196304856,132.0950566201754,161.10108175664735,-1.2529841969284883
1813,51.71027713625867,144.70016831649383,146.203646355431,-1.4052828904697408
1814,51.73879907621247,147.11405471712578,178.13179740574373,-1.5024016123387978
1815,51.767321016166285,148.42104505340225,170.25515190962193,-1.5129541286451864
1816,51.7958429561201,148.43932744140486,176.81967394148646,-1.5225026741465773
1817,51.82436489607391,148.44527372251972,160.31887132333054,-1.5318993984547258
1818,51.852886836027714,146.00865286579995,167.5946456250175,-1.565445012510506
1819,51.88140877598153,152.44682180269288,166.06717439917415,-1.5389198716272985
1820,51.90993071593534,140.74058768444397,169.98588871926214,-1.451998175351091
1821,51.93845265588915,144.60543597374718,157.7997573808058,-1.5338184413051241
1822,51.96697459584296,147.0849179229368,166.04971863260712,-1.5558550311438126
1823,51.99549653579677,147.93352144084594,162.08577598245452,-1.5785793067730378
1824,52.02401847575058,155.3589607582209,165.77772792916065,-1.5523607812155273
1825,52.05254041570439,153.75673514906094,158.0075630667854,-1.5602210968624226
1826,52.081062355658204,146.92570459933398,165.53652096046022,-1.4647604570555026
1827,52.10958429561202,142.53420639552047,165.91549998208842,-1.5034516787715702
1828,52.13810623556582,140.7016782935284,167.1796587355047,-1.5184982880089162
1829,52.166628175519634,139.55061374328366,167.99592242252973,-1.5454139200498145
1830,52.195150115473446,146.30919274618765,163.3409651981379,-1.4839075311007057
1831,52.22367205542726,147.4088879485475,151.8977000498069,-1.5480867964882057
1832,52.25219399538106,147.95498598840754,135.55469856238238,-1.6268195590651078
1833,52.280715935334875,129.20090383681858,147.9218594843649,-1.626006971668324
1834,52.30923787528869,123.53586364022829,159.35434885513234,-1.5771340409029695
1835,52.3377598152425,119.6885849599876,162.2724069423217,-1.5483257798415109
1836,52.36628175519631,119.2983739283998,157.9760518777992,-1.5342780543529257
1837,52.39480369515012,114.50574131629163,166.81182145528734,-1.4690349892930814
1838,52.42332563510393,112.04779882869786,172.61482544419812,-1.448077147121935
1839,52.45184757505774,108.76871288240396,174.40418494424725,-1.4309298454818016
1840,52.48036951501155,110.00117201101268,176.22795662660576,-1.4272879286900004
1841,52.508891454965365,110.4634607604816,173.59756848195713,-1.4814982932954288
1842,52.53741339491917,22.23483080127903,168.9687140340519,-0.5116662844982356
1843,52.56593533487298,152.20578362171327,53.70037626844676,-1.555626184601504
1844,52.594457274826794,,,
1845,52.62297921478061,141.33431795307283,135.7031764708632,-1.6443128606621662
1846,52.65150115473441,113.63239270803817,161.74351719494476,-1.5824017080161012
1847,52.680023094688224,103.32516638017897,168.05182204618924,-1.3076537649384414
1848,52.708545034642036,104.58924483441804,168.28162712631027,-1.334679372448191
1849,52.73706697459585,129.63719311111078,171.0212088350278,-1.4787674027152997
1850,52.76558891454966,111.59951268526252,178.8237129797365,-1.4289551617592366
1851,52.794110854503465,134.7587500644174,176.81609392799584,-1.5584178502317705
1852,52.82263279445728,131.10064506310587,172.10700221786715,-1.5291433982635367
1853,52.85115473441109,143.4041495532438,155.80457804323223,-1.6254389424651645
1854,52.8796766743649,142.91100145552508,160.18596208424324,-1.6622261563669731
1855,52.908198614318714,166.006228774432,175.06440974630908,-1.7343451174052473
1856,52.93672055427252,117.65423896361082,174.3321372442622,-1.5320864095116316
1857,52.96524249422633,117.91237180833232,168.89710534467744,-1.5257089134736752
1858,52.99376443418014,177.10836274925526,171.57370905528157,-1.7426199762413563
1859,53.022286374133955,166.99752501114548,172.6885508066356,-1.567366347080142
1860,53.05080831408777,143.96633063196586,163.71769098150875,-1.5597927683713892
1861,53.07933025404157,113.57392535157469,173.42650969516694,-1.257436958222342
1862,53.107852193995384,144.2066551163527,159.95949693447608,-1.1835910933796814
1863,53.1363741339492,172.18952882027259,169.0392766498467,-1.2587007424967622
1864,53.16489607390301,118.2259875878371,153.665661728308,-1.0622551805435065
1865,53.193418013856814,121.491114925518,137.79838418559518,-0.9760002317317619
1866,53.221939953810626,129.88760519907652,145.55456745272772,-1.309730621769839
1867,53.25046189376444,155.94909691247162,157.73279967020346,-1.553249649960864
1868,53.27898383371825,147.71803203619973,130.6950416287306,-1.4632951086874892
1869,53.30750577367206,137.58905239680095,127.20929372391649,-1.4125680582655766
1870,53.33602771362587,137.03513663456866,162.60239730599085,-1.478265469455688
1871,53.36454965357968,139.69023514001316,140.59505965049462,-1.454900634820708
1872,53.39307159353349,126.51279990272724,156.57052343783985,-1.4412800957365846
1873,53.421593533487304,127.51441300227425,167.29440702513736,-1.4368518932492926
1874,53.450115473441116,142.73692759863474,175.46240737210917,-1.5076774142043903
1875,53.47863741339492,119.12941608993586,140.03676094422784,-1.5000450732437518
1876,53.50715935334873,117.95632337462273,151.47436144163606,-1.4801639995750275
1877,53.535681293302545,116.29348559630105,161.42414055402213,-1.4336746835855128
1878,53.56420323325636,109.81717030455546,174.97659779283669,-1.395783212865622
1879,53.59272517321016,93.0105768907522,179.76574050386668,-1.2973320531618968
1880,53.621247113163975,93.18925869419316,173.8082109013136,-1.3248216145589216
1881,53.64976905311779,108.71810506910107,177.5549767804508,-1.351750803897752
1882,53.6782909930716,121.47584154739472,174.67763426835432,-1.3479034221004451
1883,53.70681293302541,148.4536226997402,178.2040709402366,-1.3867902397672938
1884,53.735334872979216,131.96897013148654,172.91458048055796,-1.3478605799799204
1885,53.76385681293303,133.73134536536233,177.16073188433694,-1.3545443512035953
1886,53.79237875288684,168.20398380544623,140.13686766095503,-1.5555331753635513
1887,53.82090069284065,172.40601954394697,145.086062456697,-1.6206827731087274
1888,53.849422632794465,145.18773340179132,125.2369311156909,-1.6872775537719404
1889,53.87794457274827,163.76723610553114,134.05522950627847,-1.5708582931763804
1890,53.90646651270208,,,
1891,53.934988452655894,,,
1892,53.963510392609706,,,
1893,53.99203233256351,159.64631819246748,178.118224369182,-1.798214446678813
1894,54.02055427251732,143.50708327623713,172.14557683022022,-1.7256667818903435
1895,54.049076212471135,153.89025920190616,171.70063975202635,-1.5800522774465284
1896,54.07759815242495,163.28381262762608,171.54573665456797,-1.6241079364534958
1897,54.10612009237876,176.07109962800143,174.30033346407185,-1.785090905925771
1898,54.134642032332565,167.3701176655889,179.98922504791796,-1.688398075390102
1899,54.16316397228638,170.1636697370452,173.1861166131645,-1.5613193444652753
1900,54.19168591224019,175.76950394885486,175.72601028764728,-1.680738099505292
1901,54.220207852194,175.98796050267936,176.5884208591791,-1.7581454467081352
1902,54.24872979214781,176.20409281603781,175.9571012855071,-1.7906404480951494
1903,54.27725173210162,178.41023924773472,179.92859632141548,-1.797026081370486
1904,54.30577367205543,176.0718695910712,179.2217874029236,-1.7603433057277824
1905,54.33429561200924,179.2141406733503,172.9642973708589,-1.800381431736433
1906,54.362817551963055,171.46294572197087,174.51279886631988,-1.743817891094941
1907,54.39133949191687,177.0077133143523,173.41661230053614,-1.764214278782801
1908,54.41986143187067,168.71519624505515,177.3976215899206,-1.760941740516151
1909,54.448383371824484,173.1935019345198,170.69879015688053,-1.753512447019203
1910,54.476905311778296,165.75108826732546,177.35711367212386,-1.6041729053157117
1911,54.50542725173211,165.44819383317875,179.40699034906214,-1.6268549012861822
1912,54.53394919168591,168.42959914195794,176.40756196404485,-1.6811610707533684
1913,54.562471131639725,175.2165281232964,148.32538982466613,-1.6905219901858537
1914,54.59099307159354,160.70240891697404,171.38127356591718,-1.7831070014227692
1915,54.61951501154735,159.04055568719554,178.35964577720722,-1.8489992702572111
1916,54.64803695150116,147.98001030563339,155.34682365953194,-1.5615414572936854
1917,54.67655889145497,155.72032524971132,151.2397472244314,-1.5570008773801067
1918,54.70508083140878,163.09316631871667,161.9573278015905,-1.5741683558308854
1919,54.73360277136259,165.38297048350006,171.62702936997442,-1.5934636333944507
1920,54.7621247113164,170.25960514051937,174.5044767208317,-1.6688986750450798
1921,54.790646651270215,171.04931945026658,179.66376923257755,-1.622966907062414
1922,54.81916859122402,168.62467983898424,176.06747371926232,-1.6604819225495777
1923,54.84769053117783,178.76456302023854,177.15279976412916,-1.6809680542468244
1924,54.876212471131645,87.86751704028671,147.46198837600514,-1.0205969574657574
1925,54.90473441108546,177.01245398488064,95.8740777195932,-1.3664962171429527
1926,54.93325635103926,143.1190877113553,131.47838711921125,-1.269055366147747
1927,54.961778290993074,158.5378544617138,24.04256700926794,-1.3247323376637448
1928,54.990300230946886,177.73300111346506,176.26035775967313,-1.5368818838281233
1929,55.0188221709007,179.22895191369872,178.56558108953163,-1.6637911892193595
1930,55.04734411085451,177.39222835547173,175.6255167679565,-1.5977658257595544
1931,55.075866050808315,146.62616759388524,145.4490922472811,-1.9322651221390397
1932,55.10438799076213,171.23126687774462,156.77572559459887,-1.8220584040437677
1933,55.13290993071594,163.8633331565651,128.78079271463972,-1.6351630413024256
1934,55.16143187066975,164.88408561862636,157.4522193980435,-1.6481989686389167
1935,55.189953810623564,127.58346931390528,157.98571475577407,-1.7601360090514901
1936,55.21847575057737,109.87946970798156,146.57071171142155,-1.2711810653462758
1937,55.24699769053118,111.98930448559875,157.9641652985929,-1.3544857137424047
1938,55.27551963048499,155.1702487473858,165.59904134033974,-1.7144779450568188
1939,55.304041570438805,68.7772801537442,145.50679184488513,-0.9377651112374066
1940,55.33256351039261,9.472613948478616,169.85500276800374,-0.4543785603161281
1941,55.36108545034642,56.74986636572428,155.64108713708617,-0.8496085544456344
1942,55.389607390300235,172.82286386857197,154.6107121437017,-1.39166120151606
1943,55.41812933025405,175.37661300001668,149.43879243558808,-1.6347845889001507
1944,55.44665127020786,160.49435918327234,176.8569736399102,-1.7770377833667836
1945,55.475173210161664,179.23785280125736,173.38100525102,-1.7859589775385072
1946,55.503695150115476,168.77115439658263,153.81965483698175,-1.5263040792573181
1947,55.53221709006929,78.44263977717718,157.56167329517888,-0.8557755240122836
1948,55.5607390300231,111.52809443032969,173.39535553582283,-0.8543119984774147
1949,55.58926096997691,122.62941642482384,172.6812187961821,-1.2287237124397865
1950,55.61778290993072,,,
1951,55.64630484988453,128.36890380315205,120.78773412150575,-2.0727105593113384
1952,55.67482678983834,135.23711453592014,116.72607311827004,-2.098862145628353
1953,55.703348729792154,137.42409201280708,166.77483516598966,-1.942077641361825
1954,55.731870669745966,140.0801776010064,177.48816949118154,-1.9179971608062791
1955,55.76039260969977,144.1898397873593,178.84484527168047,-1.8912952022467282
1956,55.78891454965358,148.1873976613415,174.1344819284357,-1.812310744864376
1957,55.817436489607395,145.59906717875745,173.49095236832048,-1.7435066595618276
1958,55.84595842956121,143.86472038248468,168.18001408036696,-1.7036346296372207
1959,55.87448036951501,139.5818238251184,166.09545658641804,-1.6967349952615587
1960,55.903002309468825,138.203720387625,173.52879024082523,-1.6832902024480376
1961,55.93152424942264,136.1515945364623,172.92894446712012,-1.7761984102811494
1962,55.96004618937645,126.88470891764113,174.16836090548648,-1.5958611894959922
1963,55.98856812933026,129.26695150086468,168.17644825504854,-1.63807654060147
1964,56.017090069284066,121.01179822114793,168.8798396694352,-1.571967977107993
1965,56.04561200923788,125.75874755900358,158.3363563056217,-1.5747285327547547
1966,56.07413394919169,122.99426951380606,164.4490667999896,-1.5423645595069855
1967,56.1026558891455,135.0686063354815,165.68737067535196,-1.6694467844121093
1968,56.131177829099315,124.71531870184235,170.01223743463655,-1.5606823588375298
1969,56.15969976905312,126.30120092624787,176.04349180069755,-1.53614023979148
1970,56.18822170900693,131.37013517686523,176.18766969422808,-1.541900711936067
1971,56.216743648960744,138.25754081890688,169.52832323655235,-1.5792557297346548
1972,56.245265588914556,139.8377693809499,171.41964204496568,-1.5818437059340003
1973,56.27378752886836,139.10933013363885,178.1141315430578,-1.6034400726344922
1974,56.30230946882217,139.66801368634626,174.16728360759652,-1.6883326589845637
1975,56.330831408775985,148.14089409665445,178.86289735574434,-1.7549716097023866
1976,56.3593533487298,151.35189553280316,173.26751515474436,-1.8333064812967093
1977,56.38787528868361,154.78565930823723,172.03717512651187,-1.8552427832945346
1978,56.416397228637415,156.91038706159003,179.1343229831977,-1.9303530561030247
1979,56.44491916859123,153.56041000370877,171.5458521272433,-2.0104285310493326
1980,56.47344110854504,152.35885526995634,177.48982929333255,-2.009566004324439
1981,56.50196304849885,150.01632892186382,178.56661281691757,-1.9491414077645144
1982,56.53048498845266,147.56002952613227,177.10407829588047,-1.9258566096586445
1983,56.55900692840647,145.29588659632913,178.94265195249872,-1.8249961735861449
1984,56.58752886836028,149.26563004144285,179.83944220374428,-1.9705515638554496
1985,56.61605080831409,151.34869670102668,177.5615124861342,-1.901721155859264
1986,56.644572748267905,151.39442950863187,175.88589407751678,-1.9265610213130928
1987,56.67309468822172,147.93790918212437,170.07730783796305,-1.8773438230938586
1988,56.70161662817552,146.7578325029804,170.75584202585696,-1.8220246748014952
1989,56.730138568129334,145.36069514432546,170.42983010446864,-1.7638022940282776
1990,56.758660508083146,142.95021804978936,161.02064326183765,-1.6983286769623775
1991,56.78718244803696,143.60210406130187,170.669170171944,-1.6854137987833806
1992,56.81570438799076,144.40735790279152,170.55963163286918,-1.6738387604076235
1993,56.844226327944575,140.82734758403828,172.49848918987348,-1.5977794742195388
1994,56.87274826789839,144.28244385135253,163.19494044207218,-1.4433483986497946
1995,56.9012702078522,38.30705725404194,148.01020889665574,-0.7968305639469798
1996,56.92979214780601,140.0057993404162,150.25399953684203,-1.1046707682271846
1997,56.95831408775982,10.198958878295853,131.96076179657476,-0.7516574035544241
1998,56.98683602771363,100.87497353432413,173.0745323980445,-1.1034061172740703
1999,57.01535796766744,125.31570382787963,165.3537603305629,-1.3489063521668638
2000,57.04387990762125,119.77169730416988,172.56883408916573,-1.3718240764584948
2001,57.072401847575065,77.26441168681895,178.11274469958119,-1.0886341521658356
2002,57.10092378752887,124.050913033026,174.5752142298434,-1.5920856363276268
2003,57.12944572748268,130.76669486937976,178.0415257107631,-1.5735285722697834
2004,57.157967667436495,170.04079433822477,169.46785438267986,-1.7610990700506466
2005,57.18648960739031,163.83009588180846,175.78574525240043,-1.8542538233034216
2006,57.21501154734411,6.756318830944797,170.3452174930178,-0.6596251118635401
2007,57.243533487297924,120.49088905086222,170.84231890639163,-1.255700333443777
2008,57.272055427251736,109.4737146625679,148.02928116019797,-1.2296981718562074
2009,57.30057736720555,132.48571498062185,146.97398279121603,-1.5897546435137142
2010,57.32909930715936,128.19166221573917,154.47408881655036,-1.477103613670871
2011,57.357621247113165,142.9725290352093,140.0791050648179,-1.6692432231093262
2012,57.38614318706698,84.22898274561022,161.32059463448917,-1.089501383718653
2013,57.41466512702079,65.71298698111332,170.4666740011498,-0.8944844328003364
2014,57.4431870669746,45.153648243271014,176.56393900851705,-0.6782755575467107
2015,57.471709006928414,62.47412153262174,162.92906312949282,-0.6643637268746414
2016,57.50023094688222,78.94122501296759,166.85359385310673,-0.8616077593316469
2017,57.52875288683603,101.04044848717686,157.88422333262875,-1.039377793130372
2018,57.55727482678984,21.186158360493504,151.53734590699625,-0.40997330666613174
2019,57.585796766743655,14.299609588563717,169.0391829091668,-0.30332857488212484
2020,57.61431870669746,10.21900279392891,161.9788034360071,-0.2482435670952217
2021,57.64284064665127,12.701645657941057,172.8267696892924,-0.2733072374042307
2022,57.671362586605085,6.28794748972178,164.18597574008126,-0.23520613592050596
2023,57.6998845265589,27.736519227448245,175.629969473414,-0.6092311019314861
2024,57.72840646651271,24.653842804818428,164.2964962814683,-0.5170771622454599
2025,57.756928406466514,17.65553956084043,108.16394311729233,-0.5010207145420348
2026,57.785450346420326,103.64156087843465,172.91683490280144,-0.9753257894152078
2027,57.81397228637414,175.3507415719101,154.58966994006857,-1.150966955922296
2028,57.84249422632795,169.4496128783627,153.10144612095831,-1.2763580531423016
2029,57.87101616628176,166.69821046988315,156.9095487215786,-1.2943240375357261
2030,57.89953810623557,160.83726410339452,164.72943925185376,-1.3891346364110282
2031,57.92806004618938,156.1519320971311,147.32096299965056,-1.3139212145629073
2032,57.95658198614319,38.698058478573024,116.37140350506472,-0.8033674338402382
2033,57.985103926097004,150.43180704948128,158.72138297168846,-1.2136972068355956
2034,58.013625866050816,176.215412184083,29.79569588764451,-1.6604544816979168
2035,58.04214780600462,116.1445765973157,114.29221525949588,-1.018225148904623
2036,58.07066974595843,135.50485454178178,155.26056587406825,-1.16170976394418
2037,58.099191685912245,178.50870692467404,178.03239969295785,-1.2498863498980162
2038,58.12771362586606,157.85241232027855,128.40108741807612,-1.321414826434417
2039,58.15623556581986,111.82976001809249,157.2580290876277,-1.2209706924847863
2040,58.184757505773675,138.7486176648467,109.70832622841107,-1.4127530039300302
2041,58.21327944572749,169.74772766121816,137.45063042112642,-1.389562002498544
2042,58.2418013856813,145.8650360483108,127.06537816899676,-1.1877165058671353
2043,58.27032332563511,165.84960899089253,160.45031066643472,-1.2194446010676423
2044,58.298845265588916,137.4480152139124,178.8231372750684,-1.1923355306533538
2045,58.32736720554273,155.17720489211203,176.350278690777,-2.281108323227494
2046,58.35588914549654,172.8336814198003,172.3482992737315,-1.9172840623701597
2047,58.38441108545035,179.08899738348808,172.571737327853,-1.8298482180753217
2048,58.412933025404165,145.7389281540976,161.83188252802853,-1.8139327895034534
2049,58.44145496535797,161.8540071308354,169.6752982944715,-1.8894832441349159
2050,58.46997690531178,173.35714576390606,174.3035512808632,-1.9074936474750397
2051,58.498498845265594,156.44134534355925,159.5743653277412,-1.9239862998942114
2052,58.527020785219406,177.678671160531,177.9802922896352,-1.9948331541203803
2053,58.55554272517321,148.58832213388814,179.87501143904456,-1.5805921142718737
2054,58.58406466512702,144.8841706415727,171.49722612907448,-1.6231666343937665
2055,58.612586605080836,143.86664550231038,170.21666653472025,-1.639323218343917
2056,58.64110854503465,145.37578721396804,165.08617520456838,-1.6373077539572807
2057,58.66963048498846,143.16440646165034,171.55486265622866,-1.6171981207905264
2058,58.698152424942265,141.8862642506422,176.8525106547914,-1.5797658310716678
2059,58.72667436489608,147.58427655311158,163.10352058954206,-1.5289252101026523
2060,58.75519630484989,148.9166569216115,164.13442291056097,-1.486820421903572
2061,58.7837182448037,158.10036215419547,163.4405963341078,-1.4528032358828102
2062,58.81224018475751,158.96671335927536,155.8021179890022,-1.427653610727372
2063,58.84076212471132,163.53974324320401,165.7765843384104,-1.3264989078362637
2064,58.86928406466513,169.8249106252612,166.43174678585925,-1.3386018319743083
2065,58.89780600461894,172.48931549047032,172.09655465493117,-1.3087766446018918
2066,58.926327944572755,176.14944057633625,176.58257014715662,-1.304655232758046
2067,58.95484988452656,179.72619279644448,176.3188218371769,-1.3045381547626562
2068,58.98337182448037,179.20741100086988,176.88688786912053,-1.3416756744492158
2069,59.011893764434184,177.0226100743061,178.97838549603085,-1.3224317513714305
2070,59.040415704387996,179.4572776796233,178.00439101788737,-1.3525930046955394
2071,59.06893764434181,174.63418836176967,175.80888347386406,-1.0392692736960412
2072,59.09745958429561,166.10731894421502,177.1184414484827,-0.7478117127224274
2073,59.125981524249426,153.8384398230999,153.3436923412465,-0.8173953110508259
2074,59.15450346420324,135.78192051240896,118.22866810348744,-0.6807124591605308
2075,59.18302540415705,131.56250376101156,117.30856152471638,-0.6966394783017457
2076,59.21154734411086,153.0017428361829,179.44672175073157,-0.8123875066976223
2077,59.24006928406467,160.2504564407156,166.3338899901326,-1.1133010202338256
2078,59.26859122401848,162.37034230662672,170.77850414929065,-1.2575903822976315
2079,59.29711316397229,166.13636961099553,173.33544606244197,-1.3359140943198322
2080,59.3256351039261,171.82731154763383,173.12991413616953,-1.437177715015228
2081,59.354157043879916,168.09218876842752,167.1953208068277,-1.4965064467179212
2082,59.38267898383372,179.59890414613136,173.27485993766845,-1.344709318029094
2083,59.41120092378753,176.51932812677904,173.42534436581695,-1.2359223103597412
2084,59.439722863741345,176.99055168497645,170.00107843727992,-1.169172871886941
2085,59.46824480369516,177.45176366107177,161.72633334381754,-1.2653258810428638
2086,59.49676674364896,178.19366188633376,170.9758731026651,-1.2495292671633496
2087,59.525288683602774,172.66745974398788,172.49653359853218,-1.247393939369576
2088,59.553810623556586,173.67749363412796,170.48643646389294,-1.4266325019056385
2089,59.5823325635104,175.71574596368222,179.35265459603835,-1.4704365996118325
2090,59.61085450346421,179.3321633889581,178.76132098498576,-1.4956673928385946
2091,59.639376443418016,173.30749220486916,177.20467431370065,-1.5464047489166994
2092,59.66789838337183,172.3167948480824,176.47454820475474,-1.551451994791921
2093,59.69642032332564,177.80849734643846,179.82392215585915,-1.620350326044099
2094,59.72494226327945,174.06645564018456,178.2786548767337,-1.5305408918491106
2095,59.753464203233264,167.0037792721023,179.68650325376356,-1.4410440704202492
2096,59.78198614318707,176.84458179608913,176.96135388167724,-1.4536292617336026
2097,59.81050808314088,179.66017070340436,176.65042992221132,-1.4914914468618403
2098,59.83903002309469,164.56718634846004,171.30468454218658,-1.530313403820639
2099,59.867551963048506,154.53870098202353,175.7000604596483,-1.530635337329116
2100,59.89607390300231,147.32067786387714,173.54262998937523,-1.5811136174306566
2101,59.92459584295612,138.92839650002048,170.9447406797574,-1.4211843444035148
2102,59.953117782909935,125.28562595549671,176.80736015388248,-1.4008479639373481
2103,59.98163972286375,129.9218246588427,157.14771087103088,-1.4363888125019895
2104,60.01016166281756,128.1541632333196,155.04770588270028,-1.4438540303193974
2105,60.038683602771364,145.7310820719278,138.3344488870558,-1.6396509920719753
2106,60.067205542725176,130.82382082320848,147.9637848122986,-1.4961352885167358
2107,60.09572748267899,132.88782707304765,169.81858311670203,-1.5547862664722973
2108,60.1242494226328,141.76610246426745,173.37231352082634,-1.6475141807430862
2109,60.15277136258661,147.23815907294454,174.5835039729202,-1.7742256882877772
2110,60.18129330254042,153.26230911319786,177.20133909274,-1.8108100242735956
2111,60.20981524249423,156.70707569337176,170.45602580491462,-1.8482144457899126
2112,60.23833718244804,159.52462504786428,165.41314475088657,-1.8735344527584232
2113,60.266859122401854,158.28334549179198,163.08267209654483,-1.8351528785932976
2114,60.295381062355666,159.72553147779485,171.27289273248454,-1.8381607097435662
2115,60.32390300230947,162.9483450152948,170.91685585090252,-1.8429870079903763
2116,60.35242494226328,164.40721311989597,172.2168937916979,-1.8643467167836556
2117,60.380946882217096,159.9499672625113,175.08827961844628,-1.8826313539053008
2118,60.40946882217091,153.81082336873087,169.7715867229321,-1.8318019526986948
2119,60.43799076212471,151.94686192607406,165.82348665732215,-1.799105357814205
2120,60.466512702078525,155.1762650962219,162.3083672159102,-1.8347596905668755
2121,60.49503464203234,156.79496181237968,161.04033100848795,-1.8169180143294064
2122,60.52355658198615,159.32775460622776,166.23543279893855,-1.8403679136473519
2123,60.55207852193996,164.84098920320307,167.65174388937712,-1.8734568132892324
2124,60.580600461893766,172.2945215340293,168.52348518237196,-1.915235864731802
2125,60.60912240184758,177.02499987910218,171.61730218288022,-1.928150429396919
2126,60.63764434180139,173.79164765251832,175.4825032112491,-1.8998374586107163
2127,60.6661662817552,176.96823202221162,173.90267915558962,-1.8721854186483218
2128,60.694688221709015,177.73819771453236,161.60237431494897,-1.906982586239988
2129,60.72321016166282,174.8829325755909,171.34498280603458,-1.895797587610545
2130,60.75173210161663,173.66355908561454,174.7263747316635,-1.7793167587360548
2131,60.780254041570444,167.47645164537454,172.28622076839508,-1.79413245677404
2132,60.808775981524256,168.01409826501424,164.9954912780037,-1.7590095276304514
2133,60.83729792147806,163.3825322699603,168.43771884317107,-1.8357901246464272
2134,60.86581986143187,157.67241618293275,176.85441198737854,-1.8473140847362035
2135,60.894341801385686,163.71794821750413,166.1032902154406,-1.7858168927463884
2136,60.9228637413395,159.80131204062545,162.1551474259468,-1.6952236400443093
2137,60.95138568129331,130.63429817894053,143.1454214373597,-1.332591858544638
2138,60.979907621247115,157.08301835854846,140.7748817773632,-1.3646794399701099
2139,61.00842956120093,167.37314648171306,178.21410688202005,-1.9663819770390945
2140,61.03695150115474,175.3686287967291,135.09285634253365,-1.9591136210867681
2141,61.06547344110855,164.23690719816008,163.1371451958404,-1.5093725862191665
2142,61.09399538106236,162.98384115086833,174.27480994713008,-1.237037126659686
2143,61.12251732101617,149.89834841975468,160.71557504100738,-1.0107821188623884
2144,61.15103926096998,172.20568908524115,173.76746805750588,-1.1854129663672972
2145,61.17956120092379,130.49990663735244,155.12080160662865,-1.3230740501311493
2146,61.208083140877605,115.57084965010623,159.86333918012312,-1.3966793829631297
2147,61.23660508083141,118.24656354414257,169.7301542377873,-1.331396920361591
2148,61.26512702078522,122.85656670346353,157.75509824184718,-1.3696160246419875
2149,61.293648960739034,130.40666389635578,116.07491821471926,-1.285796484530154
2150,61.322170900692846,108.93912595892263,130.70515293737787,-1.1448373781983796
2151,61.35069284064666,169.78214327281802,102.14760983216894,-1.173881410400767
2152,61.37921478060046,153.57943458986492,119.49048518924708,-1.3580803976580904
2153,61.407736720554276,154.9008086059943,113.29154314886743,-1.3073320757363744
2154,61.43625866050809,152.1733910036837,130.74686588960338,-1.3919056455457588
2155,61.4647806004619,146.2696408598151,175.44709891293326,-1.5207774196605135
2156,61.49330254041571,153.38025725254377,169.63707886459866,-1.4932620940068086
2157,61.52182448036952,147.32899182735696,166.4315151695895,-1.5135840030913996
2158,61.55034642032333,148.10183398964296,156.79153767683542,-1.5222984120060403
2159,61.57886836027714,145.7813740424102,160.1043948868365,-1.5430612832853234
2160,61.60739030023095,145.84439072946498,162.02237120033539,-1.5842124246238904
2161,61.635912240184766,118.25145108597533,154.01164890322173,-1.4550767273233232
2162,61.66443418013857,110.02876645931497,168.21511874285284,-1.3785000187846725
2163,61.69295612009238,110.97186125303999,168.87497722093954,-1.3957658175620429
2164,61.721478060046195,109.70106509096742,159.64374700815833,-1.373758525551804
